factor_id,name,scope,category_path,unit,gas,value_kgco2e_per_unit,gas_mass_kg_per_unit,co2e_basis,geography,publication_year,source,source_version,licence,retrieved_on
epa.useeio.v1_3.naics111110,Purchased goods and services — Soybean Farming (spend-based),3,Purchased goods and services / NAICS 111110,USD,CO2e,0.532,,AR5 (EPA: 100-year GWPs from IPCC AR5),US,2022,"EPA Supply Chain GHG Emission Factors v1.3 (USEEIO), purchaser price, 2022 USD","v1.3.0, NAICS-6, with margins",US federal work — public domain,2026-09-25
epa.useeio.v1_3.naics111120,Purchased goods and services — Oilseed (except Soybean) Farming (spend-based),3,Purchased goods and services / NAICS 111120,USD,CO2e,0.532,,AR5 (EPA: 100-year GWPs from IPCC AR5),US,2022,"EPA Supply Chain GHG Emission Factors v1.3 (USEEIO), purchaser price, 2022 USD","v1.3.0, NAICS-6, with margins",US federal work — public domain,2026-09-25
epa.useeio.v1_3.naics111130,Purchased goods and services — Dry Pea and Bean Farming (spend-based),3,Purchased goods and services / NAICS 111130,USD,CO2e,0.848,,AR5 (EPA: 100-year GWPs from IPCC AR5),US,2022,"EPA Supply Chain GHG Emission Factors v1.3 (USEEIO), purchaser price, 2022 USD","v1.3.0, NAICS-6, with margins",US federal work — public domain,2026-09-25
epa.useeio.v1_3.naics111140,Purchased goods and services — Wheat Farming (spend-based),3,Purchased goods and services / NAICS 111140,USD,CO2e,0.848,,AR5 (EPA: 100-year GWPs from IPCC AR5),US,2022,"EPA Supply Chain GHG Emission Factors v1.3 (USEEIO), purchaser price, 2022 USD","v1.3.0, NAICS-6, with margins",US federal work — public domain,2026-09-25
epa.useeio.v1_3.naics111150,Purchased goods and services — Corn Farming (spend-based),3,Purchased goods and services / NAICS 111150,USD,CO2e,0.848,,AR5 (EPA: 100-year GWPs from IPCC AR5),US,2022,"EPA Supply Chain GHG Emission Factors v1.3 (USEEIO), purchaser price, 2022 USD","v1.3.0, NAICS-6, with margins",US federal work — public domain,2026-09-25
epa.useeio.v1_3.naics111160,Purchased goods and services — Rice Farming (spend-based),3,Purchased goods and services / NAICS 111160,USD,CO2e,0.848,,AR5 (EPA: 100-year GWPs from IPCC AR5),US,2022,"EPA Supply Chain GHG Emission Factors v1.3 (USEEIO), purchaser price, 2022 USD","v1.3.0, NAICS-6, with margins",US federal work — public domain,2026-09-25
epa.useeio.v1_3.naics111191,Purchased goods and services — Oilseed and Grain Combination Farming (spend-based),3,Purchased goods and services / NAICS 111191,USD,CO2e,0.848,,AR5 (EPA: 100-year GWPs from IPCC AR5),US,2022,"EPA Supply Chain GHG Emission Factors v1.3 (USEEIO), purchaser price, 2022 USD","v1.3.0, NAICS-6, with margins",US federal work — public domain,2026-09-25
epa.useeio.v1_3.naics111199,Purchased goods and services — All Other Grain Farming (spend-based),3,Purchased goods and services / NAICS 111199,USD,CO2e,0.848,,AR5 (EPA: 100-year GWPs from IPCC AR5),US,2022,"EPA Supply Chain GHG Emission Factors v1.3 (USEEIO), purchaser price, 2022 USD","v1.3.0, NAICS-6, with margins",US federal work — public domain,2026-09-25
epa.useeio.v1_3.naics111211,Purchased goods and services — Potato Farming (spend-based),3,Purchased goods and services / NAICS 111211,USD,CO2e,0.631,,AR5 (EPA: 100-year GWPs from IPCC AR5),US,2022,"EPA Supply Chain GHG Emission Factors v1.3 (USEEIO), purchaser price, 2022 USD","v1.3.0, NAICS-6, with margins",US federal work — public domain,2026-09-25
epa.useeio.v1_3.naics111219,Purchased goods and services — Other Vegetable (except Potato) and Melon Farming (spend-based),3,Purchased goods and services / NAICS 111219,USD,CO2e,0.631,,AR5 (EPA: 100-year GWPs from IPCC AR5),US,2022,"EPA Supply Chain GHG Emission Factors v1.3 (USEEIO), purchaser price, 2022 USD","v1.3.0, NAICS-6, with margins",US federal work — public domain,2026-09-25
epa.useeio.v1_3.naics111310,Purchased goods and services — Orange Groves (spend-based),3,Purchased goods and services / NAICS 111310,USD,CO2e,0.488,,AR5 (EPA: 100-year GWPs from IPCC AR5),US,2022,"EPA Supply Chain GHG Emission Factors v1.3 (USEEIO), purchaser price, 2022 USD","v1.3.0, NAICS-6, with margins",US federal work — public domain,2026-09-25
epa.useeio.v1_3.naics111320,Purchased goods and services — Citrus (except Orange) Groves (spend-based),3,Purchased goods and services / NAICS 111320,USD,CO2e,0.488,,AR5 (EPA: 100-year GWPs from IPCC AR5),US,2022,"EPA Supply Chain GHG Emission Factors v1.3 (USEEIO), purchaser price, 2022 USD","v1.3.0, NAICS-6, with margins",US federal work — public domain,2026-09-25
epa.useeio.v1_3.naics111331,Purchased goods and services — Apple Orchards (spend-based),3,Purchased goods and services / NAICS 111331,USD,CO2e,0.488,,AR5 (EPA: 100-year GWPs from IPCC AR5),US,2022,"EPA Supply Chain GHG Emission Factors v1.3 (USEEIO), purchaser price, 2022 USD","v1.3.0, NAICS-6, with margins",US federal work — public domain,2026-09-25
epa.useeio.v1_3.naics111332,Purchased goods and services — Grape Vineyards (spend-based),3,Purchased goods and services / NAICS 111332,USD,CO2e,0.488,,AR5 (EPA: 100-year GWPs from IPCC AR5),US,2022,"EPA Supply Chain GHG Emission Factors v1.3 (USEEIO), purchaser price, 2022 USD","v1.3.0, NAICS-6, with margins",US federal work — public domain,2026-09-25
epa.useeio.v1_3.naics111333,Purchased goods and services — Strawberry Farming (spend-based),3,Purchased goods and services / NAICS 111333,USD,CO2e,0.488,,AR5 (EPA: 100-year GWPs from IPCC AR5),US,2022,"EPA Supply Chain GHG Emission Factors v1.3 (USEEIO), purchaser price, 2022 USD","v1.3.0, NAICS-6, with margins",US federal work — public domain,2026-09-25
epa.useeio.v1_3.naics111334,Purchased goods and services — Berry (except Strawberry) Farming (spend-based),3,Purchased goods and services / NAICS 111334,USD,CO2e,0.488,,AR5 (EPA: 100-year GWPs from IPCC AR5),US,2022,"EPA Supply Chain GHG Emission Factors v1.3 (USEEIO), purchaser price, 2022 USD","v1.3.0, NAICS-6, with margins",US federal work — public domain,2026-09-25
epa.useeio.v1_3.naics111335,Purchased goods and services — Tree Nut Farming (spend-based),3,Purchased goods and services / NAICS 111335,USD,CO2e,0.488,,AR5 (EPA: 100-year GWPs from IPCC AR5),US,2022,"EPA Supply Chain GHG Emission Factors v1.3 (USEEIO), purchaser price, 2022 USD","v1.3.0, NAICS-6, with margins",US federal work — public domain,2026-09-25
epa.useeio.v1_3.naics111336,Purchased goods and services — Fruit and Tree Nut Combination Farming (spend-based),3,Purchased goods and services / NAICS 111336,USD,CO2e,0.488,,AR5 (EPA: 100-year GWPs from IPCC AR5),US,2022,"EPA Supply Chain GHG Emission Factors v1.3 (USEEIO), purchaser price, 2022 USD","v1.3.0, NAICS-6, with margins",US federal work — public domain,2026-09-25
epa.useeio.v1_3.naics111339,Purchased goods and services — Other Noncitrus Fruit Farming (spend-based),3,Purchased goods and services / NAICS 111339,USD,CO2e,0.488,,AR5 (EPA: 100-year GWPs from IPCC AR5),US,2022,"EPA Supply Chain GHG Emission Factors v1.3 (USEEIO), purchaser price, 2022 USD","v1.3.0, NAICS-6, with margins",US federal work — public domain,2026-09-25
epa.useeio.v1_3.naics111411,Purchased goods and services — Mushroom Production (spend-based),3,Purchased goods and services / NAICS 111411,USD,CO2e,0.307,,AR5 (EPA: 100-year GWPs from IPCC AR5),US,2022,"EPA Supply Chain GHG Emission Factors v1.3 (USEEIO), purchaser price, 2022 USD","v1.3.0, NAICS-6, with margins",US federal work — public domain,2026-09-25
epa.useeio.v1_3.naics111419,Purchased goods and services — Other Food Crops Grown Under Cover (spend-based),3,Purchased goods and services / NAICS 111419,USD,CO2e,0.307,,AR5 (EPA: 100-year GWPs from IPCC AR5),US,2022,"EPA Supply Chain GHG Emission Factors v1.3 (USEEIO), purchaser price, 2022 USD","v1.3.0, NAICS-6, with margins",US federal work — public domain,2026-09-25
epa.useeio.v1_3.naics111421,Purchased goods and services — Nursery and Tree Production (spend-based),3,Purchased goods and services / NAICS 111421,USD,CO2e,0.307,,AR5 (EPA: 100-year GWPs from IPCC AR5),US,2022,"EPA Supply Chain GHG Emission Factors v1.3 (USEEIO), purchaser price, 2022 USD","v1.3.0, NAICS-6, with margins",US federal work — public domain,2026-09-25
epa.useeio.v1_3.naics111422,Purchased goods and services — Floriculture Production (spend-based),3,Purchased goods and services / NAICS 111422,USD,CO2e,0.307,,AR5 (EPA: 100-year GWPs from IPCC AR5),US,2022,"EPA Supply Chain GHG Emission Factors v1.3 (USEEIO), purchaser price, 2022 USD","v1.3.0, NAICS-6, with margins",US federal work — public domain,2026-09-25
epa.useeio.v1_3.naics111910,Purchased goods and services — Tobacco Farming (spend-based),3,Purchased goods and services / NAICS 111910,USD,CO2e,0.74,,AR5 (EPA: 100-year GWPs from IPCC AR5),US,2022,"EPA Supply Chain GHG Emission Factors v1.3 (USEEIO), purchaser price, 2022 USD","v1.3.0, NAICS-6, with margins",US federal work — public domain,2026-09-25
epa.useeio.v1_3.naics111920,Purchased goods and services — Cotton Farming (spend-based),3,Purchased goods and services / NAICS 111920,USD,CO2e,0.74,,AR5 (EPA: 100-year GWPs from IPCC AR5),US,2022,"EPA Supply Chain GHG Emission Factors v1.3 (USEEIO), purchaser price, 2022 USD","v1.3.0, NAICS-6, with margins",US federal work — public domain,2026-09-25
epa.useeio.v1_3.naics111930,Purchased goods and services — Sugarcane Farming (spend-based),3,Purchased goods and services / NAICS 111930,USD,CO2e,0.74,,AR5 (EPA: 100-year GWPs from IPCC AR5),US,2022,"EPA Supply Chain GHG Emission Factors v1.3 (USEEIO), purchaser price, 2022 USD","v1.3.0, NAICS-6, with margins",US federal work — public domain,2026-09-25
epa.useeio.v1_3.naics111940,Purchased goods and services — Hay Farming (spend-based),3,Purchased goods and services / NAICS 111940,USD,CO2e,0.74,,AR5 (EPA: 100-year GWPs from IPCC AR5),US,2022,"EPA Supply Chain GHG Emission Factors v1.3 (USEEIO), purchaser price, 2022 USD","v1.3.0, NAICS-6, with margins",US federal work — public domain,2026-09-25
epa.useeio.v1_3.naics111991,Purchased goods and services — Sugar Beet Farming (spend-based),3,Purchased goods and services / NAICS 111991,USD,CO2e,0.74,,AR5 (EPA: 100-year GWPs from IPCC AR5),US,2022,"EPA Supply Chain GHG Emission Factors v1.3 (USEEIO), purchaser price, 2022 USD","v1.3.0, NAICS-6, with margins",US federal work — public domain,2026-09-25
epa.useeio.v1_3.naics111992,Purchased goods and services — Peanut Farming (spend-based),3,Purchased goods and services / NAICS 111992,USD,CO2e,0.74,,AR5 (EPA: 100-year GWPs from IPCC AR5),US,2022,"EPA Supply Chain GHG Emission Factors v1.3 (USEEIO), purchaser price, 2022 USD","v1.3.0, NAICS-6, with margins",US federal work — public domain,2026-09-25
epa.useeio.v1_3.naics111998,Purchased goods and services — All Other Miscellaneous Crop Farming (spend-based),3,Purchased goods and services / NAICS 111998,USD,CO2e,0.74,,AR5 (EPA: 100-year GWPs from IPCC AR5),US,2022,"EPA Supply Chain GHG Emission Factors v1.3 (USEEIO), purchaser price, 2022 USD","v1.3.0, NAICS-6, with margins",US federal work — public domain,2026-09-25
epa.useeio.v1_3.naics112111,Purchased goods and services — Beef Cattle Ranching and Farming (spend-based),3,Purchased goods and services / NAICS 112111,USD,CO2e,2.893,,AR5 (EPA: 100-year GWPs from IPCC AR5),US,2022,"EPA Supply Chain GHG Emission Factors v1.3 (USEEIO), purchaser price, 2022 USD","v1.3.0, NAICS-6, with margins",US federal work — public domain,2026-09-25
epa.useeio.v1_3.naics112112,Purchased goods and services — Cattle Feedlots (spend-based),3,Purchased goods and services / NAICS 112112,USD,CO2e,2.893,,AR5 (EPA: 100-year GWPs from IPCC AR5),US,2022,"EPA Supply Chain GHG Emission Factors v1.3 (USEEIO), purchaser price, 2022 USD","v1.3.0, NAICS-6, with margins",US federal work — public domain,2026-09-25
epa.useeio.v1_3.naics112120,Purchased goods and services — Dairy Cattle and Milk Production (spend-based),3,Purchased goods and services / NAICS 112120,USD,CO2e,1.724,,AR5 (EPA: 100-year GWPs from IPCC AR5),US,2022,"EPA Supply Chain GHG Emission Factors v1.3 (USEEIO), purchaser price, 2022 USD","v1.3.0, NAICS-6, with margins",US federal work — public domain,2026-09-25
epa.useeio.v1_3.naics112130,Purchased goods and services — Dual-Purpose Cattle Ranching and Farming (spend-based),3,Purchased goods and services / NAICS 112130,USD,CO2e,2.893,,AR5 (EPA: 100-year GWPs from IPCC AR5),US,2022,"EPA Supply Chain GHG Emission Factors v1.3 (USEEIO), purchaser price, 2022 USD","v1.3.0, NAICS-6, with margins",US federal work — public domain,2026-09-25
epa.useeio.v1_3.naics112210,Purchased goods and services — Hog and Pig Farming (spend-based),3,Purchased goods and services / NAICS 112210,USD,CO2e,1.128,,AR5 (EPA: 100-year GWPs from IPCC AR5),US,2022,"EPA Supply Chain GHG Emission Factors v1.3 (USEEIO), purchaser price, 2022 USD","v1.3.0, NAICS-6, with margins",US federal work — public domain,2026-09-25
epa.useeio.v1_3.naics112310,Purchased goods and services — Chicken Egg Production (spend-based),3,Purchased goods and services / NAICS 112310,USD,CO2e,0.438,,AR5 (EPA: 100-year GWPs from IPCC AR5),US,2022,"EPA Supply Chain GHG Emission Factors v1.3 (USEEIO), purchaser price, 2022 USD","v1.3.0, NAICS-6, with margins",US federal work — public domain,2026-09-25
epa.useeio.v1_3.naics112320,Purchased goods and services — Broilers and Other Meat Type Chicken Production (spend-based),3,Purchased goods and services / NAICS 112320,USD,CO2e,0.438,,AR5 (EPA: 100-year GWPs from IPCC AR5),US,2022,"EPA Supply Chain GHG Emission Factors v1.3 (USEEIO), purchaser price, 2022 USD","v1.3.0, NAICS-6, with margins",US federal work — public domain,2026-09-25
epa.useeio.v1_3.naics112330,Purchased goods and services — Turkey Production (spend-based),3,Purchased goods and services / NAICS 112330,USD,CO2e,0.438,,AR5 (EPA: 100-year GWPs from IPCC AR5),US,2022,"EPA Supply Chain GHG Emission Factors v1.3 (USEEIO), purchaser price, 2022 USD","v1.3.0, NAICS-6, with margins",US federal work — public domain,2026-09-25
epa.useeio.v1_3.naics112340,Purchased goods and services — Poultry Hatcheries (spend-based),3,Purchased goods and services / NAICS 112340,USD,CO2e,0.438,,AR5 (EPA: 100-year GWPs from IPCC AR5),US,2022,"EPA Supply Chain GHG Emission Factors v1.3 (USEEIO), purchaser price, 2022 USD","v1.3.0, NAICS-6, with margins",US federal work — public domain,2026-09-25
epa.useeio.v1_3.naics112390,Purchased goods and services — Other Poultry Production (spend-based),3,Purchased goods and services / NAICS 112390,USD,CO2e,0.438,,AR5 (EPA: 100-year GWPs from IPCC AR5),US,2022,"EPA Supply Chain GHG Emission Factors v1.3 (USEEIO), purchaser price, 2022 USD","v1.3.0, NAICS-6, with margins",US federal work — public domain,2026-09-25
epa.useeio.v1_3.naics112410,Purchased goods and services — Sheep Farming (spend-based),3,Purchased goods and services / NAICS 112410,USD,CO2e,1.128,,AR5 (EPA: 100-year GWPs from IPCC AR5),US,2022,"EPA Supply Chain GHG Emission Factors v1.3 (USEEIO), purchaser price, 2022 USD","v1.3.0, NAICS-6, with margins",US federal work — public domain,2026-09-25
epa.useeio.v1_3.naics112420,Purchased goods and services — Goat Farming (spend-based),3,Purchased goods and services / NAICS 112420,USD,CO2e,1.128,,AR5 (EPA: 100-year GWPs from IPCC AR5),US,2022,"EPA Supply Chain GHG Emission Factors v1.3 (USEEIO), purchaser price, 2022 USD","v1.3.0, NAICS-6, with margins",US federal work — public domain,2026-09-25
epa.useeio.v1_3.naics112511,Purchased goods and services — Finfish Farming and Fish Hatcheries (spend-based),3,Purchased goods and services / NAICS 112511,USD,CO2e,1.128,,AR5 (EPA: 100-year GWPs from IPCC AR5),US,2022,"EPA Supply Chain GHG Emission Factors v1.3 (USEEIO), purchaser price, 2022 USD","v1.3.0, NAICS-6, with margins",US federal work — public domain,2026-09-25
epa.useeio.v1_3.naics112512,Purchased goods and services — Shellfish Farming (spend-based),3,Purchased goods and services / NAICS 112512,USD,CO2e,1.128,,AR5 (EPA: 100-year GWPs from IPCC AR5),US,2022,"EPA Supply Chain GHG Emission Factors v1.3 (USEEIO), purchaser price, 2022 USD","v1.3.0, NAICS-6, with margins",US federal work — public domain,2026-09-25
epa.useeio.v1_3.naics112519,Purchased goods and services — Other Aquaculture (spend-based),3,Purchased goods and services / NAICS 112519,USD,CO2e,1.128,,AR5 (EPA: 100-year GWPs from IPCC AR5),US,2022,"EPA Supply Chain GHG Emission Factors v1.3 (USEEIO), purchaser price, 2022 USD","v1.3.0, NAICS-6, with margins",US federal work — public domain,2026-09-25
epa.useeio.v1_3.naics112910,Purchased goods and services — Apiculture (spend-based),3,Purchased goods and services / NAICS 112910,USD,CO2e,1.128,,AR5 (EPA: 100-year GWPs from IPCC AR5),US,2022,"EPA Supply Chain GHG Emission Factors v1.3 (USEEIO), purchaser price, 2022 USD","v1.3.0, NAICS-6, with margins",US federal work — public domain,2026-09-25
epa.useeio.v1_3.naics112920,Purchased goods and services — Horses and Other Equine Production (spend-based),3,Purchased goods and services / NAICS 112920,USD,CO2e,1.128,,AR5 (EPA: 100-year GWPs from IPCC AR5),US,2022,"EPA Supply Chain GHG Emission Factors v1.3 (USEEIO), purchaser price, 2022 USD","v1.3.0, NAICS-6, with margins",US federal work — public domain,2026-09-25
epa.useeio.v1_3.naics112930,Purchased goods and services — Fur-Bearing Animal and Rabbit Production (spend-based),3,Purchased goods and services / NAICS 112930,USD,CO2e,1.128,,AR5 (EPA: 100-year GWPs from IPCC AR5),US,2022,"EPA Supply Chain GHG Emission Factors v1.3 (USEEIO), purchaser price, 2022 USD","v1.3.0, NAICS-6, with margins",US federal work — public domain,2026-09-25
epa.useeio.v1_3.naics112990,Purchased goods and services — All Other Animal Production (spend-based),3,Purchased goods and services / NAICS 112990,USD,CO2e,1.128,,AR5 (EPA: 100-year GWPs from IPCC AR5),US,2022,"EPA Supply Chain GHG Emission Factors v1.3 (USEEIO), purchaser price, 2022 USD","v1.3.0, NAICS-6, with margins",US federal work — public domain,2026-09-25
epa.useeio.v1_3.naics113110,Purchased goods and services — Timber Tract Operations (spend-based),3,Purchased goods and services / NAICS 113110,USD,CO2e,0.243,,AR5 (EPA: 100-year GWPs from IPCC AR5),US,2022,"EPA Supply Chain GHG Emission Factors v1.3 (USEEIO), purchaser price, 2022 USD","v1.3.0, NAICS-6, with margins",US federal work — public domain,2026-09-25
epa.useeio.v1_3.naics113210,Purchased goods and services — Forest Nurseries and Gathering of Forest Products (spend-based),3,Purchased goods and services / NAICS 113210,USD,CO2e,0.243,,AR5 (EPA: 100-year GWPs from IPCC AR5),US,2022,"EPA Supply Chain GHG Emission Factors v1.3 (USEEIO), purchaser price, 2022 USD","v1.3.0, NAICS-6, with margins",US federal work — public domain,2026-09-25
epa.useeio.v1_3.naics113310,Purchased goods and services — Logging (spend-based),3,Purchased goods and services / NAICS 113310,USD,CO2e,0.243,,AR5 (EPA: 100-year GWPs from IPCC AR5),US,2022,"EPA Supply Chain GHG Emission Factors v1.3 (USEEIO), purchaser price, 2022 USD","v1.3.0, NAICS-6, with margins",US federal work — public domain,2026-09-25
epa.useeio.v1_3.naics114111,Purchased goods and services — Finfish Fishing (spend-based),3,Purchased goods and services / NAICS 114111,USD,CO2e,0.154,,AR5 (EPA: 100-year GWPs from IPCC AR5),US,2022,"EPA Supply Chain GHG Emission Factors v1.3 (USEEIO), purchaser price, 2022 USD","v1.3.0, NAICS-6, with margins",US federal work — public domain,2026-09-25
epa.useeio.v1_3.naics114112,Purchased goods and services — Shellfish Fishing (spend-based),3,Purchased goods and services / NAICS 114112,USD,CO2e,0.154,,AR5 (EPA: 100-year GWPs from IPCC AR5),US,2022,"EPA Supply Chain GHG Emission Factors v1.3 (USEEIO), purchaser price, 2022 USD","v1.3.0, NAICS-6, with margins",US federal work — public domain,2026-09-25
epa.useeio.v1_3.naics114119,Purchased goods and services — Other Marine Fishing (spend-based),3,Purchased goods and services / NAICS 114119,USD,CO2e,0.154,,AR5 (EPA: 100-year GWPs from IPCC AR5),US,2022,"EPA Supply Chain GHG Emission Factors v1.3 (USEEIO), purchaser price, 2022 USD","v1.3.0, NAICS-6, with margins",US federal work — public domain,2026-09-25
epa.useeio.v1_3.naics114210,Purchased goods and services — Hunting and Trapping (spend-based),3,Purchased goods and services / NAICS 114210,USD,CO2e,0.154,,AR5 (EPA: 100-year GWPs from IPCC AR5),US,2022,"EPA Supply Chain GHG Emission Factors v1.3 (USEEIO), purchaser price, 2022 USD","v1.3.0, NAICS-6, with margins",US federal work — public domain,2026-09-25
epa.useeio.v1_3.naics115111,Purchased goods and services — Cotton Ginning (spend-based),3,Purchased goods and services / NAICS 115111,USD,CO2e,0.384,,AR5 (EPA: 100-year GWPs from IPCC AR5),US,2022,"EPA Supply Chain GHG Emission Factors v1.3 (USEEIO), purchaser price, 2022 USD","v1.3.0, NAICS-6, with margins",US federal work — public domain,2026-09-25
epa.useeio.v1_3.naics115112,"Purchased goods and services — Soil Preparation, Planting, and Cultivating (spend-based)",3,Purchased goods and services / NAICS 115112,USD,CO2e,0.384,,AR5 (EPA: 100-year GWPs from IPCC AR5),US,2022,"EPA Supply Chain GHG Emission Factors v1.3 (USEEIO), purchaser price, 2022 USD","v1.3.0, NAICS-6, with margins",US federal work — public domain,2026-09-25
epa.useeio.v1_3.naics115113,"Purchased goods and services — Crop Harvesting, Primarily by Machine (spend-based)",3,Purchased goods and services / NAICS 115113,USD,CO2e,0.384,,AR5 (EPA: 100-year GWPs from IPCC AR5),US,2022,"EPA Supply Chain GHG Emission Factors v1.3 (USEEIO), purchaser price, 2022 USD","v1.3.0, NAICS-6, with margins",US federal work — public domain,2026-09-25
epa.useeio.v1_3.naics115114,Purchased goods and services — Postharvest Crop Activities (except Cotton Ginning) (spend-based),3,Purchased goods and services / NAICS 115114,USD,CO2e,0.384,,AR5 (EPA: 100-year GWPs from IPCC AR5),US,2022,"EPA Supply Chain GHG Emission Factors v1.3 (USEEIO), purchaser price, 2022 USD","v1.3.0, NAICS-6, with margins",US federal work — public domain,2026-09-25
epa.useeio.v1_3.naics115115,Purchased goods and services — Farm Labor Contractors and Crew Leaders (spend-based),3,Purchased goods and services / NAICS 115115,USD,CO2e,0.384,,AR5 (EPA: 100-year GWPs from IPCC AR5),US,2022,"EPA Supply Chain GHG Emission Factors v1.3 (USEEIO), purchaser price, 2022 USD","v1.3.0, NAICS-6, with margins",US federal work — public domain,2026-09-25
epa.useeio.v1_3.naics115116,Purchased goods and services — Farm Management Services (spend-based),3,Purchased goods and services / NAICS 115116,USD,CO2e,0.384,,AR5 (EPA: 100-year GWPs from IPCC AR5),US,2022,"EPA Supply Chain GHG Emission Factors v1.3 (USEEIO), purchaser price, 2022 USD","v1.3.0, NAICS-6, with margins",US federal work — public domain,2026-09-25
epa.useeio.v1_3.naics115210,Purchased goods and services — Support Activities for Animal Production (spend-based),3,Purchased goods and services / NAICS 115210,USD,CO2e,0.384,,AR5 (EPA: 100-year GWPs from IPCC AR5),US,2022,"EPA Supply Chain GHG Emission Factors v1.3 (USEEIO), purchaser price, 2022 USD","v1.3.0, NAICS-6, with margins",US federal work — public domain,2026-09-25
epa.useeio.v1_3.naics115310,Purchased goods and services — Support Activities for Forestry (spend-based),3,Purchased goods and services / NAICS 115310,USD,CO2e,0.384,,AR5 (EPA: 100-year GWPs from IPCC AR5),US,2022,"EPA Supply Chain GHG Emission Factors v1.3 (USEEIO), purchaser price, 2022 USD","v1.3.0, NAICS-6, with margins",US federal work — public domain,2026-09-25
epa.useeio.v1_3.naics211120,Purchased goods and services — Crude Petroleum Extraction (spend-based),3,Purchased goods and services / NAICS 211120,USD,CO2e,0.405,,AR5 (EPA: 100-year GWPs from IPCC AR5),US,2022,"EPA Supply Chain GHG Emission Factors v1.3 (USEEIO), purchaser price, 2022 USD","v1.3.0, NAICS-6, with margins",US federal work — public domain,2026-09-25
epa.useeio.v1_3.naics211130,Purchased goods and services — Natural Gas Extraction (spend-based),3,Purchased goods and services / NAICS 211130,USD,CO2e,0.405,,AR5 (EPA: 100-year GWPs from IPCC AR5),US,2022,"EPA Supply Chain GHG Emission Factors v1.3 (USEEIO), purchaser price, 2022 USD","v1.3.0, NAICS-6, with margins",US federal work — public domain,2026-09-25
epa.useeio.v1_3.naics212111,Purchased goods and services — Bituminous Coal and Lignite Surface Mining (spend-based),3,Purchased goods and services / NAICS 212111,USD,CO2e,0.841,,AR5 (EPA: 100-year GWPs from IPCC AR5),US,2022,"EPA Supply Chain GHG Emission Factors v1.3 (USEEIO), purchaser price, 2022 USD","v1.3.0, NAICS-6, with margins",US federal work — public domain,2026-09-25
epa.useeio.v1_3.naics212112,Purchased goods and services — Bituminous Coal Underground Mining (spend-based),3,Purchased goods and services / NAICS 212112,USD,CO2e,0.841,,AR5 (EPA: 100-year GWPs from IPCC AR5),US,2022,"EPA Supply Chain GHG Emission Factors v1.3 (USEEIO), purchaser price, 2022 USD","v1.3.0, NAICS-6, with margins",US federal work — public domain,2026-09-25
epa.useeio.v1_3.naics212113,Purchased goods and services — Anthracite Mining (spend-based),3,Purchased goods and services / NAICS 212113,USD,CO2e,0.841,,AR5 (EPA: 100-year GWPs from IPCC AR5),US,2022,"EPA Supply Chain GHG Emission Factors v1.3 (USEEIO), purchaser price, 2022 USD","v1.3.0, NAICS-6, with margins",US federal work — public domain,2026-09-25
epa.useeio.v1_3.naics212210,Purchased goods and services — Iron Ore Mining (spend-based),3,Purchased goods and services / NAICS 212210,USD,CO2e,0.593,,AR5 (EPA: 100-year GWPs from IPCC AR5),US,2022,"EPA Supply Chain GHG Emission Factors v1.3 (USEEIO), purchaser price, 2022 USD","v1.3.0, NAICS-6, with margins",US federal work — public domain,2026-09-25
epa.useeio.v1_3.naics212221,Purchased goods and services — Gold Ore Mining (spend-based),3,Purchased goods and services / NAICS 212221,USD,CO2e,0.593,,AR5 (EPA: 100-year GWPs from IPCC AR5),US,2022,"EPA Supply Chain GHG Emission Factors v1.3 (USEEIO), purchaser price, 2022 USD","v1.3.0, NAICS-6, with margins",US federal work — public domain,2026-09-25
epa.useeio.v1_3.naics212222,Purchased goods and services — Silver Ore Mining (spend-based),3,Purchased goods and services / NAICS 212222,USD,CO2e,0.593,,AR5 (EPA: 100-year GWPs from IPCC AR5),US,2022,"EPA Supply Chain GHG Emission Factors v1.3 (USEEIO), purchaser price, 2022 USD","v1.3.0, NAICS-6, with margins",US federal work — public domain,2026-09-25
epa.useeio.v1_3.naics212230,"Purchased goods and services — Copper, Nickel, Lead, and Zinc Mining (spend-based)",3,Purchased goods and services / NAICS 212230,USD,CO2e,0.324,,AR5 (EPA: 100-year GWPs from IPCC AR5),US,2022,"EPA Supply Chain GHG Emission Factors v1.3 (USEEIO), purchaser price, 2022 USD","v1.3.0, NAICS-6, with margins",US federal work — public domain,2026-09-25
epa.useeio.v1_3.naics212291,Purchased goods and services — Uranium-Radium-Vanadium Ore Mining (spend-based),3,Purchased goods and services / NAICS 212291,USD,CO2e,0.593,,AR5 (EPA: 100-year GWPs from IPCC AR5),US,2022,"EPA Supply Chain GHG Emission Factors v1.3 (USEEIO), purchaser price, 2022 USD","v1.3.0, NAICS-6, with margins",US federal work — public domain,2026-09-25
epa.useeio.v1_3.naics212299,Purchased goods and services — All Other Metal Ore Mining (spend-based),3,Purchased goods and services / NAICS 212299,USD,CO2e,0.593,,AR5 (EPA: 100-year GWPs from IPCC AR5),US,2022,"EPA Supply Chain GHG Emission Factors v1.3 (USEEIO), purchaser price, 2022 USD","v1.3.0, NAICS-6, with margins",US federal work — public domain,2026-09-25
epa.useeio.v1_3.naics212311,Purchased goods and services — Dimension Stone Mining and Quarrying (spend-based),3,Purchased goods and services / NAICS 212311,USD,CO2e,0.279,,AR5 (EPA: 100-year GWPs from IPCC AR5),US,2022,"EPA Supply Chain GHG Emission Factors v1.3 (USEEIO), purchaser price, 2022 USD","v1.3.0, NAICS-6, with margins",US federal work — public domain,2026-09-25
epa.useeio.v1_3.naics212312,Purchased goods and services — Crushed and Broken Limestone Mining and Quarrying (spend-based),3,Purchased goods and services / NAICS 212312,USD,CO2e,0.279,,AR5 (EPA: 100-year GWPs from IPCC AR5),US,2022,"EPA Supply Chain GHG Emission Factors v1.3 (USEEIO), purchaser price, 2022 USD","v1.3.0, NAICS-6, with margins",US federal work — public domain,2026-09-25
epa.useeio.v1_3.naics212313,Purchased goods and services — Crushed and Broken Granite Mining and Quarrying (spend-based),3,Purchased goods and services / NAICS 212313,USD,CO2e,0.279,,AR5 (EPA: 100-year GWPs from IPCC AR5),US,2022,"EPA Supply Chain GHG Emission Factors v1.3 (USEEIO), purchaser price, 2022 USD","v1.3.0, NAICS-6, with margins",US federal work — public domain,2026-09-25
epa.useeio.v1_3.naics212319,Purchased goods and services — Other Crushed and Broken Stone Mining and Quarrying (spend-based),3,Purchased goods and services / NAICS 212319,USD,CO2e,0.279,,AR5 (EPA: 100-year GWPs from IPCC AR5),US,2022,"EPA Supply Chain GHG Emission Factors v1.3 (USEEIO), purchaser price, 2022 USD","v1.3.0, NAICS-6, with margins",US federal work — public domain,2026-09-25
epa.useeio.v1_3.naics212321,Purchased goods and services — Construction Sand and Gravel Mining (spend-based),3,Purchased goods and services / NAICS 212321,USD,CO2e,0.309,,AR5 (EPA: 100-year GWPs from IPCC AR5),US,2022,"EPA Supply Chain GHG Emission Factors v1.3 (USEEIO), purchaser price, 2022 USD","v1.3.0, NAICS-6, with margins",US federal work — public domain,2026-09-25
epa.useeio.v1_3.naics212322,Purchased goods and services — Industrial Sand Mining (spend-based),3,Purchased goods and services / NAICS 212322,USD,CO2e,0.309,,AR5 (EPA: 100-year GWPs from IPCC AR5),US,2022,"EPA Supply Chain GHG Emission Factors v1.3 (USEEIO), purchaser price, 2022 USD","v1.3.0, NAICS-6, with margins",US federal work — public domain,2026-09-25
epa.useeio.v1_3.naics212324,Purchased goods and services — Kaolin and Ball Clay Mining (spend-based),3,Purchased goods and services / NAICS 212324,USD,CO2e,0.309,,AR5 (EPA: 100-year GWPs from IPCC AR5),US,2022,"EPA Supply Chain GHG Emission Factors v1.3 (USEEIO), purchaser price, 2022 USD","v1.3.0, NAICS-6, with margins",US federal work — public domain,2026-09-25
epa.useeio.v1_3.naics212325,Purchased goods and services — Clay and Ceramic and Refractory Minerals Mining (spend-based),3,Purchased goods and services / NAICS 212325,USD,CO2e,0.309,,AR5 (EPA: 100-year GWPs from IPCC AR5),US,2022,"EPA Supply Chain GHG Emission Factors v1.3 (USEEIO), purchaser price, 2022 USD","v1.3.0, NAICS-6, with margins",US federal work — public domain,2026-09-25
epa.useeio.v1_3.naics212391,"Purchased goods and services — Potash, Soda, and Borate Mineral Mining (spend-based)",3,Purchased goods and services / NAICS 212391,USD,CO2e,0.309,,AR5 (EPA: 100-year GWPs from IPCC AR5),US,2022,"EPA Supply Chain GHG Emission Factors v1.3 (USEEIO), purchaser price, 2022 USD","v1.3.0, NAICS-6, with margins",US federal work — public domain,2026-09-25
epa.useeio.v1_3.naics212392,Purchased goods and services — Phosphate Rock Mining (spend-based),3,Purchased goods and services / NAICS 212392,USD,CO2e,0.309,,AR5 (EPA: 100-year GWPs from IPCC AR5),US,2022,"EPA Supply Chain GHG Emission Factors v1.3 (USEEIO), purchaser price, 2022 USD","v1.3.0, NAICS-6, with margins",US federal work — public domain,2026-09-25
epa.useeio.v1_3.naics212393,Purchased goods and services — Other Chemical and Fertilizer Mineral Mining (spend-based),3,Purchased goods and services / NAICS 212393,USD,CO2e,0.309,,AR5 (EPA: 100-year GWPs from IPCC AR5),US,2022,"EPA Supply Chain GHG Emission Factors v1.3 (USEEIO), purchaser price, 2022 USD","v1.3.0, NAICS-6, with margins",US federal work — public domain,2026-09-25
epa.useeio.v1_3.naics212399,Purchased goods and services — All Other Nonmetallic Mineral Mining (spend-based),3,Purchased goods and services / NAICS 212399,USD,CO2e,0.309,,AR5 (EPA: 100-year GWPs from IPCC AR5),US,2022,"EPA Supply Chain GHG Emission Factors v1.3 (USEEIO), purchaser price, 2022 USD","v1.3.0, NAICS-6, with margins",US federal work — public domain,2026-09-25
epa.useeio.v1_3.naics213111,Purchased goods and services — Drilling Oil and Gas Wells (spend-based),3,Purchased goods and services / NAICS 213111,USD,CO2e,0.407,,AR5 (EPA: 100-year GWPs from IPCC AR5),US,2022,"EPA Supply Chain GHG Emission Factors v1.3 (USEEIO), purchaser price, 2022 USD","v1.3.0, NAICS-6, with margins",US federal work — public domain,2026-09-25
epa.useeio.v1_3.naics213112,Purchased goods and services — Support Activities for Oil and Gas Operations (spend-based),3,Purchased goods and services / NAICS 213112,USD,CO2e,0.372,,AR5 (EPA: 100-year GWPs from IPCC AR5),US,2022,"EPA Supply Chain GHG Emission Factors v1.3 (USEEIO), purchaser price, 2022 USD","v1.3.0, NAICS-6, with margins",US federal work — public domain,2026-09-25
epa.useeio.v1_3.naics213113,Purchased goods and services — Support Activities for Coal Mining (spend-based),3,Purchased goods and services / NAICS 213113,USD,CO2e,0.372,,AR5 (EPA: 100-year GWPs from IPCC AR5),US,2022,"EPA Supply Chain GHG Emission Factors v1.3 (USEEIO), purchaser price, 2022 USD","v1.3.0, NAICS-6, with margins",US federal work — public domain,2026-09-25
epa.useeio.v1_3.naics213114,Purchased goods and services — Support Activities for Metal Mining (spend-based),3,Purchased goods and services / NAICS 213114,USD,CO2e,0.372,,AR5 (EPA: 100-year GWPs from IPCC AR5),US,2022,"EPA Supply Chain GHG Emission Factors v1.3 (USEEIO), purchaser price, 2022 USD","v1.3.0, NAICS-6, with margins",US federal work — public domain,2026-09-25
epa.useeio.v1_3.naics213115,Purchased goods and services — Support Activities for Nonmetallic Minerals (except Fuels) Mining (spend-based),3,Purchased goods and services / NAICS 213115,USD,CO2e,0.372,,AR5 (EPA: 100-year GWPs from IPCC AR5),US,2022,"EPA Supply Chain GHG Emission Factors v1.3 (USEEIO), purchaser price, 2022 USD","v1.3.0, NAICS-6, with margins",US federal work — public domain,2026-09-25
epa.useeio.v1_3.naics221210,Purchased goods and services — Natural Gas Distribution (spend-based),3,Purchased goods and services / NAICS 221210,USD,CO2e,0.532,,AR5 (EPA: 100-year GWPs from IPCC AR5),US,2022,"EPA Supply Chain GHG Emission Factors v1.3 (USEEIO), purchaser price, 2022 USD","v1.3.0, NAICS-6, with margins",US federal work — public domain,2026-09-25
epa.useeio.v1_3.naics221310,Purchased goods and services — Water Supply and Irrigation Systems (spend-based),3,Purchased goods and services / NAICS 221310,USD,CO2e,0.578,,AR5 (EPA: 100-year GWPs from IPCC AR5),US,2022,"EPA Supply Chain GHG Emission Factors v1.3 (USEEIO), purchaser price, 2022 USD","v1.3.0, NAICS-6, with margins",US federal work — public domain,2026-09-25
epa.useeio.v1_3.naics221320,Purchased goods and services — Sewage Treatment Facilities (spend-based),3,Purchased goods and services / NAICS 221320,USD,CO2e,0.578,,AR5 (EPA: 100-year GWPs from IPCC AR5),US,2022,"EPA Supply Chain GHG Emission Factors v1.3 (USEEIO), purchaser price, 2022 USD","v1.3.0, NAICS-6, with margins",US federal work — public domain,2026-09-25
epa.useeio.v1_3.naics221330,Purchased goods and services — Steam and Air-Conditioning Supply (spend-based),3,Purchased goods and services / NAICS 221330,USD,CO2e,0.578,,AR5 (EPA: 100-year GWPs from IPCC AR5),US,2022,"EPA Supply Chain GHG Emission Factors v1.3 (USEEIO), purchaser price, 2022 USD","v1.3.0, NAICS-6, with margins",US federal work — public domain,2026-09-25
epa.useeio.v1_3.naics236115,Purchased goods and services — New Single-Family Housing Construction (except For-Sale Builders) (spend-based),3,Purchased goods and services / NAICS 236115,USD,CO2e,0.194,,AR5 (EPA: 100-year GWPs from IPCC AR5),US,2022,"EPA Supply Chain GHG Emission Factors v1.3 (USEEIO), purchaser price, 2022 USD","v1.3.0, NAICS-6, with margins",US federal work — public domain,2026-09-25
epa.useeio.v1_3.naics236116,Purchased goods and services — New Multifamily Housing Construction (except For-Sale Builders) (spend-based),3,Purchased goods and services / NAICS 236116,USD,CO2e,0.221,,AR5 (EPA: 100-year GWPs from IPCC AR5),US,2022,"EPA Supply Chain GHG Emission Factors v1.3 (USEEIO), purchaser price, 2022 USD","v1.3.0, NAICS-6, with margins",US federal work — public domain,2026-09-25
epa.useeio.v1_3.naics236117,Purchased goods and services — New Housing For-Sale Builders (spend-based),3,Purchased goods and services / NAICS 236117,USD,CO2e,0.216,,AR5 (EPA: 100-year GWPs from IPCC AR5),US,2022,"EPA Supply Chain GHG Emission Factors v1.3 (USEEIO), purchaser price, 2022 USD","v1.3.0, NAICS-6, with margins",US federal work — public domain,2026-09-25
epa.useeio.v1_3.naics236118,Purchased goods and services — Residential Remodelers (spend-based),3,Purchased goods and services / NAICS 236118,USD,CO2e,0.211,,AR5 (EPA: 100-year GWPs from IPCC AR5),US,2022,"EPA Supply Chain GHG Emission Factors v1.3 (USEEIO), purchaser price, 2022 USD","v1.3.0, NAICS-6, with margins",US federal work — public domain,2026-09-25
epa.useeio.v1_3.naics236210,Purchased goods and services — Industrial Building Construction (spend-based),3,Purchased goods and services / NAICS 236210,USD,CO2e,0.239,,AR5 (EPA: 100-year GWPs from IPCC AR5),US,2022,"EPA Supply Chain GHG Emission Factors v1.3 (USEEIO), purchaser price, 2022 USD","v1.3.0, NAICS-6, with margins",US federal work — public domain,2026-09-25
epa.useeio.v1_3.naics236220,Purchased goods and services — Commercial and Institutional Building Construction (spend-based),3,Purchased goods and services / NAICS 236220,USD,CO2e,0.224,,AR5 (EPA: 100-year GWPs from IPCC AR5),US,2022,"EPA Supply Chain GHG Emission Factors v1.3 (USEEIO), purchaser price, 2022 USD","v1.3.0, NAICS-6, with margins",US federal work — public domain,2026-09-25
epa.useeio.v1_3.naics237110,Purchased goods and services — Water and Sewer Line and Related Structures Construction (spend-based),3,Purchased goods and services / NAICS 237110,USD,CO2e,0.277,,AR5 (EPA: 100-year GWPs from IPCC AR5),US,2022,"EPA Supply Chain GHG Emission Factors v1.3 (USEEIO), purchaser price, 2022 USD","v1.3.0, NAICS-6, with margins",US federal work — public domain,2026-09-25
epa.useeio.v1_3.naics237120,Purchased goods and services — Oil and Gas Pipeline and Related Structures Construction (spend-based),3,Purchased goods and services / NAICS 237120,USD,CO2e,0.277,,AR5 (EPA: 100-year GWPs from IPCC AR5),US,2022,"EPA Supply Chain GHG Emission Factors v1.3 (USEEIO), purchaser price, 2022 USD","v1.3.0, NAICS-6, with margins",US federal work — public domain,2026-09-25
epa.useeio.v1_3.naics237130,Purchased goods and services — Power and Communication Line and Related Structures Construction (spend-based),3,Purchased goods and services / NAICS 237130,USD,CO2e,0.277,,AR5 (EPA: 100-year GWPs from IPCC AR5),US,2022,"EPA Supply Chain GHG Emission Factors v1.3 (USEEIO), purchaser price, 2022 USD","v1.3.0, NAICS-6, with margins",US federal work — public domain,2026-09-25
epa.useeio.v1_3.naics237210,Purchased goods and services — Land Subdivision (spend-based),3,Purchased goods and services / NAICS 237210,USD,CO2e,0.221,,AR5 (EPA: 100-year GWPs from IPCC AR5),US,2022,"EPA Supply Chain GHG Emission Factors v1.3 (USEEIO), purchaser price, 2022 USD","v1.3.0, NAICS-6, with margins",US federal work — public domain,2026-09-25
epa.useeio.v1_3.naics237310,"Purchased goods and services — Highway, Street, and Bridge Construction (spend-based)",3,Purchased goods and services / NAICS 237310,USD,CO2e,0.255,,AR5 (EPA: 100-year GWPs from IPCC AR5),US,2022,"EPA Supply Chain GHG Emission Factors v1.3 (USEEIO), purchaser price, 2022 USD","v1.3.0, NAICS-6, with margins",US federal work — public domain,2026-09-25
epa.useeio.v1_3.naics237990,Purchased goods and services — Other Heavy and Civil Engineering Construction (spend-based),3,Purchased goods and services / NAICS 237990,USD,CO2e,0.202,,AR5 (EPA: 100-year GWPs from IPCC AR5),US,2022,"EPA Supply Chain GHG Emission Factors v1.3 (USEEIO), purchaser price, 2022 USD","v1.3.0, NAICS-6, with margins",US federal work — public domain,2026-09-25
epa.useeio.v1_3.naics238110,Purchased goods and services — Poured Concrete Foundation and Structure Contractors (spend-based),3,Purchased goods and services / NAICS 238110,USD,CO2e,0.221,,AR5 (EPA: 100-year GWPs from IPCC AR5),US,2022,"EPA Supply Chain GHG Emission Factors v1.3 (USEEIO), purchaser price, 2022 USD","v1.3.0, NAICS-6, with margins",US federal work — public domain,2026-09-25
epa.useeio.v1_3.naics238120,Purchased goods and services — Structural Steel and Precast Concrete Contractors (spend-based),3,Purchased goods and services / NAICS 238120,USD,CO2e,0.221,,AR5 (EPA: 100-year GWPs from IPCC AR5),US,2022,"EPA Supply Chain GHG Emission Factors v1.3 (USEEIO), purchaser price, 2022 USD","v1.3.0, NAICS-6, with margins",US federal work — public domain,2026-09-25
epa.useeio.v1_3.naics238130,Purchased goods and services — Framing Contractors (spend-based),3,Purchased goods and services / NAICS 238130,USD,CO2e,0.221,,AR5 (EPA: 100-year GWPs from IPCC AR5),US,2022,"EPA Supply Chain GHG Emission Factors v1.3 (USEEIO), purchaser price, 2022 USD","v1.3.0, NAICS-6, with margins",US federal work — public domain,2026-09-25
epa.useeio.v1_3.naics238140,Purchased goods and services — Masonry Contractors (spend-based),3,Purchased goods and services / NAICS 238140,USD,CO2e,0.221,,AR5 (EPA: 100-year GWPs from IPCC AR5),US,2022,"EPA Supply Chain GHG Emission Factors v1.3 (USEEIO), purchaser price, 2022 USD","v1.3.0, NAICS-6, with margins",US federal work — public domain,2026-09-25
epa.useeio.v1_3.naics238150,Purchased goods and services — Glass and Glazing Contractors (spend-based),3,Purchased goods and services / NAICS 238150,USD,CO2e,0.221,,AR5 (EPA: 100-year GWPs from IPCC AR5),US,2022,"EPA Supply Chain GHG Emission Factors v1.3 (USEEIO), purchaser price, 2022 USD","v1.3.0, NAICS-6, with margins",US federal work — public domain,2026-09-25
epa.useeio.v1_3.naics238160,Purchased goods and services — Roofing Contractors (spend-based),3,Purchased goods and services / NAICS 238160,USD,CO2e,0.221,,AR5 (EPA: 100-year GWPs from IPCC AR5),US,2022,"EPA Supply Chain GHG Emission Factors v1.3 (USEEIO), purchaser price, 2022 USD","v1.3.0, NAICS-6, with margins",US federal work — public domain,2026-09-25
epa.useeio.v1_3.naics238170,Purchased goods and services — Siding Contractors (spend-based),3,Purchased goods and services / NAICS 238170,USD,CO2e,0.221,,AR5 (EPA: 100-year GWPs from IPCC AR5),US,2022,"EPA Supply Chain GHG Emission Factors v1.3 (USEEIO), purchaser price, 2022 USD","v1.3.0, NAICS-6, with margins",US federal work — public domain,2026-09-25
epa.useeio.v1_3.naics238190,"Purchased goods and services — Other Foundation, Structure, and Building Exterior Contractors (spend-based)",3,Purchased goods and services / NAICS 238190,USD,CO2e,0.221,,AR5 (EPA: 100-year GWPs from IPCC AR5),US,2022,"EPA Supply Chain GHG Emission Factors v1.3 (USEEIO), purchaser price, 2022 USD","v1.3.0, NAICS-6, with margins",US federal work — public domain,2026-09-25
epa.useeio.v1_3.naics238210,Purchased goods and services — Electrical Contractors and Other Wiring Installation Contractors (spend-based),3,Purchased goods and services / NAICS 238210,USD,CO2e,0.221,,AR5 (EPA: 100-year GWPs from IPCC AR5),US,2022,"EPA Supply Chain GHG Emission Factors v1.3 (USEEIO), purchaser price, 2022 USD","v1.3.0, NAICS-6, with margins",US federal work — public domain,2026-09-25
epa.useeio.v1_3.naics238220,"Purchased goods and services — Plumbing, Heating, and Air-Conditioning Contractors (spend-based)",3,Purchased goods and services / NAICS 238220,USD,CO2e,0.221,,AR5 (EPA: 100-year GWPs from IPCC AR5),US,2022,"EPA Supply Chain GHG Emission Factors v1.3 (USEEIO), purchaser price, 2022 USD","v1.3.0, NAICS-6, with margins",US federal work — public domain,2026-09-25
epa.useeio.v1_3.naics238290,Purchased goods and services — Other Building Equipment Contractors (spend-based),3,Purchased goods and services / NAICS 238290,USD,CO2e,0.221,,AR5 (EPA: 100-year GWPs from IPCC AR5),US,2022,"EPA Supply Chain GHG Emission Factors v1.3 (USEEIO), purchaser price, 2022 USD","v1.3.0, NAICS-6, with margins",US federal work — public domain,2026-09-25
epa.useeio.v1_3.naics238310,Purchased goods and services — Drywall and Insulation Contractors (spend-based),3,Purchased goods and services / NAICS 238310,USD,CO2e,0.221,,AR5 (EPA: 100-year GWPs from IPCC AR5),US,2022,"EPA Supply Chain GHG Emission Factors v1.3 (USEEIO), purchaser price, 2022 USD","v1.3.0, NAICS-6, with margins",US federal work — public domain,2026-09-25
epa.useeio.v1_3.naics238320,Purchased goods and services — Painting and Wall Covering Contractors (spend-based),3,Purchased goods and services / NAICS 238320,USD,CO2e,0.221,,AR5 (EPA: 100-year GWPs from IPCC AR5),US,2022,"EPA Supply Chain GHG Emission Factors v1.3 (USEEIO), purchaser price, 2022 USD","v1.3.0, NAICS-6, with margins",US federal work — public domain,2026-09-25
epa.useeio.v1_3.naics238330,Purchased goods and services — Flooring Contractors (spend-based),3,Purchased goods and services / NAICS 238330,USD,CO2e,0.221,,AR5 (EPA: 100-year GWPs from IPCC AR5),US,2022,"EPA Supply Chain GHG Emission Factors v1.3 (USEEIO), purchaser price, 2022 USD","v1.3.0, NAICS-6, with margins",US federal work — public domain,2026-09-25
epa.useeio.v1_3.naics238340,Purchased goods and services — Tile and Terrazzo Contractors (spend-based),3,Purchased goods and services / NAICS 238340,USD,CO2e,0.221,,AR5 (EPA: 100-year GWPs from IPCC AR5),US,2022,"EPA Supply Chain GHG Emission Factors v1.3 (USEEIO), purchaser price, 2022 USD","v1.3.0, NAICS-6, with margins",US federal work — public domain,2026-09-25
epa.useeio.v1_3.naics238350,Purchased goods and services — Finish Carpentry Contractors (spend-based),3,Purchased goods and services / NAICS 238350,USD,CO2e,0.221,,AR5 (EPA: 100-year GWPs from IPCC AR5),US,2022,"EPA Supply Chain GHG Emission Factors v1.3 (USEEIO), purchaser price, 2022 USD","v1.3.0, NAICS-6, with margins",US federal work — public domain,2026-09-25
epa.useeio.v1_3.naics238390,Purchased goods and services — Other Building Finishing Contractors (spend-based),3,Purchased goods and services / NAICS 238390,USD,CO2e,0.221,,AR5 (EPA: 100-year GWPs from IPCC AR5),US,2022,"EPA Supply Chain GHG Emission Factors v1.3 (USEEIO), purchaser price, 2022 USD","v1.3.0, NAICS-6, with margins",US federal work — public domain,2026-09-25
epa.useeio.v1_3.naics238910,Purchased goods and services — Site Preparation Contractors (spend-based),3,Purchased goods and services / NAICS 238910,USD,CO2e,0.221,,AR5 (EPA: 100-year GWPs from IPCC AR5),US,2022,"EPA Supply Chain GHG Emission Factors v1.3 (USEEIO), purchaser price, 2022 USD","v1.3.0, NAICS-6, with margins",US federal work — public domain,2026-09-25
epa.useeio.v1_3.naics238990,Purchased goods and services — All Other Specialty Trade Contractors (spend-based),3,Purchased goods and services / NAICS 238990,USD,CO2e,0.221,,AR5 (EPA: 100-year GWPs from IPCC AR5),US,2022,"EPA Supply Chain GHG Emission Factors v1.3 (USEEIO), purchaser price, 2022 USD","v1.3.0, NAICS-6, with margins",US federal work — public domain,2026-09-25
epa.useeio.v1_3.naics311111,Purchased goods and services — Dog and Cat Food Manufacturing (spend-based),3,Purchased goods and services / NAICS 311111,USD,CO2e,0.333,,AR5 (EPA: 100-year GWPs from IPCC AR5),US,2022,"EPA Supply Chain GHG Emission Factors v1.3 (USEEIO), purchaser price, 2022 USD","v1.3.0, NAICS-6, with margins",US federal work — public domain,2026-09-25
epa.useeio.v1_3.naics311119,Purchased goods and services — Other Animal Food Manufacturing (spend-based),3,Purchased goods and services / NAICS 311119,USD,CO2e,0.459,,AR5 (EPA: 100-year GWPs from IPCC AR5),US,2022,"EPA Supply Chain GHG Emission Factors v1.3 (USEEIO), purchaser price, 2022 USD","v1.3.0, NAICS-6, with margins",US federal work — public domain,2026-09-25
epa.useeio.v1_3.naics311211,Purchased goods and services — Flour Milling (spend-based),3,Purchased goods and services / NAICS 311211,USD,CO2e,0.769,,AR5 (EPA: 100-year GWPs from IPCC AR5),US,2022,"EPA Supply Chain GHG Emission Factors v1.3 (USEEIO), purchaser price, 2022 USD","v1.3.0, NAICS-6, with margins",US federal work — public domain,2026-09-25
epa.useeio.v1_3.naics311212,Purchased goods and services — Rice Milling (spend-based),3,Purchased goods and services / NAICS 311212,USD,CO2e,0.769,,AR5 (EPA: 100-year GWPs from IPCC AR5),US,2022,"EPA Supply Chain GHG Emission Factors v1.3 (USEEIO), purchaser price, 2022 USD","v1.3.0, NAICS-6, with margins",US federal work — public domain,2026-09-25
epa.useeio.v1_3.naics311213,Purchased goods and services — Malt Manufacturing (spend-based),3,Purchased goods and services / NAICS 311213,USD,CO2e,0.769,,AR5 (EPA: 100-year GWPs from IPCC AR5),US,2022,"EPA Supply Chain GHG Emission Factors v1.3 (USEEIO), purchaser price, 2022 USD","v1.3.0, NAICS-6, with margins",US federal work — public domain,2026-09-25
epa.useeio.v1_3.naics311221,Purchased goods and services — Wet Corn Milling (spend-based),3,Purchased goods and services / NAICS 311221,USD,CO2e,0.993,,AR5 (EPA: 100-year GWPs from IPCC AR5),US,2022,"EPA Supply Chain GHG Emission Factors v1.3 (USEEIO), purchaser price, 2022 USD","v1.3.0, NAICS-6, with margins",US federal work — public domain,2026-09-25
epa.useeio.v1_3.naics311224,Purchased goods and services — Soybean and Other Oilseed Processing (spend-based),3,Purchased goods and services / NAICS 311224,USD,CO2e,0.511,,AR5 (EPA: 100-year GWPs from IPCC AR5),US,2022,"EPA Supply Chain GHG Emission Factors v1.3 (USEEIO), purchaser price, 2022 USD","v1.3.0, NAICS-6, with margins",US federal work — public domain,2026-09-25
epa.useeio.v1_3.naics311225,Purchased goods and services — Fats and Oils Refining and Blending (spend-based),3,Purchased goods and services / NAICS 311225,USD,CO2e,0.385,,AR5 (EPA: 100-year GWPs from IPCC AR5),US,2022,"EPA Supply Chain GHG Emission Factors v1.3 (USEEIO), purchaser price, 2022 USD","v1.3.0, NAICS-6, with margins",US federal work — public domain,2026-09-25
epa.useeio.v1_3.naics311230,Purchased goods and services — Breakfast Cereal Manufacturing (spend-based),3,Purchased goods and services / NAICS 311230,USD,CO2e,0.473,,AR5 (EPA: 100-year GWPs from IPCC AR5),US,2022,"EPA Supply Chain GHG Emission Factors v1.3 (USEEIO), purchaser price, 2022 USD","v1.3.0, NAICS-6, with margins",US federal work — public domain,2026-09-25
epa.useeio.v1_3.naics311313,Purchased goods and services — Beet Sugar Manufacturing (spend-based),3,Purchased goods and services / NAICS 311313,USD,CO2e,0.482,,AR5 (EPA: 100-year GWPs from IPCC AR5),US,2022,"EPA Supply Chain GHG Emission Factors v1.3 (USEEIO), purchaser price, 2022 USD","v1.3.0, NAICS-6, with margins",US federal work — public domain,2026-09-25
epa.useeio.v1_3.naics311314,Purchased goods and services — Cane Sugar Manufacturing (spend-based),3,Purchased goods and services / NAICS 311314,USD,CO2e,0.482,,AR5 (EPA: 100-year GWPs from IPCC AR5),US,2022,"EPA Supply Chain GHG Emission Factors v1.3 (USEEIO), purchaser price, 2022 USD","v1.3.0, NAICS-6, with margins",US federal work — public domain,2026-09-25
epa.useeio.v1_3.naics311340,Purchased goods and services — Nonchocolate Confectionery Manufacturing (spend-based),3,Purchased goods and services / NAICS 311340,USD,CO2e,0.482,,AR5 (EPA: 100-year GWPs from IPCC AR5),US,2022,"EPA Supply Chain GHG Emission Factors v1.3 (USEEIO), purchaser price, 2022 USD","v1.3.0, NAICS-6, with margins",US federal work — public domain,2026-09-25
epa.useeio.v1_3.naics311351,Purchased goods and services — Chocolate and Confectionery Manufacturing from Cacao Beans (spend-based),3,Purchased goods and services / NAICS 311351,USD,CO2e,0.482,,AR5 (EPA: 100-year GWPs from IPCC AR5),US,2022,"EPA Supply Chain GHG Emission Factors v1.3 (USEEIO), purchaser price, 2022 USD","v1.3.0, NAICS-6, with margins",US federal work — public domain,2026-09-25
epa.useeio.v1_3.naics311352,Purchased goods and services — Confectionery Manufacturing from Purchased Chocolate (spend-based),3,Purchased goods and services / NAICS 311352,USD,CO2e,0.482,,AR5 (EPA: 100-year GWPs from IPCC AR5),US,2022,"EPA Supply Chain GHG Emission Factors v1.3 (USEEIO), purchaser price, 2022 USD","v1.3.0, NAICS-6, with margins",US federal work — public domain,2026-09-25
epa.useeio.v1_3.naics311411,"Purchased goods and services — Frozen Fruit, Juice, and Vegetable Manufacturing (spend-based)",3,Purchased goods and services / NAICS 311411,USD,CO2e,0.485,,AR5 (EPA: 100-year GWPs from IPCC AR5),US,2022,"EPA Supply Chain GHG Emission Factors v1.3 (USEEIO), purchaser price, 2022 USD","v1.3.0, NAICS-6, with margins",US federal work — public domain,2026-09-25
epa.useeio.v1_3.naics311412,Purchased goods and services — Frozen Specialty Food Manufacturing (spend-based),3,Purchased goods and services / NAICS 311412,USD,CO2e,0.485,,AR5 (EPA: 100-year GWPs from IPCC AR5),US,2022,"EPA Supply Chain GHG Emission Factors v1.3 (USEEIO), purchaser price, 2022 USD","v1.3.0, NAICS-6, with margins",US federal work — public domain,2026-09-25
epa.useeio.v1_3.naics311421,Purchased goods and services — Fruit and Vegetable Canning (spend-based),3,Purchased goods and services / NAICS 311421,USD,CO2e,0.381,,AR5 (EPA: 100-year GWPs from IPCC AR5),US,2022,"EPA Supply Chain GHG Emission Factors v1.3 (USEEIO), purchaser price, 2022 USD","v1.3.0, NAICS-6, with margins",US federal work — public domain,2026-09-25
epa.useeio.v1_3.naics311422,Purchased goods and services — Specialty Canning (spend-based),3,Purchased goods and services / NAICS 311422,USD,CO2e,0.381,,AR5 (EPA: 100-year GWPs from IPCC AR5),US,2022,"EPA Supply Chain GHG Emission Factors v1.3 (USEEIO), purchaser price, 2022 USD","v1.3.0, NAICS-6, with margins",US federal work — public domain,2026-09-25
epa.useeio.v1_3.naics311423,Purchased goods and services — Dried and Dehydrated Food Manufacturing (spend-based),3,Purchased goods and services / NAICS 311423,USD,CO2e,0.381,,AR5 (EPA: 100-year GWPs from IPCC AR5),US,2022,"EPA Supply Chain GHG Emission Factors v1.3 (USEEIO), purchaser price, 2022 USD","v1.3.0, NAICS-6, with margins",US federal work — public domain,2026-09-25
epa.useeio.v1_3.naics311511,Purchased goods and services — Fluid Milk Manufacturing (spend-based),3,Purchased goods and services / NAICS 311511,USD,CO2e,0.803,,AR5 (EPA: 100-year GWPs from IPCC AR5),US,2022,"EPA Supply Chain GHG Emission Factors v1.3 (USEEIO), purchaser price, 2022 USD","v1.3.0, NAICS-6, with margins",US federal work — public domain,2026-09-25
epa.useeio.v1_3.naics311512,Purchased goods and services — Creamery Butter Manufacturing (spend-based),3,Purchased goods and services / NAICS 311512,USD,CO2e,0.803,,AR5 (EPA: 100-year GWPs from IPCC AR5),US,2022,"EPA Supply Chain GHG Emission Factors v1.3 (USEEIO), purchaser price, 2022 USD","v1.3.0, NAICS-6, with margins",US federal work — public domain,2026-09-25
epa.useeio.v1_3.naics311513,Purchased goods and services — Cheese Manufacturing (spend-based),3,Purchased goods and services / NAICS 311513,USD,CO2e,0.969,,AR5 (EPA: 100-year GWPs from IPCC AR5),US,2022,"EPA Supply Chain GHG Emission Factors v1.3 (USEEIO), purchaser price, 2022 USD","v1.3.0, NAICS-6, with margins",US federal work — public domain,2026-09-25
epa.useeio.v1_3.naics311514,"Purchased goods and services — Dry, Condensed, and Evaporated Dairy Product Manufacturing (spend-based)",3,Purchased goods and services / NAICS 311514,USD,CO2e,0.642,,AR5 (EPA: 100-year GWPs from IPCC AR5),US,2022,"EPA Supply Chain GHG Emission Factors v1.3 (USEEIO), purchaser price, 2022 USD","v1.3.0, NAICS-6, with margins",US federal work — public domain,2026-09-25
epa.useeio.v1_3.naics311520,Purchased goods and services — Ice Cream and Frozen Dessert Manufacturing (spend-based),3,Purchased goods and services / NAICS 311520,USD,CO2e,0.58,,AR5 (EPA: 100-year GWPs from IPCC AR5),US,2022,"EPA Supply Chain GHG Emission Factors v1.3 (USEEIO), purchaser price, 2022 USD","v1.3.0, NAICS-6, with margins",US federal work — public domain,2026-09-25
epa.useeio.v1_3.naics311611,Purchased goods and services — Animal (except Poultry) Slaughtering (spend-based),3,Purchased goods and services / NAICS 311611,USD,CO2e,1.12,,AR5 (EPA: 100-year GWPs from IPCC AR5),US,2022,"EPA Supply Chain GHG Emission Factors v1.3 (USEEIO), purchaser price, 2022 USD","v1.3.0, NAICS-6, with margins",US federal work — public domain,2026-09-25
epa.useeio.v1_3.naics311612,Purchased goods and services — Meat Processed from Carcasses (spend-based),3,Purchased goods and services / NAICS 311612,USD,CO2e,1.12,,AR5 (EPA: 100-year GWPs from IPCC AR5),US,2022,"EPA Supply Chain GHG Emission Factors v1.3 (USEEIO), purchaser price, 2022 USD","v1.3.0, NAICS-6, with margins",US federal work — public domain,2026-09-25
epa.useeio.v1_3.naics311613,Purchased goods and services — Rendering and Meat Byproduct Processing (spend-based),3,Purchased goods and services / NAICS 311613,USD,CO2e,1.12,,AR5 (EPA: 100-year GWPs from IPCC AR5),US,2022,"EPA Supply Chain GHG Emission Factors v1.3 (USEEIO), purchaser price, 2022 USD","v1.3.0, NAICS-6, with margins",US federal work — public domain,2026-09-25
epa.useeio.v1_3.naics311615,Purchased goods and services — Poultry Processing (spend-based),3,Purchased goods and services / NAICS 311615,USD,CO2e,0.391,,AR5 (EPA: 100-year GWPs from IPCC AR5),US,2022,"EPA Supply Chain GHG Emission Factors v1.3 (USEEIO), purchaser price, 2022 USD","v1.3.0, NAICS-6, with margins",US federal work — public domain,2026-09-25
epa.useeio.v1_3.naics311710,Purchased goods and services — Seafood Product Preparation and Packaging (spend-based),3,Purchased goods and services / NAICS 311710,USD,CO2e,0.266,,AR5 (EPA: 100-year GWPs from IPCC AR5),US,2022,"EPA Supply Chain GHG Emission Factors v1.3 (USEEIO), purchaser price, 2022 USD","v1.3.0, NAICS-6, with margins",US federal work — public domain,2026-09-25
epa.useeio.v1_3.naics311811,Purchased goods and services — Retail Bakeries (spend-based),3,Purchased goods and services / NAICS 311811,USD,CO2e,0.253,,AR5 (EPA: 100-year GWPs from IPCC AR5),US,2022,"EPA Supply Chain GHG Emission Factors v1.3 (USEEIO), purchaser price, 2022 USD","v1.3.0, NAICS-6, with margins",US federal work — public domain,2026-09-25
epa.useeio.v1_3.naics311812,Purchased goods and services — Commercial Bakeries (spend-based),3,Purchased goods and services / NAICS 311812,USD,CO2e,0.253,,AR5 (EPA: 100-year GWPs from IPCC AR5),US,2022,"EPA Supply Chain GHG Emission Factors v1.3 (USEEIO), purchaser price, 2022 USD","v1.3.0, NAICS-6, with margins",US federal work — public domain,2026-09-25
epa.useeio.v1_3.naics311813,"Purchased goods and services — Frozen Cakes, Pies, and Other Pastries Manufacturing (spend-based)",3,Purchased goods and services / NAICS 311813,USD,CO2e,0.253,,AR5 (EPA: 100-year GWPs from IPCC AR5),US,2022,"EPA Supply Chain GHG Emission Factors v1.3 (USEEIO), purchaser price, 2022 USD","v1.3.0, NAICS-6, with margins",US federal work — public domain,2026-09-25
epa.useeio.v1_3.naics311821,Purchased goods and services — Cookie and Cracker Manufacturing (spend-based),3,Purchased goods and services / NAICS 311821,USD,CO2e,0.356,,AR5 (EPA: 100-year GWPs from IPCC AR5),US,2022,"EPA Supply Chain GHG Emission Factors v1.3 (USEEIO), purchaser price, 2022 USD","v1.3.0, NAICS-6, with margins",US federal work — public domain,2026-09-25
epa.useeio.v1_3.naics311824,"Purchased goods and services — Dry Pasta, Dough, and Flour Mixes Manufacturing from Purchased Flour (spend-based)",3,Purchased goods and services / NAICS 311824,USD,CO2e,0.356,,AR5 (EPA: 100-year GWPs from IPCC AR5),US,2022,"EPA Supply Chain GHG Emission Factors v1.3 (USEEIO), purchaser price, 2022 USD","v1.3.0, NAICS-6, with margins",US federal work — public domain,2026-09-25
epa.useeio.v1_3.naics311830,Purchased goods and services — Tortilla Manufacturing (spend-based),3,Purchased goods and services / NAICS 311830,USD,CO2e,0.356,,AR5 (EPA: 100-year GWPs from IPCC AR5),US,2022,"EPA Supply Chain GHG Emission Factors v1.3 (USEEIO), purchaser price, 2022 USD","v1.3.0, NAICS-6, with margins",US federal work — public domain,2026-09-25
epa.useeio.v1_3.naics311911,Purchased goods and services — Roasted Nuts and Peanut Butter Manufacturing (spend-based),3,Purchased goods and services / NAICS 311911,USD,CO2e,0.372,,AR5 (EPA: 100-year GWPs from IPCC AR5),US,2022,"EPA Supply Chain GHG Emission Factors v1.3 (USEEIO), purchaser price, 2022 USD","v1.3.0, NAICS-6, with margins",US federal work — public domain,2026-09-25
epa.useeio.v1_3.naics311919,Purchased goods and services — Other Snack Food Manufacturing (spend-based),3,Purchased goods and services / NAICS 311919,USD,CO2e,0.372,,AR5 (EPA: 100-year GWPs from IPCC AR5),US,2022,"EPA Supply Chain GHG Emission Factors v1.3 (USEEIO), purchaser price, 2022 USD","v1.3.0, NAICS-6, with margins",US federal work — public domain,2026-09-25
epa.useeio.v1_3.naics311920,Purchased goods and services — Coffee and Tea Manufacturing (spend-based),3,Purchased goods and services / NAICS 311920,USD,CO2e,0.353,,AR5 (EPA: 100-year GWPs from IPCC AR5),US,2022,"EPA Supply Chain GHG Emission Factors v1.3 (USEEIO), purchaser price, 2022 USD","v1.3.0, NAICS-6, with margins",US federal work — public domain,2026-09-25
epa.useeio.v1_3.naics311930,Purchased goods and services — Flavoring Syrup and Concentrate Manufacturing (spend-based),3,Purchased goods and services / NAICS 311930,USD,CO2e,0.216,,AR5 (EPA: 100-year GWPs from IPCC AR5),US,2022,"EPA Supply Chain GHG Emission Factors v1.3 (USEEIO), purchaser price, 2022 USD","v1.3.0, NAICS-6, with margins",US federal work — public domain,2026-09-25
epa.useeio.v1_3.naics311941,"Purchased goods and services — Mayonnaise, Dressing, and Other Prepared Sauce Manufacturing (spend-based)",3,Purchased goods and services / NAICS 311941,USD,CO2e,0.344,,AR5 (EPA: 100-year GWPs from IPCC AR5),US,2022,"EPA Supply Chain GHG Emission Factors v1.3 (USEEIO), purchaser price, 2022 USD","v1.3.0, NAICS-6, with margins",US federal work — public domain,2026-09-25
epa.useeio.v1_3.naics311942,Purchased goods and services — Spice and Extract Manufacturing (spend-based),3,Purchased goods and services / NAICS 311942,USD,CO2e,0.344,,AR5 (EPA: 100-year GWPs from IPCC AR5),US,2022,"EPA Supply Chain GHG Emission Factors v1.3 (USEEIO), purchaser price, 2022 USD","v1.3.0, NAICS-6, with margins",US federal work — public domain,2026-09-25
epa.useeio.v1_3.naics311991,Purchased goods and services — Perishable Prepared Food Manufacturing (spend-based),3,Purchased goods and services / NAICS 311991,USD,CO2e,0.401,,AR5 (EPA: 100-year GWPs from IPCC AR5),US,2022,"EPA Supply Chain GHG Emission Factors v1.3 (USEEIO), purchaser price, 2022 USD","v1.3.0, NAICS-6, with margins",US federal work — public domain,2026-09-25
epa.useeio.v1_3.naics311999,Purchased goods and services — All Other Miscellaneous Food Manufacturing (spend-based),3,Purchased goods and services / NAICS 311999,USD,CO2e,0.401,,AR5 (EPA: 100-year GWPs from IPCC AR5),US,2022,"EPA Supply Chain GHG Emission Factors v1.3 (USEEIO), purchaser price, 2022 USD","v1.3.0, NAICS-6, with margins",US federal work — public domain,2026-09-25
epa.useeio.v1_3.naics312111,Purchased goods and services — Soft Drink Manufacturing (spend-based),3,Purchased goods and services / NAICS 312111,USD,CO2e,0.214,,AR5 (EPA: 100-year GWPs from IPCC AR5),US,2022,"EPA Supply Chain GHG Emission Factors v1.3 (USEEIO), purchaser price, 2022 USD","v1.3.0, NAICS-6, with margins",US federal work — public domain,2026-09-25
epa.useeio.v1_3.naics312112,Purchased goods and services — Bottled Water Manufacturing (spend-based),3,Purchased goods and services / NAICS 312112,USD,CO2e,0.214,,AR5 (EPA: 100-year GWPs from IPCC AR5),US,2022,"EPA Supply Chain GHG Emission Factors v1.3 (USEEIO), purchaser price, 2022 USD","v1.3.0, NAICS-6, with margins",US federal work — public domain,2026-09-25
epa.useeio.v1_3.naics312113,Purchased goods and services — Ice Manufacturing (spend-based),3,Purchased goods and services / NAICS 312113,USD,CO2e,0.214,,AR5 (EPA: 100-year GWPs from IPCC AR5),US,2022,"EPA Supply Chain GHG Emission Factors v1.3 (USEEIO), purchaser price, 2022 USD","v1.3.0, NAICS-6, with margins",US federal work — public domain,2026-09-25
epa.useeio.v1_3.naics312120,Purchased goods and services — Breweries (spend-based),3,Purchased goods and services / NAICS 312120,USD,CO2e,0.274,,AR5 (EPA: 100-year GWPs from IPCC AR5),US,2022,"EPA Supply Chain GHG Emission Factors v1.3 (USEEIO), purchaser price, 2022 USD","v1.3.0, NAICS-6, with margins",US federal work — public domain,2026-09-25
epa.useeio.v1_3.naics312130,Purchased goods and services — Wineries (spend-based),3,Purchased goods and services / NAICS 312130,USD,CO2e,0.182,,AR5 (EPA: 100-year GWPs from IPCC AR5),US,2022,"EPA Supply Chain GHG Emission Factors v1.3 (USEEIO), purchaser price, 2022 USD","v1.3.0, NAICS-6, with margins",US federal work — public domain,2026-09-25
epa.useeio.v1_3.naics312140,Purchased goods and services — Distilleries (spend-based),3,Purchased goods and services / NAICS 312140,USD,CO2e,0.305,,AR5 (EPA: 100-year GWPs from IPCC AR5),US,2022,"EPA Supply Chain GHG Emission Factors v1.3 (USEEIO), purchaser price, 2022 USD","v1.3.0, NAICS-6, with margins",US federal work — public domain,2026-09-25
epa.useeio.v1_3.naics312230,Purchased goods and services — Tobacco Manufacturing (spend-based),3,Purchased goods and services / NAICS 312230,USD,CO2e,0.101,,AR5 (EPA: 100-year GWPs from IPCC AR5),US,2022,"EPA Supply Chain GHG Emission Factors v1.3 (USEEIO), purchaser price, 2022 USD","v1.3.0, NAICS-6, with margins",US federal work — public domain,2026-09-25
epa.useeio.v1_3.naics313110,"Purchased goods and services — Fiber, Yarn, and Thread Mills (spend-based)",3,Purchased goods and services / NAICS 313110,USD,CO2e,0.659,,AR5 (EPA: 100-year GWPs from IPCC AR5),US,2022,"EPA Supply Chain GHG Emission Factors v1.3 (USEEIO), purchaser price, 2022 USD","v1.3.0, NAICS-6, with margins",US federal work — public domain,2026-09-25
epa.useeio.v1_3.naics313210,Purchased goods and services — Broadwoven Fabric Mills (spend-based),3,Purchased goods and services / NAICS 313210,USD,CO2e,0.507,,AR5 (EPA: 100-year GWPs from IPCC AR5),US,2022,"EPA Supply Chain GHG Emission Factors v1.3 (USEEIO), purchaser price, 2022 USD","v1.3.0, NAICS-6, with margins",US federal work — public domain,2026-09-25
epa.useeio.v1_3.naics313220,Purchased goods and services — Narrow Fabric Mills and Schiffli Machine Embroidery (spend-based),3,Purchased goods and services / NAICS 313220,USD,CO2e,0.507,,AR5 (EPA: 100-year GWPs from IPCC AR5),US,2022,"EPA Supply Chain GHG Emission Factors v1.3 (USEEIO), purchaser price, 2022 USD","v1.3.0, NAICS-6, with margins",US federal work — public domain,2026-09-25
epa.useeio.v1_3.naics313230,Purchased goods and services — Nonwoven Fabric Mills (spend-based),3,Purchased goods and services / NAICS 313230,USD,CO2e,0.507,,AR5 (EPA: 100-year GWPs from IPCC AR5),US,2022,"EPA Supply Chain GHG Emission Factors v1.3 (USEEIO), purchaser price, 2022 USD","v1.3.0, NAICS-6, with margins",US federal work — public domain,2026-09-25
epa.useeio.v1_3.naics313240,Purchased goods and services — Knit Fabric Mills (spend-based),3,Purchased goods and services / NAICS 313240,USD,CO2e,0.507,,AR5 (EPA: 100-year GWPs from IPCC AR5),US,2022,"EPA Supply Chain GHG Emission Factors v1.3 (USEEIO), purchaser price, 2022 USD","v1.3.0, NAICS-6, with margins",US federal work — public domain,2026-09-25
epa.useeio.v1_3.naics313310,Purchased goods and services — Textile and Fabric Finishing Mills (spend-based),3,Purchased goods and services / NAICS 313310,USD,CO2e,0.396,,AR5 (EPA: 100-year GWPs from IPCC AR5),US,2022,"EPA Supply Chain GHG Emission Factors v1.3 (USEEIO), purchaser price, 2022 USD","v1.3.0, NAICS-6, with margins",US federal work — public domain,2026-09-25
epa.useeio.v1_3.naics313320,Purchased goods and services — Fabric Coating Mills (spend-based),3,Purchased goods and services / NAICS 313320,USD,CO2e,0.396,,AR5 (EPA: 100-year GWPs from IPCC AR5),US,2022,"EPA Supply Chain GHG Emission Factors v1.3 (USEEIO), purchaser price, 2022 USD","v1.3.0, NAICS-6, with margins",US federal work — public domain,2026-09-25
epa.useeio.v1_3.naics314110,Purchased goods and services — Carpet and Rug Mills (spend-based),3,Purchased goods and services / NAICS 314110,USD,CO2e,0.292,,AR5 (EPA: 100-year GWPs from IPCC AR5),US,2022,"EPA Supply Chain GHG Emission Factors v1.3 (USEEIO), purchaser price, 2022 USD","v1.3.0, NAICS-6, with margins",US federal work — public domain,2026-09-25
epa.useeio.v1_3.naics314120,Purchased goods and services — Curtain and Linen Mills (spend-based),3,Purchased goods and services / NAICS 314120,USD,CO2e,0.267,,AR5 (EPA: 100-year GWPs from IPCC AR5),US,2022,"EPA Supply Chain GHG Emission Factors v1.3 (USEEIO), purchaser price, 2022 USD","v1.3.0, NAICS-6, with margins",US federal work — public domain,2026-09-25
epa.useeio.v1_3.naics314910,Purchased goods and services — Textile Bag and Canvas Mills (spend-based),3,Purchased goods and services / NAICS 314910,USD,CO2e,0.243,,AR5 (EPA: 100-year GWPs from IPCC AR5),US,2022,"EPA Supply Chain GHG Emission Factors v1.3 (USEEIO), purchaser price, 2022 USD","v1.3.0, NAICS-6, with margins",US federal work — public domain,2026-09-25
epa.useeio.v1_3.naics314994,"Purchased goods and services — Rope, Cordage, Twine, Tire Cord, and Tire Fabric Mills (spend-based)",3,Purchased goods and services / NAICS 314994,USD,CO2e,0.243,,AR5 (EPA: 100-year GWPs from IPCC AR5),US,2022,"EPA Supply Chain GHG Emission Factors v1.3 (USEEIO), purchaser price, 2022 USD","v1.3.0, NAICS-6, with margins",US federal work — public domain,2026-09-25
epa.useeio.v1_3.naics314999,Purchased goods and services — All Other Miscellaneous Textile Product Mills (spend-based),3,Purchased goods and services / NAICS 314999,USD,CO2e,0.243,,AR5 (EPA: 100-year GWPs from IPCC AR5),US,2022,"EPA Supply Chain GHG Emission Factors v1.3 (USEEIO), purchaser price, 2022 USD","v1.3.0, NAICS-6, with margins",US federal work — public domain,2026-09-25
epa.useeio.v1_3.naics315110,Purchased goods and services — Hosiery and Sock Mills (spend-based),3,Purchased goods and services / NAICS 315110,USD,CO2e,0.12,,AR5 (EPA: 100-year GWPs from IPCC AR5),US,2022,"EPA Supply Chain GHG Emission Factors v1.3 (USEEIO), purchaser price, 2022 USD","v1.3.0, NAICS-6, with margins",US federal work — public domain,2026-09-25
epa.useeio.v1_3.naics315190,Purchased goods and services — Other Apparel Knitting Mills (spend-based),3,Purchased goods and services / NAICS 315190,USD,CO2e,0.12,,AR5 (EPA: 100-year GWPs from IPCC AR5),US,2022,"EPA Supply Chain GHG Emission Factors v1.3 (USEEIO), purchaser price, 2022 USD","v1.3.0, NAICS-6, with margins",US federal work — public domain,2026-09-25
epa.useeio.v1_3.naics315210,Purchased goods and services — Cut and Sew Apparel Contractors (spend-based),3,Purchased goods and services / NAICS 315210,USD,CO2e,0.12,,AR5 (EPA: 100-year GWPs from IPCC AR5),US,2022,"EPA Supply Chain GHG Emission Factors v1.3 (USEEIO), purchaser price, 2022 USD","v1.3.0, NAICS-6, with margins",US federal work — public domain,2026-09-25
epa.useeio.v1_3.naics315220,Purchased goods and services — Men's and Boys' Cut and Sew Apparel Manufacturing (spend-based),3,Purchased goods and services / NAICS 315220,USD,CO2e,0.12,,AR5 (EPA: 100-year GWPs from IPCC AR5),US,2022,"EPA Supply Chain GHG Emission Factors v1.3 (USEEIO), purchaser price, 2022 USD","v1.3.0, NAICS-6, with margins",US federal work — public domain,2026-09-25
epa.useeio.v1_3.naics315240,"Purchased goods and services — Women's, Girls', and Infants' Cut and Sew Apparel Manufacturing (spend-based)",3,Purchased goods and services / NAICS 315240,USD,CO2e,0.12,,AR5 (EPA: 100-year GWPs from IPCC AR5),US,2022,"EPA Supply Chain GHG Emission Factors v1.3 (USEEIO), purchaser price, 2022 USD","v1.3.0, NAICS-6, with margins",US federal work — public domain,2026-09-25
epa.useeio.v1_3.naics315280,Purchased goods and services — Other Cut and Sew Apparel Manufacturing (spend-based),3,Purchased goods and services / NAICS 315280,USD,CO2e,0.12,,AR5 (EPA: 100-year GWPs from IPCC AR5),US,2022,"EPA Supply Chain GHG Emission Factors v1.3 (USEEIO), purchaser price, 2022 USD","v1.3.0, NAICS-6, with margins",US federal work — public domain,2026-09-25
epa.useeio.v1_3.naics315990,Purchased goods and services — Apparel Accessories and Other Apparel Manufacturing (spend-based),3,Purchased goods and services / NAICS 315990,USD,CO2e,0.12,,AR5 (EPA: 100-year GWPs from IPCC AR5),US,2022,"EPA Supply Chain GHG Emission Factors v1.3 (USEEIO), purchaser price, 2022 USD","v1.3.0, NAICS-6, with margins",US federal work — public domain,2026-09-25
epa.useeio.v1_3.naics316110,Purchased goods and services — Leather and Hide Tanning and Finishing (spend-based),3,Purchased goods and services / NAICS 316110,USD,CO2e,0.282,,AR5 (EPA: 100-year GWPs from IPCC AR5),US,2022,"EPA Supply Chain GHG Emission Factors v1.3 (USEEIO), purchaser price, 2022 USD","v1.3.0, NAICS-6, with margins",US federal work — public domain,2026-09-25
epa.useeio.v1_3.naics316210,Purchased goods and services — Footwear Manufacturing (spend-based),3,Purchased goods and services / NAICS 316210,USD,CO2e,0.282,,AR5 (EPA: 100-year GWPs from IPCC AR5),US,2022,"EPA Supply Chain GHG Emission Factors v1.3 (USEEIO), purchaser price, 2022 USD","v1.3.0, NAICS-6, with margins",US federal work — public domain,2026-09-25
epa.useeio.v1_3.naics316992,Purchased goods and services — Women's Handbag and Purse Manufacturing (spend-based),3,Purchased goods and services / NAICS 316992,USD,CO2e,0.282,,AR5 (EPA: 100-year GWPs from IPCC AR5),US,2022,"EPA Supply Chain GHG Emission Factors v1.3 (USEEIO), purchaser price, 2022 USD","v1.3.0, NAICS-6, with margins",US federal work — public domain,2026-09-25
epa.useeio.v1_3.naics316998,Purchased goods and services — All Other Leather Good and Allied Product Manufacturing (spend-based),3,Purchased goods and services / NAICS 316998,USD,CO2e,0.282,,AR5 (EPA: 100-year GWPs from IPCC AR5),US,2022,"EPA Supply Chain GHG Emission Factors v1.3 (USEEIO), purchaser price, 2022 USD","v1.3.0, NAICS-6, with margins",US federal work — public domain,2026-09-25
epa.useeio.v1_3.naics321113,Purchased goods and services — Sawmills (spend-based),3,Purchased goods and services / NAICS 321113,USD,CO2e,0.264,,AR5 (EPA: 100-year GWPs from IPCC AR5),US,2022,"EPA Supply Chain GHG Emission Factors v1.3 (USEEIO), purchaser price, 2022 USD","v1.3.0, NAICS-6, with margins",US federal work — public domain,2026-09-25
epa.useeio.v1_3.naics321114,Purchased goods and services — Wood Preservation (spend-based),3,Purchased goods and services / NAICS 321114,USD,CO2e,0.264,,AR5 (EPA: 100-year GWPs from IPCC AR5),US,2022,"EPA Supply Chain GHG Emission Factors v1.3 (USEEIO), purchaser price, 2022 USD","v1.3.0, NAICS-6, with margins",US federal work — public domain,2026-09-25
epa.useeio.v1_3.naics321211,Purchased goods and services — Hardwood Veneer and Plywood Manufacturing (spend-based),3,Purchased goods and services / NAICS 321211,USD,CO2e,0.208,,AR5 (EPA: 100-year GWPs from IPCC AR5),US,2022,"EPA Supply Chain GHG Emission Factors v1.3 (USEEIO), purchaser price, 2022 USD","v1.3.0, NAICS-6, with margins",US federal work — public domain,2026-09-25
epa.useeio.v1_3.naics321212,Purchased goods and services — Softwood Veneer and Plywood Manufacturing (spend-based),3,Purchased goods and services / NAICS 321212,USD,CO2e,0.208,,AR5 (EPA: 100-year GWPs from IPCC AR5),US,2022,"EPA Supply Chain GHG Emission Factors v1.3 (USEEIO), purchaser price, 2022 USD","v1.3.0, NAICS-6, with margins",US federal work — public domain,2026-09-25
epa.useeio.v1_3.naics321213,Purchased goods and services — Engineered Wood Member (except Truss) Manufacturing (spend-based),3,Purchased goods and services / NAICS 321213,USD,CO2e,0.208,,AR5 (EPA: 100-year GWPs from IPCC AR5),US,2022,"EPA Supply Chain GHG Emission Factors v1.3 (USEEIO), purchaser price, 2022 USD","v1.3.0, NAICS-6, with margins",US federal work — public domain,2026-09-25
epa.useeio.v1_3.naics321214,Purchased goods and services — Truss Manufacturing (spend-based),3,Purchased goods and services / NAICS 321214,USD,CO2e,0.208,,AR5 (EPA: 100-year GWPs from IPCC AR5),US,2022,"EPA Supply Chain GHG Emission Factors v1.3 (USEEIO), purchaser price, 2022 USD","v1.3.0, NAICS-6, with margins",US federal work — public domain,2026-09-25
epa.useeio.v1_3.naics321219,Purchased goods and services — Reconstituted Wood Product Manufacturing (spend-based),3,Purchased goods and services / NAICS 321219,USD,CO2e,0.208,,AR5 (EPA: 100-year GWPs from IPCC AR5),US,2022,"EPA Supply Chain GHG Emission Factors v1.3 (USEEIO), purchaser price, 2022 USD","v1.3.0, NAICS-6, with margins",US federal work — public domain,2026-09-25
epa.useeio.v1_3.naics321911,Purchased goods and services — Wood Window and Door Manufacturing (spend-based),3,Purchased goods and services / NAICS 321911,USD,CO2e,0.154,,AR5 (EPA: 100-year GWPs from IPCC AR5),US,2022,"EPA Supply Chain GHG Emission Factors v1.3 (USEEIO), purchaser price, 2022 USD","v1.3.0, NAICS-6, with margins",US federal work — public domain,2026-09-25
epa.useeio.v1_3.naics321912,"Purchased goods and services — Cut Stock, Resawing Lumber, and Planing (spend-based)",3,Purchased goods and services / NAICS 321912,USD,CO2e,0.154,,AR5 (EPA: 100-year GWPs from IPCC AR5),US,2022,"EPA Supply Chain GHG Emission Factors v1.3 (USEEIO), purchaser price, 2022 USD","v1.3.0, NAICS-6, with margins",US federal work — public domain,2026-09-25
epa.useeio.v1_3.naics321918,Purchased goods and services — Other Millwork (including Flooring) (spend-based),3,Purchased goods and services / NAICS 321918,USD,CO2e,0.154,,AR5 (EPA: 100-year GWPs from IPCC AR5),US,2022,"EPA Supply Chain GHG Emission Factors v1.3 (USEEIO), purchaser price, 2022 USD","v1.3.0, NAICS-6, with margins",US federal work — public domain,2026-09-25
epa.useeio.v1_3.naics321920,Purchased goods and services — Wood Container and Pallet Manufacturing (spend-based),3,Purchased goods and services / NAICS 321920,USD,CO2e,0.164,,AR5 (EPA: 100-year GWPs from IPCC AR5),US,2022,"EPA Supply Chain GHG Emission Factors v1.3 (USEEIO), purchaser price, 2022 USD","v1.3.0, NAICS-6, with margins",US federal work — public domain,2026-09-25
epa.useeio.v1_3.naics321991,Purchased goods and services — Manufactured Home (Mobile Home) Manufacturing (spend-based),3,Purchased goods and services / NAICS 321991,USD,CO2e,0.164,,AR5 (EPA: 100-year GWPs from IPCC AR5),US,2022,"EPA Supply Chain GHG Emission Factors v1.3 (USEEIO), purchaser price, 2022 USD","v1.3.0, NAICS-6, with margins",US federal work — public domain,2026-09-25
epa.useeio.v1_3.naics321992,Purchased goods and services — Prefabricated Wood Building Manufacturing (spend-based),3,Purchased goods and services / NAICS 321992,USD,CO2e,0.164,,AR5 (EPA: 100-year GWPs from IPCC AR5),US,2022,"EPA Supply Chain GHG Emission Factors v1.3 (USEEIO), purchaser price, 2022 USD","v1.3.0, NAICS-6, with margins",US federal work — public domain,2026-09-25
epa.useeio.v1_3.naics321999,Purchased goods and services — All Other Miscellaneous Wood Product Manufacturing (spend-based),3,Purchased goods and services / NAICS 321999,USD,CO2e,0.164,,AR5 (EPA: 100-year GWPs from IPCC AR5),US,2022,"EPA Supply Chain GHG Emission Factors v1.3 (USEEIO), purchaser price, 2022 USD","v1.3.0, NAICS-6, with margins",US federal work — public domain,2026-09-25
epa.useeio.v1_3.naics322110,Purchased goods and services — Pulp Mills (spend-based),3,Purchased goods and services / NAICS 322110,USD,CO2e,1.002,,AR5 (EPA: 100-year GWPs from IPCC AR5),US,2022,"EPA Supply Chain GHG Emission Factors v1.3 (USEEIO), purchaser price, 2022 USD","v1.3.0, NAICS-6, with margins",US federal work — public domain,2026-09-25
epa.useeio.v1_3.naics322121,Purchased goods and services — Paper (except Newsprint) Mills (spend-based),3,Purchased goods and services / NAICS 322121,USD,CO2e,0.649,,AR5 (EPA: 100-year GWPs from IPCC AR5),US,2022,"EPA Supply Chain GHG Emission Factors v1.3 (USEEIO), purchaser price, 2022 USD","v1.3.0, NAICS-6, with margins",US federal work — public domain,2026-09-25
epa.useeio.v1_3.naics322122,Purchased goods and services — Newsprint Mills (spend-based),3,Purchased goods and services / NAICS 322122,USD,CO2e,0.649,,AR5 (EPA: 100-year GWPs from IPCC AR5),US,2022,"EPA Supply Chain GHG Emission Factors v1.3 (USEEIO), purchaser price, 2022 USD","v1.3.0, NAICS-6, with margins",US federal work — public domain,2026-09-25
epa.useeio.v1_3.naics322130,Purchased goods and services — Paperboard Mills (spend-based),3,Purchased goods and services / NAICS 322130,USD,CO2e,0.829,,AR5 (EPA: 100-year GWPs from IPCC AR5),US,2022,"EPA Supply Chain GHG Emission Factors v1.3 (USEEIO), purchaser price, 2022 USD","v1.3.0, NAICS-6, with margins",US federal work — public domain,2026-09-25
epa.useeio.v1_3.naics322211,Purchased goods and services — Corrugated and Solid Fiber Box Manufacturing (spend-based),3,Purchased goods and services / NAICS 322211,USD,CO2e,0.479,,AR5 (EPA: 100-year GWPs from IPCC AR5),US,2022,"EPA Supply Chain GHG Emission Factors v1.3 (USEEIO), purchaser price, 2022 USD","v1.3.0, NAICS-6, with margins",US federal work — public domain,2026-09-25
epa.useeio.v1_3.naics322212,Purchased goods and services — Folding Paperboard Box Manufacturing (spend-based),3,Purchased goods and services / NAICS 322212,USD,CO2e,0.479,,AR5 (EPA: 100-year GWPs from IPCC AR5),US,2022,"EPA Supply Chain GHG Emission Factors v1.3 (USEEIO), purchaser price, 2022 USD","v1.3.0, NAICS-6, with margins",US federal work — public domain,2026-09-25
epa.useeio.v1_3.naics322219,Purchased goods and services — Other Paperboard Container Manufacturing (spend-based),3,Purchased goods and services / NAICS 322219,USD,CO2e,0.479,,AR5 (EPA: 100-year GWPs from IPCC AR5),US,2022,"EPA Supply Chain GHG Emission Factors v1.3 (USEEIO), purchaser price, 2022 USD","v1.3.0, NAICS-6, with margins",US federal work — public domain,2026-09-25
epa.useeio.v1_3.naics322220,Purchased goods and services — Paper Bag and Coated and Treated Paper Manufacturing (spend-based),3,Purchased goods and services / NAICS 322220,USD,CO2e,0.364,,AR5 (EPA: 100-year GWPs from IPCC AR5),US,2022,"EPA Supply Chain GHG Emission Factors v1.3 (USEEIO), purchaser price, 2022 USD","v1.3.0, NAICS-6, with margins",US federal work — public domain,2026-09-25
epa.useeio.v1_3.naics322230,Purchased goods and services — Stationery Product Manufacturing (spend-based),3,Purchased goods and services / NAICS 322230,USD,CO2e,0.296,,AR5 (EPA: 100-year GWPs from IPCC AR5),US,2022,"EPA Supply Chain GHG Emission Factors v1.3 (USEEIO), purchaser price, 2022 USD","v1.3.0, NAICS-6, with margins",US federal work — public domain,2026-09-25
epa.useeio.v1_3.naics322291,Purchased goods and services — Sanitary Paper Product Manufacturing (spend-based),3,Purchased goods and services / NAICS 322291,USD,CO2e,0.34,,AR5 (EPA: 100-year GWPs from IPCC AR5),US,2022,"EPA Supply Chain GHG Emission Factors v1.3 (USEEIO), purchaser price, 2022 USD","v1.3.0, NAICS-6, with margins",US federal work — public domain,2026-09-25
epa.useeio.v1_3.naics322299,Purchased goods and services — All Other Converted Paper Product Manufacturing (spend-based),3,Purchased goods and services / NAICS 322299,USD,CO2e,0.343,,AR5 (EPA: 100-year GWPs from IPCC AR5),US,2022,"EPA Supply Chain GHG Emission Factors v1.3 (USEEIO), purchaser price, 2022 USD","v1.3.0, NAICS-6, with margins",US federal work — public domain,2026-09-25
epa.useeio.v1_3.naics323111,Purchased goods and services — Commercial Printing (except Screen and Books) (spend-based),3,Purchased goods and services / NAICS 323111,USD,CO2e,0.236,,AR5 (EPA: 100-year GWPs from IPCC AR5),US,2022,"EPA Supply Chain GHG Emission Factors v1.3 (USEEIO), purchaser price, 2022 USD","v1.3.0, NAICS-6, with margins",US federal work — public domain,2026-09-25
epa.useeio.v1_3.naics323113,Purchased goods and services — Commercial Screen Printing (spend-based),3,Purchased goods and services / NAICS 323113,USD,CO2e,0.236,,AR5 (EPA: 100-year GWPs from IPCC AR5),US,2022,"EPA Supply Chain GHG Emission Factors v1.3 (USEEIO), purchaser price, 2022 USD","v1.3.0, NAICS-6, with margins",US federal work — public domain,2026-09-25
epa.useeio.v1_3.naics323117,Purchased goods and services — Books Printing (spend-based),3,Purchased goods and services / NAICS 323117,USD,CO2e,0.236,,AR5 (EPA: 100-year GWPs from IPCC AR5),US,2022,"EPA Supply Chain GHG Emission Factors v1.3 (USEEIO), purchaser price, 2022 USD","v1.3.0, NAICS-6, with margins",US federal work — public domain,2026-09-25
epa.useeio.v1_3.naics323120,Purchased goods and services — Support Activites for Printing (spend-based),3,Purchased goods and services / NAICS 323120,USD,CO2e,0.237,,AR5 (EPA: 100-year GWPs from IPCC AR5),US,2022,"EPA Supply Chain GHG Emission Factors v1.3 (USEEIO), purchaser price, 2022 USD","v1.3.0, NAICS-6, with margins",US federal work — public domain,2026-09-25
epa.useeio.v1_3.naics324110,Purchased goods and services — Petroleum Refineries (spend-based),3,Purchased goods and services / NAICS 324110,USD,CO2e,0.27,,AR5 (EPA: 100-year GWPs from IPCC AR5),US,2022,"EPA Supply Chain GHG Emission Factors v1.3 (USEEIO), purchaser price, 2022 USD","v1.3.0, NAICS-6, with margins",US federal work — public domain,2026-09-25
epa.useeio.v1_3.naics324121,Purchased goods and services — Asphalt Paving Mixture and Block Manufacturing (spend-based),3,Purchased goods and services / NAICS 324121,USD,CO2e,1.121,,AR5 (EPA: 100-year GWPs from IPCC AR5),US,2022,"EPA Supply Chain GHG Emission Factors v1.3 (USEEIO), purchaser price, 2022 USD","v1.3.0, NAICS-6, with margins",US federal work — public domain,2026-09-25
epa.useeio.v1_3.naics324122,Purchased goods and services — Asphalt Shingle and Coating Materials Manufacturing (spend-based),3,Purchased goods and services / NAICS 324122,USD,CO2e,0.608,,AR5 (EPA: 100-year GWPs from IPCC AR5),US,2022,"EPA Supply Chain GHG Emission Factors v1.3 (USEEIO), purchaser price, 2022 USD","v1.3.0, NAICS-6, with margins",US federal work — public domain,2026-09-25
epa.useeio.v1_3.naics324191,Purchased goods and services — Petroleum Lubricating Oil and Grease Manufacturing (spend-based),3,Purchased goods and services / NAICS 324191,USD,CO2e,0.391,,AR5 (EPA: 100-year GWPs from IPCC AR5),US,2022,"EPA Supply Chain GHG Emission Factors v1.3 (USEEIO), purchaser price, 2022 USD","v1.3.0, NAICS-6, with margins",US federal work — public domain,2026-09-25
epa.useeio.v1_3.naics324199,Purchased goods and services — All Other Petroleum and Coal Products Manufacturing (spend-based),3,Purchased goods and services / NAICS 324199,USD,CO2e,0.391,,AR5 (EPA: 100-year GWPs from IPCC AR5),US,2022,"EPA Supply Chain GHG Emission Factors v1.3 (USEEIO), purchaser price, 2022 USD","v1.3.0, NAICS-6, with margins",US federal work — public domain,2026-09-25
epa.useeio.v1_3.naics325110,Purchased goods and services — Petrochemical Manufacturing (spend-based),3,Purchased goods and services / NAICS 325110,USD,CO2e,0.811,,AR5 (EPA: 100-year GWPs from IPCC AR5),US,2022,"EPA Supply Chain GHG Emission Factors v1.3 (USEEIO), purchaser price, 2022 USD","v1.3.0, NAICS-6, with margins",US federal work — public domain,2026-09-25
epa.useeio.v1_3.naics325120,Purchased goods and services — Industrial Gas Manufacturing (spend-based),3,Purchased goods and services / NAICS 325120,USD,CO2e,1.211,,AR5 (EPA: 100-year GWPs from IPCC AR5),US,2022,"EPA Supply Chain GHG Emission Factors v1.3 (USEEIO), purchaser price, 2022 USD","v1.3.0, NAICS-6, with margins",US federal work — public domain,2026-09-25
epa.useeio.v1_3.naics325130,Purchased goods and services — Synthetic Dye and Pigment Manufacturing (spend-based),3,Purchased goods and services / NAICS 325130,USD,CO2e,0.432,,AR5 (EPA: 100-year GWPs from IPCC AR5),US,2022,"EPA Supply Chain GHG Emission Factors v1.3 (USEEIO), purchaser price, 2022 USD","v1.3.0, NAICS-6, with margins",US federal work — public domain,2026-09-25
epa.useeio.v1_3.naics325180,Purchased goods and services — Other Basic Inorganic Chemical Manufacturing (spend-based),3,Purchased goods and services / NAICS 325180,USD,CO2e,1.01,,AR5 (EPA: 100-year GWPs from IPCC AR5),US,2022,"EPA Supply Chain GHG Emission Factors v1.3 (USEEIO), purchaser price, 2022 USD","v1.3.0, NAICS-6, with margins",US federal work — public domain,2026-09-25
epa.useeio.v1_3.naics325193,Purchased goods and services — Ethyl Alcohol Manufacturing (spend-based),3,Purchased goods and services / NAICS 325193,USD,CO2e,1.184,,AR5 (EPA: 100-year GWPs from IPCC AR5),US,2022,"EPA Supply Chain GHG Emission Factors v1.3 (USEEIO), purchaser price, 2022 USD","v1.3.0, NAICS-6, with margins",US federal work — public domain,2026-09-25
epa.useeio.v1_3.naics325194,"Purchased goods and services — Cyclic Crude, Intermediate, and Gum and Wood Chemical Manufacturing (spend-based)",3,Purchased goods and services / NAICS 325194,USD,CO2e,1.184,,AR5 (EPA: 100-year GWPs from IPCC AR5),US,2022,"EPA Supply Chain GHG Emission Factors v1.3 (USEEIO), purchaser price, 2022 USD","v1.3.0, NAICS-6, with margins",US federal work — public domain,2026-09-25
epa.useeio.v1_3.naics325199,Purchased goods and services — All Other Basic Organic Chemical Manufacturing (spend-based),3,Purchased goods and services / NAICS 325199,USD,CO2e,1.184,,AR5 (EPA: 100-year GWPs from IPCC AR5),US,2022,"EPA Supply Chain GHG Emission Factors v1.3 (USEEIO), purchaser price, 2022 USD","v1.3.0, NAICS-6, with margins",US federal work — public domain,2026-09-25
epa.useeio.v1_3.naics325211,Purchased goods and services — Plastics Material and Resin Manufacturing (spend-based),3,Purchased goods and services / NAICS 325211,USD,CO2e,1.045,,AR5 (EPA: 100-year GWPs from IPCC AR5),US,2022,"EPA Supply Chain GHG Emission Factors v1.3 (USEEIO), purchaser price, 2022 USD","v1.3.0, NAICS-6, with margins",US federal work — public domain,2026-09-25
epa.useeio.v1_3.naics325212,Purchased goods and services — Synthetic Rubber Manufacturing (spend-based),3,Purchased goods and services / NAICS 325212,USD,CO2e,0.902,,AR5 (EPA: 100-year GWPs from IPCC AR5),US,2022,"EPA Supply Chain GHG Emission Factors v1.3 (USEEIO), purchaser price, 2022 USD","v1.3.0, NAICS-6, with margins",US federal work — public domain,2026-09-25
epa.useeio.v1_3.naics325220,Purchased goods and services — Artificial and Synthetic Fibers and Filaments Manufacturing (spend-based),3,Purchased goods and services / NAICS 325220,USD,CO2e,0.902,,AR5 (EPA: 100-year GWPs from IPCC AR5),US,2022,"EPA Supply Chain GHG Emission Factors v1.3 (USEEIO), purchaser price, 2022 USD","v1.3.0, NAICS-6, with margins",US federal work — public domain,2026-09-25
epa.useeio.v1_3.naics325311,Purchased goods and services — Nitrogenous Fertilizer Manufacturing (spend-based),3,Purchased goods and services / NAICS 325311,USD,CO2e,1.137,,AR5 (EPA: 100-year GWPs from IPCC AR5),US,2022,"EPA Supply Chain GHG Emission Factors v1.3 (USEEIO), purchaser price, 2022 USD","v1.3.0, NAICS-6, with margins",US federal work — public domain,2026-09-25
epa.useeio.v1_3.naics325312,Purchased goods and services — Phosphatic Fertilizer Manufacturing (spend-based),3,Purchased goods and services / NAICS 325312,USD,CO2e,1.137,,AR5 (EPA: 100-year GWPs from IPCC AR5),US,2022,"EPA Supply Chain GHG Emission Factors v1.3 (USEEIO), purchaser price, 2022 USD","v1.3.0, NAICS-6, with margins",US federal work — public domain,2026-09-25
epa.useeio.v1_3.naics325314,Purchased goods and services — Fertilizer (Mixing Only) Manufacturing (spend-based),3,Purchased goods and services / NAICS 325314,USD,CO2e,1.137,,AR5 (EPA: 100-year GWPs from IPCC AR5),US,2022,"EPA Supply Chain GHG Emission Factors v1.3 (USEEIO), purchaser price, 2022 USD","v1.3.0, NAICS-6, with margins",US federal work — public domain,2026-09-25
epa.useeio.v1_3.naics325320,Purchased goods and services — Pesticide and Other Agricultural Chemical Manufacturing (spend-based),3,Purchased goods and services / NAICS 325320,USD,CO2e,0.463,,AR5 (EPA: 100-year GWPs from IPCC AR5),US,2022,"EPA Supply Chain GHG Emission Factors v1.3 (USEEIO), purchaser price, 2022 USD","v1.3.0, NAICS-6, with margins",US federal work — public domain,2026-09-25
epa.useeio.v1_3.naics325411,Purchased goods and services — Medicinal and Botanical Manufacturing (spend-based),3,Purchased goods and services / NAICS 325411,USD,CO2e,0.189,,AR5 (EPA: 100-year GWPs from IPCC AR5),US,2022,"EPA Supply Chain GHG Emission Factors v1.3 (USEEIO), purchaser price, 2022 USD","v1.3.0, NAICS-6, with margins",US federal work — public domain,2026-09-25
epa.useeio.v1_3.naics325412,Purchased goods and services — Pharmaceutical Preparation Manufacturing (spend-based),3,Purchased goods and services / NAICS 325412,USD,CO2e,0.099,,AR5 (EPA: 100-year GWPs from IPCC AR5),US,2022,"EPA Supply Chain GHG Emission Factors v1.3 (USEEIO), purchaser price, 2022 USD","v1.3.0, NAICS-6, with margins",US federal work — public domain,2026-09-25
epa.useeio.v1_3.naics325413,Purchased goods and services — In-Vitro Diagnostic Substance Manufacturing (spend-based),3,Purchased goods and services / NAICS 325413,USD,CO2e,0.183,,AR5 (EPA: 100-year GWPs from IPCC AR5),US,2022,"EPA Supply Chain GHG Emission Factors v1.3 (USEEIO), purchaser price, 2022 USD","v1.3.0, NAICS-6, with margins",US federal work — public domain,2026-09-25
epa.useeio.v1_3.naics325414,Purchased goods and services — Biological Product (except Diagnostic) Manufacturing (spend-based),3,Purchased goods and services / NAICS 325414,USD,CO2e,0.15,,AR5 (EPA: 100-year GWPs from IPCC AR5),US,2022,"EPA Supply Chain GHG Emission Factors v1.3 (USEEIO), purchaser price, 2022 USD","v1.3.0, NAICS-6, with margins",US federal work — public domain,2026-09-25
epa.useeio.v1_3.naics325510,Purchased goods and services — Paint and Coating Manufacturing (spend-based),3,Purchased goods and services / NAICS 325510,USD,CO2e,0.291,,AR5 (EPA: 100-year GWPs from IPCC AR5),US,2022,"EPA Supply Chain GHG Emission Factors v1.3 (USEEIO), purchaser price, 2022 USD","v1.3.0, NAICS-6, with margins",US federal work — public domain,2026-09-25
epa.useeio.v1_3.naics325520,Purchased goods and services — Adhesive Manufacturing (spend-based),3,Purchased goods and services / NAICS 325520,USD,CO2e,0.531,,AR5 (EPA: 100-year GWPs from IPCC AR5),US,2022,"EPA Supply Chain GHG Emission Factors v1.3 (USEEIO), purchaser price, 2022 USD","v1.3.0, NAICS-6, with margins",US federal work — public domain,2026-09-25
epa.useeio.v1_3.naics325611,Purchased goods and services — Soap and Other Detergent Manufacturing (spend-based),3,Purchased goods and services / NAICS 325611,USD,CO2e,0.355,,AR5 (EPA: 100-year GWPs from IPCC AR5),US,2022,"EPA Supply Chain GHG Emission Factors v1.3 (USEEIO), purchaser price, 2022 USD","v1.3.0, NAICS-6, with margins",US federal work — public domain,2026-09-25
epa.useeio.v1_3.naics325612,Purchased goods and services — Polish and Other Sanitation Good Manufacturing (spend-based),3,Purchased goods and services / NAICS 325612,USD,CO2e,0.355,,AR5 (EPA: 100-year GWPs from IPCC AR5),US,2022,"EPA Supply Chain GHG Emission Factors v1.3 (USEEIO), purchaser price, 2022 USD","v1.3.0, NAICS-6, with margins",US federal work — public domain,2026-09-25
epa.useeio.v1_3.naics325613,Purchased goods and services — Surface Active Agent Manufacturing (spend-based),3,Purchased goods and services / NAICS 325613,USD,CO2e,0.355,,AR5 (EPA: 100-year GWPs from IPCC AR5),US,2022,"EPA Supply Chain GHG Emission Factors v1.3 (USEEIO), purchaser price, 2022 USD","v1.3.0, NAICS-6, with margins",US federal work — public domain,2026-09-25
epa.useeio.v1_3.naics325620,Purchased goods and services — Toilet Preparation Manufacturing (spend-based),3,Purchased goods and services / NAICS 325620,USD,CO2e,0.194,,AR5 (EPA: 100-year GWPs from IPCC AR5),US,2022,"EPA Supply Chain GHG Emission Factors v1.3 (USEEIO), purchaser price, 2022 USD","v1.3.0, NAICS-6, with margins",US federal work — public domain,2026-09-25
epa.useeio.v1_3.naics325910,Purchased goods and services — Printing Ink Manufacturing (spend-based),3,Purchased goods and services / NAICS 325910,USD,CO2e,0.386,,AR5 (EPA: 100-year GWPs from IPCC AR5),US,2022,"EPA Supply Chain GHG Emission Factors v1.3 (USEEIO), purchaser price, 2022 USD","v1.3.0, NAICS-6, with margins",US federal work — public domain,2026-09-25
epa.useeio.v1_3.naics325920,Purchased goods and services — Explosives Manufacturing (spend-based),3,Purchased goods and services / NAICS 325920,USD,CO2e,0.5,,AR5 (EPA: 100-year GWPs from IPCC AR5),US,2022,"EPA Supply Chain GHG Emission Factors v1.3 (USEEIO), purchaser price, 2022 USD","v1.3.0, NAICS-6, with margins",US federal work — public domain,2026-09-25
epa.useeio.v1_3.naics325991,Purchased goods and services — Custom Compounding of Purchased Resins (spend-based),3,Purchased goods and services / NAICS 325991,USD,CO2e,0.5,,AR5 (EPA: 100-year GWPs from IPCC AR5),US,2022,"EPA Supply Chain GHG Emission Factors v1.3 (USEEIO), purchaser price, 2022 USD","v1.3.0, NAICS-6, with margins",US federal work — public domain,2026-09-25
epa.useeio.v1_3.naics325992,"Purchased goods and services — Photographic Film, Paper, Plate, and Chemical Manufacturing (spend-based)",3,Purchased goods and services / NAICS 325992,USD,CO2e,0.5,,AR5 (EPA: 100-year GWPs from IPCC AR5),US,2022,"EPA Supply Chain GHG Emission Factors v1.3 (USEEIO), purchaser price, 2022 USD","v1.3.0, NAICS-6, with margins",US federal work — public domain,2026-09-25
epa.useeio.v1_3.naics325998,Purchased goods and services — All Other Miscellaneous Chemical Product and Preparation Manufacturing (spend-based),3,Purchased goods and services / NAICS 325998,USD,CO2e,0.5,,AR5 (EPA: 100-year GWPs from IPCC AR5),US,2022,"EPA Supply Chain GHG Emission Factors v1.3 (USEEIO), purchaser price, 2022 USD","v1.3.0, NAICS-6, with margins",US federal work — public domain,2026-09-25
epa.useeio.v1_3.naics326111,Purchased goods and services — Plastics Bag and Pouch Manufacturing (spend-based),3,Purchased goods and services / NAICS 326111,USD,CO2e,0.544,,AR5 (EPA: 100-year GWPs from IPCC AR5),US,2022,"EPA Supply Chain GHG Emission Factors v1.3 (USEEIO), purchaser price, 2022 USD","v1.3.0, NAICS-6, with margins",US federal work — public domain,2026-09-25
epa.useeio.v1_3.naics326112,Purchased goods and services — Plastics Packaging Film and Sheet (including Laminated) Manufacturing (spend-based),3,Purchased goods and services / NAICS 326112,USD,CO2e,0.544,,AR5 (EPA: 100-year GWPs from IPCC AR5),US,2022,"EPA Supply Chain GHG Emission Factors v1.3 (USEEIO), purchaser price, 2022 USD","v1.3.0, NAICS-6, with margins",US federal work — public domain,2026-09-25
epa.useeio.v1_3.naics326113,Purchased goods and services — Unlaminated Plastics Film and Sheet (except Packaging) Manufacturing (spend-based),3,Purchased goods and services / NAICS 326113,USD,CO2e,0.544,,AR5 (EPA: 100-year GWPs from IPCC AR5),US,2022,"EPA Supply Chain GHG Emission Factors v1.3 (USEEIO), purchaser price, 2022 USD","v1.3.0, NAICS-6, with margins",US federal work — public domain,2026-09-25
epa.useeio.v1_3.naics326121,Purchased goods and services — Unlaminated Plastics Profile Shape Manufacturing (spend-based),3,Purchased goods and services / NAICS 326121,USD,CO2e,0.351,,AR5 (EPA: 100-year GWPs from IPCC AR5),US,2022,"EPA Supply Chain GHG Emission Factors v1.3 (USEEIO), purchaser price, 2022 USD","v1.3.0, NAICS-6, with margins",US federal work — public domain,2026-09-25
epa.useeio.v1_3.naics326122,Purchased goods and services — Plastics Pipe and Pipe Fitting Manufacturing (spend-based),3,Purchased goods and services / NAICS 326122,USD,CO2e,0.351,,AR5 (EPA: 100-year GWPs from IPCC AR5),US,2022,"EPA Supply Chain GHG Emission Factors v1.3 (USEEIO), purchaser price, 2022 USD","v1.3.0, NAICS-6, with margins",US federal work — public domain,2026-09-25
epa.useeio.v1_3.naics326130,"Purchased goods and services — Laminated Plastics Plate, Sheet (except Packaging), and Shape Manufacturing (spend-based)",3,Purchased goods and services / NAICS 326130,USD,CO2e,0.46,,AR5 (EPA: 100-year GWPs from IPCC AR5),US,2022,"EPA Supply Chain GHG Emission Factors v1.3 (USEEIO), purchaser price, 2022 USD","v1.3.0, NAICS-6, with margins",US federal work — public domain,2026-09-25
epa.useeio.v1_3.naics326140,Purchased goods and services — Polystyrene Foam Product Manufacturing (spend-based),3,Purchased goods and services / NAICS 326140,USD,CO2e,0.271,,AR5 (EPA: 100-year GWPs from IPCC AR5),US,2022,"EPA Supply Chain GHG Emission Factors v1.3 (USEEIO), purchaser price, 2022 USD","v1.3.0, NAICS-6, with margins",US federal work — public domain,2026-09-25
epa.useeio.v1_3.naics326150,Purchased goods and services — Urethane and Other Foam Product (except Polystyrene) Manufacturing (spend-based),3,Purchased goods and services / NAICS 326150,USD,CO2e,0.36,,AR5 (EPA: 100-year GWPs from IPCC AR5),US,2022,"EPA Supply Chain GHG Emission Factors v1.3 (USEEIO), purchaser price, 2022 USD","v1.3.0, NAICS-6, with margins",US federal work — public domain,2026-09-25
epa.useeio.v1_3.naics326160,Purchased goods and services — Plastics Bottle Manufacturing (spend-based),3,Purchased goods and services / NAICS 326160,USD,CO2e,0.579,,AR5 (EPA: 100-year GWPs from IPCC AR5),US,2022,"EPA Supply Chain GHG Emission Factors v1.3 (USEEIO), purchaser price, 2022 USD","v1.3.0, NAICS-6, with margins",US federal work — public domain,2026-09-25
epa.useeio.v1_3.naics326191,Purchased goods and services — Plastics Plumbing Fixture Manufacturing (spend-based),3,Purchased goods and services / NAICS 326191,USD,CO2e,0.371,,AR5 (EPA: 100-year GWPs from IPCC AR5),US,2022,"EPA Supply Chain GHG Emission Factors v1.3 (USEEIO), purchaser price, 2022 USD","v1.3.0, NAICS-6, with margins",US federal work — public domain,2026-09-25
epa.useeio.v1_3.naics326199,Purchased goods and services — All Other Plastics Product Manufacturing (spend-based),3,Purchased goods and services / NAICS 326199,USD,CO2e,0.371,,AR5 (EPA: 100-year GWPs from IPCC AR5),US,2022,"EPA Supply Chain GHG Emission Factors v1.3 (USEEIO), purchaser price, 2022 USD","v1.3.0, NAICS-6, with margins",US federal work — public domain,2026-09-25
epa.useeio.v1_3.naics326211,Purchased goods and services — Tire Manufacturing (except Retreading) (spend-based),3,Purchased goods and services / NAICS 326211,USD,CO2e,0.276,,AR5 (EPA: 100-year GWPs from IPCC AR5),US,2022,"EPA Supply Chain GHG Emission Factors v1.3 (USEEIO), purchaser price, 2022 USD","v1.3.0, NAICS-6, with margins",US federal work — public domain,2026-09-25
epa.useeio.v1_3.naics326212,Purchased goods and services — Tire Retreading (spend-based),3,Purchased goods and services / NAICS 326212,USD,CO2e,0.276,,AR5 (EPA: 100-year GWPs from IPCC AR5),US,2022,"EPA Supply Chain GHG Emission Factors v1.3 (USEEIO), purchaser price, 2022 USD","v1.3.0, NAICS-6, with margins",US federal work — public domain,2026-09-25
epa.useeio.v1_3.naics326220,Purchased goods and services — Rubber and Plastics Hoses and Belting Manufacturing (spend-based),3,Purchased goods and services / NAICS 326220,USD,CO2e,0.309,,AR5 (EPA: 100-year GWPs from IPCC AR5),US,2022,"EPA Supply Chain GHG Emission Factors v1.3 (USEEIO), purchaser price, 2022 USD","v1.3.0, NAICS-6, with margins",US federal work — public domain,2026-09-25
epa.useeio.v1_3.naics326291,Purchased goods and services — Rubber Product Manufacturing for Mechanical Use (spend-based),3,Purchased goods and services / NAICS 326291,USD,CO2e,0.343,,AR5 (EPA: 100-year GWPs from IPCC AR5),US,2022,"EPA Supply Chain GHG Emission Factors v1.3 (USEEIO), purchaser price, 2022 USD","v1.3.0, NAICS-6, with margins",US federal work — public domain,2026-09-25
epa.useeio.v1_3.naics326299,Purchased goods and services — All Other Rubber Product Manufacturing (spend-based),3,Purchased goods and services / NAICS 326299,USD,CO2e,0.343,,AR5 (EPA: 100-year GWPs from IPCC AR5),US,2022,"EPA Supply Chain GHG Emission Factors v1.3 (USEEIO), purchaser price, 2022 USD","v1.3.0, NAICS-6, with margins",US federal work — public domain,2026-09-25
epa.useeio.v1_3.naics327110,"Purchased goods and services — Pottery, Ceramics, and Plumbing Fixture Manufacturing (spend-based)",3,Purchased goods and services / NAICS 327110,USD,CO2e,0.451,,AR5 (EPA: 100-year GWPs from IPCC AR5),US,2022,"EPA Supply Chain GHG Emission Factors v1.3 (USEEIO), purchaser price, 2022 USD","v1.3.0, NAICS-6, with margins",US federal work — public domain,2026-09-25
epa.useeio.v1_3.naics327120,Purchased goods and services — Clay Building Material and Refractories Manufacturing (spend-based),3,Purchased goods and services / NAICS 327120,USD,CO2e,0.451,,AR5 (EPA: 100-year GWPs from IPCC AR5),US,2022,"EPA Supply Chain GHG Emission Factors v1.3 (USEEIO), purchaser price, 2022 USD","v1.3.0, NAICS-6, with margins",US federal work — public domain,2026-09-25
epa.useeio.v1_3.naics327211,Purchased goods and services — Flat Glass Manufacturing (spend-based),3,Purchased goods and services / NAICS 327211,USD,CO2e,0.597,,AR5 (EPA: 100-year GWPs from IPCC AR5),US,2022,"EPA Supply Chain GHG Emission Factors v1.3 (USEEIO), purchaser price, 2022 USD","v1.3.0, NAICS-6, with margins",US federal work — public domain,2026-09-25
epa.useeio.v1_3.naics327212,Purchased goods and services — Other Pressed and Blown Glass and Glassware Manufacturing (spend-based),3,Purchased goods and services / NAICS 327212,USD,CO2e,0.597,,AR5 (EPA: 100-year GWPs from IPCC AR5),US,2022,"EPA Supply Chain GHG Emission Factors v1.3 (USEEIO), purchaser price, 2022 USD","v1.3.0, NAICS-6, with margins",US federal work — public domain,2026-09-25
epa.useeio.v1_3.naics327213,Purchased goods and services — Glass Container Manufacturing (spend-based),3,Purchased goods and services / NAICS 327213,USD,CO2e,0.597,,AR5 (EPA: 100-year GWPs from IPCC AR5),US,2022,"EPA Supply Chain GHG Emission Factors v1.3 (USEEIO), purchaser price, 2022 USD","v1.3.0, NAICS-6, with margins",US federal work — public domain,2026-09-25
epa.useeio.v1_3.naics327215,Purchased goods and services — Glass Product Manufacturing Made of Purchased Glass (spend-based),3,Purchased goods and services / NAICS 327215,USD,CO2e,0.597,,AR5 (EPA: 100-year GWPs from IPCC AR5),US,2022,"EPA Supply Chain GHG Emission Factors v1.3 (USEEIO), purchaser price, 2022 USD","v1.3.0, NAICS-6, with margins",US federal work — public domain,2026-09-25
epa.useeio.v1_3.naics327310,Purchased goods and services — Cement Manufacturing (spend-based),3,Purchased goods and services / NAICS 327310,USD,CO2e,3.924,,AR5 (EPA: 100-year GWPs from IPCC AR5),US,2022,"EPA Supply Chain GHG Emission Factors v1.3 (USEEIO), purchaser price, 2022 USD","v1.3.0, NAICS-6, with margins",US federal work — public domain,2026-09-25
epa.useeio.v1_3.naics327320,Purchased goods and services — Ready-Mix Concrete Manufacturing (spend-based),3,Purchased goods and services / NAICS 327320,USD,CO2e,0.606,,AR5 (EPA: 100-year GWPs from IPCC AR5),US,2022,"EPA Supply Chain GHG Emission Factors v1.3 (USEEIO), purchaser price, 2022 USD","v1.3.0, NAICS-6, with margins",US federal work — public domain,2026-09-25
epa.useeio.v1_3.naics327331,Purchased goods and services — Concrete Block and Brick Manufacturing (spend-based),3,Purchased goods and services / NAICS 327331,USD,CO2e,0.328,,AR5 (EPA: 100-year GWPs from IPCC AR5),US,2022,"EPA Supply Chain GHG Emission Factors v1.3 (USEEIO), purchaser price, 2022 USD","v1.3.0, NAICS-6, with margins",US federal work — public domain,2026-09-25
epa.useeio.v1_3.naics327332,Purchased goods and services — Concrete Pipe Manufacturing (spend-based),3,Purchased goods and services / NAICS 327332,USD,CO2e,0.328,,AR5 (EPA: 100-year GWPs from IPCC AR5),US,2022,"EPA Supply Chain GHG Emission Factors v1.3 (USEEIO), purchaser price, 2022 USD","v1.3.0, NAICS-6, with margins",US federal work — public domain,2026-09-25
epa.useeio.v1_3.naics327390,Purchased goods and services — Other Concrete Product Manufacturing (spend-based),3,Purchased goods and services / NAICS 327390,USD,CO2e,0.317,,AR5 (EPA: 100-year GWPs from IPCC AR5),US,2022,"EPA Supply Chain GHG Emission Factors v1.3 (USEEIO), purchaser price, 2022 USD","v1.3.0, NAICS-6, with margins",US federal work — public domain,2026-09-25
epa.useeio.v1_3.naics327410,Purchased goods and services — Lime Manufacturing (spend-based),3,Purchased goods and services / NAICS 327410,USD,CO2e,1.623,,AR5 (EPA: 100-year GWPs from IPCC AR5),US,2022,"EPA Supply Chain GHG Emission Factors v1.3 (USEEIO), purchaser price, 2022 USD","v1.3.0, NAICS-6, with margins",US federal work — public domain,2026-09-25
epa.useeio.v1_3.naics327420,Purchased goods and services — Gypsum Product Manufacturing (spend-based),3,Purchased goods and services / NAICS 327420,USD,CO2e,1.623,,AR5 (EPA: 100-year GWPs from IPCC AR5),US,2022,"EPA Supply Chain GHG Emission Factors v1.3 (USEEIO), purchaser price, 2022 USD","v1.3.0, NAICS-6, with margins",US federal work — public domain,2026-09-25
epa.useeio.v1_3.naics327910,Purchased goods and services — Abrasive Product Manufacturing (spend-based),3,Purchased goods and services / NAICS 327910,USD,CO2e,0.187,,AR5 (EPA: 100-year GWPs from IPCC AR5),US,2022,"EPA Supply Chain GHG Emission Factors v1.3 (USEEIO), purchaser price, 2022 USD","v1.3.0, NAICS-6, with margins",US federal work — public domain,2026-09-25
epa.useeio.v1_3.naics327991,Purchased goods and services — Cut Stone and Stone Product Manufacturing (spend-based),3,Purchased goods and services / NAICS 327991,USD,CO2e,0.195,,AR5 (EPA: 100-year GWPs from IPCC AR5),US,2022,"EPA Supply Chain GHG Emission Factors v1.3 (USEEIO), purchaser price, 2022 USD","v1.3.0, NAICS-6, with margins",US federal work — public domain,2026-09-25
epa.useeio.v1_3.naics327992,Purchased goods and services — Ground or Treated Mineral and Earth Manufacturing (spend-based),3,Purchased goods and services / NAICS 327992,USD,CO2e,0.497,,AR5 (EPA: 100-year GWPs from IPCC AR5),US,2022,"EPA Supply Chain GHG Emission Factors v1.3 (USEEIO), purchaser price, 2022 USD","v1.3.0, NAICS-6, with margins",US federal work — public domain,2026-09-25
epa.useeio.v1_3.naics327993,Purchased goods and services — Mineral Wool Manufacturing (spend-based),3,Purchased goods and services / NAICS 327993,USD,CO2e,0.393,,AR5 (EPA: 100-year GWPs from IPCC AR5),US,2022,"EPA Supply Chain GHG Emission Factors v1.3 (USEEIO), purchaser price, 2022 USD","v1.3.0, NAICS-6, with margins",US federal work — public domain,2026-09-25
epa.useeio.v1_3.naics327999,Purchased goods and services — All Other Miscellaneous Nonmetallic Mineral Product Manufacturing (spend-based),3,Purchased goods and services / NAICS 327999,USD,CO2e,0.787,,AR5 (EPA: 100-year GWPs from IPCC AR5),US,2022,"EPA Supply Chain GHG Emission Factors v1.3 (USEEIO), purchaser price, 2022 USD","v1.3.0, NAICS-6, with margins",US federal work — public domain,2026-09-25
epa.useeio.v1_3.naics331110,Purchased goods and services — Iron and Steel Mills and Ferroalloy Manufacturing (spend-based),3,Purchased goods and services / NAICS 331110,USD,CO2e,0.787,,AR5 (EPA: 100-year GWPs from IPCC AR5),US,2022,"EPA Supply Chain GHG Emission Factors v1.3 (USEEIO), purchaser price, 2022 USD","v1.3.0, NAICS-6, with margins",US federal work — public domain,2026-09-25
epa.useeio.v1_3.naics331210,Purchased goods and services — Iron and Steel Pipe and Tube Manufacturing from Purchased Steel (spend-based),3,Purchased goods and services / NAICS 331210,USD,CO2e,0.36,,AR5 (EPA: 100-year GWPs from IPCC AR5),US,2022,"EPA Supply Chain GHG Emission Factors v1.3 (USEEIO), purchaser price, 2022 USD","v1.3.0, NAICS-6, with margins",US federal work — public domain,2026-09-25
epa.useeio.v1_3.naics331221,Purchased goods and services — Rolled Steel Shape Manufacturing (spend-based),3,Purchased goods and services / NAICS 331221,USD,CO2e,0.36,,AR5 (EPA: 100-year GWPs from IPCC AR5),US,2022,"EPA Supply Chain GHG Emission Factors v1.3 (USEEIO), purchaser price, 2022 USD","v1.3.0, NAICS-6, with margins",US federal work — public domain,2026-09-25
epa.useeio.v1_3.naics331222,Purchased goods and services — Steel Wire Drawing (spend-based),3,Purchased goods and services / NAICS 331222,USD,CO2e,0.36,,AR5 (EPA: 100-year GWPs from IPCC AR5),US,2022,"EPA Supply Chain GHG Emission Factors v1.3 (USEEIO), purchaser price, 2022 USD","v1.3.0, NAICS-6, with margins",US federal work — public domain,2026-09-25
epa.useeio.v1_3.naics331313,Purchased goods and services — Alumina Refining and Primary Aluminum Production (spend-based),3,Purchased goods and services / NAICS 331313,USD,CO2e,1.018,,AR5 (EPA: 100-year GWPs from IPCC AR5),US,2022,"EPA Supply Chain GHG Emission Factors v1.3 (USEEIO), purchaser price, 2022 USD","v1.3.0, NAICS-6, with margins",US federal work — public domain,2026-09-25
epa.useeio.v1_3.naics331315,"Purchased goods and services — Aluminum Sheet, Plate, and Foil Manufacturing (spend-based)",3,Purchased goods and services / NAICS 331315,USD,CO2e,0.721,,AR5 (EPA: 100-year GWPs from IPCC AR5),US,2022,"EPA Supply Chain GHG Emission Factors v1.3 (USEEIO), purchaser price, 2022 USD","v1.3.0, NAICS-6, with margins",US federal work — public domain,2026-09-25
epa.useeio.v1_3.naics331318,"Purchased goods and services — Other Aluminum Rolling, Drawing, and Extruding (spend-based)",3,Purchased goods and services / NAICS 331318,USD,CO2e,0.721,,AR5 (EPA: 100-year GWPs from IPCC AR5),US,2022,"EPA Supply Chain GHG Emission Factors v1.3 (USEEIO), purchaser price, 2022 USD","v1.3.0, NAICS-6, with margins",US federal work — public domain,2026-09-25
epa.useeio.v1_3.naics331410,Purchased goods and services — Nonferrous Metal (except Aluminum) Smelting and Refining (spend-based),3,Purchased goods and services / NAICS 331410,USD,CO2e,0.423,,AR5 (EPA: 100-year GWPs from IPCC AR5),US,2022,"EPA Supply Chain GHG Emission Factors v1.3 (USEEIO), purchaser price, 2022 USD","v1.3.0, NAICS-6, with margins",US federal work — public domain,2026-09-25
epa.useeio.v1_3.naics331420,"Purchased goods and services — Copper Rolling, Drawing, Extruding, and Alloying (spend-based)",3,Purchased goods and services / NAICS 331420,USD,CO2e,0.334,,AR5 (EPA: 100-year GWPs from IPCC AR5),US,2022,"EPA Supply Chain GHG Emission Factors v1.3 (USEEIO), purchaser price, 2022 USD","v1.3.0, NAICS-6, with margins",US federal work — public domain,2026-09-25
epa.useeio.v1_3.naics331491,"Purchased goods and services — Nonferrous Metal (except Copper and Aluminum) Rolling, Drawing, and Extruding (spend-based)",3,Purchased goods and services / NAICS 331491,USD,CO2e,0.431,,AR5 (EPA: 100-year GWPs from IPCC AR5),US,2022,"EPA Supply Chain GHG Emission Factors v1.3 (USEEIO), purchaser price, 2022 USD","v1.3.0, NAICS-6, with margins",US federal work — public domain,2026-09-25
epa.useeio.v1_3.naics331492,"Purchased goods and services — Secondary Smelting, Refining, and Alloying of Nonferrous Metal (except Copper and Aluminum) (spend-based)",3,Purchased goods and services / NAICS 331492,USD,CO2e,0.431,,AR5 (EPA: 100-year GWPs from IPCC AR5),US,2022,"EPA Supply Chain GHG Emission Factors v1.3 (USEEIO), purchaser price, 2022 USD","v1.3.0, NAICS-6, with margins",US federal work — public domain,2026-09-25
epa.useeio.v1_3.naics331511,Purchased goods and services — Iron Foundries (spend-based),3,Purchased goods and services / NAICS 331511,USD,CO2e,0.369,,AR5 (EPA: 100-year GWPs from IPCC AR5),US,2022,"EPA Supply Chain GHG Emission Factors v1.3 (USEEIO), purchaser price, 2022 USD","v1.3.0, NAICS-6, with margins",US federal work — public domain,2026-09-25
epa.useeio.v1_3.naics331512,Purchased goods and services — Steel Investment Foundries (spend-based),3,Purchased goods and services / NAICS 331512,USD,CO2e,0.369,,AR5 (EPA: 100-year GWPs from IPCC AR5),US,2022,"EPA Supply Chain GHG Emission Factors v1.3 (USEEIO), purchaser price, 2022 USD","v1.3.0, NAICS-6, with margins",US federal work — public domain,2026-09-25
epa.useeio.v1_3.naics331513,Purchased goods and services — Steel Foundries (except Investment) (spend-based),3,Purchased goods and services / NAICS 331513,USD,CO2e,0.369,,AR5 (EPA: 100-year GWPs from IPCC AR5),US,2022,"EPA Supply Chain GHG Emission Factors v1.3 (USEEIO), purchaser price, 2022 USD","v1.3.0, NAICS-6, with margins",US federal work — public domain,2026-09-25
epa.useeio.v1_3.naics331523,Purchased goods and services — Nonferrous Metal Die-Casting Foundries (spend-based),3,Purchased goods and services / NAICS 331523,USD,CO2e,0.462,,AR5 (EPA: 100-year GWPs from IPCC AR5),US,2022,"EPA Supply Chain GHG Emission Factors v1.3 (USEEIO), purchaser price, 2022 USD","v1.3.0, NAICS-6, with margins",US federal work — public domain,2026-09-25
epa.useeio.v1_3.naics331524,Purchased goods and services — Aluminum Foundries (except Die-Casting) (spend-based),3,Purchased goods and services / NAICS 331524,USD,CO2e,0.462,,AR5 (EPA: 100-year GWPs from IPCC AR5),US,2022,"EPA Supply Chain GHG Emission Factors v1.3 (USEEIO), purchaser price, 2022 USD","v1.3.0, NAICS-6, with margins",US federal work — public domain,2026-09-25
epa.useeio.v1_3.naics331529,Purchased goods and services — Other Nonferrous Metal Foundries (except Die-Casting) (spend-based),3,Purchased goods and services / NAICS 331529,USD,CO2e,0.462,,AR5 (EPA: 100-year GWPs from IPCC AR5),US,2022,"EPA Supply Chain GHG Emission Factors v1.3 (USEEIO), purchaser price, 2022 USD","v1.3.0, NAICS-6, with margins",US federal work — public domain,2026-09-25
epa.useeio.v1_3.naics332111,Purchased goods and services — Iron and Steel Forging (spend-based),3,Purchased goods and services / NAICS 332111,USD,CO2e,0.493,,AR5 (EPA: 100-year GWPs from IPCC AR5),US,2022,"EPA Supply Chain GHG Emission Factors v1.3 (USEEIO), purchaser price, 2022 USD","v1.3.0, NAICS-6, with margins",US federal work — public domain,2026-09-25
epa.useeio.v1_3.naics332112,Purchased goods and services — Nonferrous Forging (spend-based),3,Purchased goods and services / NAICS 332112,USD,CO2e,0.493,,AR5 (EPA: 100-year GWPs from IPCC AR5),US,2022,"EPA Supply Chain GHG Emission Factors v1.3 (USEEIO), purchaser price, 2022 USD","v1.3.0, NAICS-6, with margins",US federal work — public domain,2026-09-25
epa.useeio.v1_3.naics332114,Purchased goods and services — Custom Roll Forming (spend-based),3,Purchased goods and services / NAICS 332114,USD,CO2e,0.362,,AR5 (EPA: 100-year GWPs from IPCC AR5),US,2022,"EPA Supply Chain GHG Emission Factors v1.3 (USEEIO), purchaser price, 2022 USD","v1.3.0, NAICS-6, with margins",US federal work — public domain,2026-09-25
epa.useeio.v1_3.naics332117,Purchased goods and services — Powder Metallurgy Part Manufacturing (spend-based),3,Purchased goods and services / NAICS 332117,USD,CO2e,0.493,,AR5 (EPA: 100-year GWPs from IPCC AR5),US,2022,"EPA Supply Chain GHG Emission Factors v1.3 (USEEIO), purchaser price, 2022 USD","v1.3.0, NAICS-6, with margins",US federal work — public domain,2026-09-25
epa.useeio.v1_3.naics332119,"Purchased goods and services — Metal Crown, Closure, and Other Metal Stamping (except Automotive) (spend-based)",3,Purchased goods and services / NAICS 332119,USD,CO2e,0.319,,AR5 (EPA: 100-year GWPs from IPCC AR5),US,2022,"EPA Supply Chain GHG Emission Factors v1.3 (USEEIO), purchaser price, 2022 USD","v1.3.0, NAICS-6, with margins",US federal work — public domain,2026-09-25
epa.useeio.v1_3.naics332215,"Purchased goods and services — Metal Kitchen Cookware, Utensil, Cutlery, and Flatware (except Precious) Manufacturing (spend-based)",3,Purchased goods and services / NAICS 332215,USD,CO2e,0.223,,AR5 (EPA: 100-year GWPs from IPCC AR5),US,2022,"EPA Supply Chain GHG Emission Factors v1.3 (USEEIO), purchaser price, 2022 USD","v1.3.0, NAICS-6, with margins",US federal work — public domain,2026-09-25
epa.useeio.v1_3.naics332216,Purchased goods and services — Saw Blade and Handtool Manufacturing (spend-based),3,Purchased goods and services / NAICS 332216,USD,CO2e,0.223,,AR5 (EPA: 100-year GWPs from IPCC AR5),US,2022,"EPA Supply Chain GHG Emission Factors v1.3 (USEEIO), purchaser price, 2022 USD","v1.3.0, NAICS-6, with margins",US federal work — public domain,2026-09-25
epa.useeio.v1_3.naics332311,Purchased goods and services — Prefabricated Metal Building and Component Manufacturing (spend-based),3,Purchased goods and services / NAICS 332311,USD,CO2e,0.262,,AR5 (EPA: 100-year GWPs from IPCC AR5),US,2022,"EPA Supply Chain GHG Emission Factors v1.3 (USEEIO), purchaser price, 2022 USD","v1.3.0, NAICS-6, with margins",US federal work — public domain,2026-09-25
epa.useeio.v1_3.naics332312,Purchased goods and services — Fabricated Structural Metal Manufacturing (spend-based),3,Purchased goods and services / NAICS 332312,USD,CO2e,0.262,,AR5 (EPA: 100-year GWPs from IPCC AR5),US,2022,"EPA Supply Chain GHG Emission Factors v1.3 (USEEIO), purchaser price, 2022 USD","v1.3.0, NAICS-6, with margins",US federal work — public domain,2026-09-25
epa.useeio.v1_3.naics332313,Purchased goods and services — Plate Work Manufacturing (spend-based),3,Purchased goods and services / NAICS 332313,USD,CO2e,0.262,,AR5 (EPA: 100-year GWPs from IPCC AR5),US,2022,"EPA Supply Chain GHG Emission Factors v1.3 (USEEIO), purchaser price, 2022 USD","v1.3.0, NAICS-6, with margins",US federal work — public domain,2026-09-25
epa.useeio.v1_3.naics332321,Purchased goods and services — Metal Window and Door Manufacturing (spend-based),3,Purchased goods and services / NAICS 332321,USD,CO2e,0.221,,AR5 (EPA: 100-year GWPs from IPCC AR5),US,2022,"EPA Supply Chain GHG Emission Factors v1.3 (USEEIO), purchaser price, 2022 USD","v1.3.0, NAICS-6, with margins",US federal work — public domain,2026-09-25
epa.useeio.v1_3.naics332322,Purchased goods and services — Sheet Metal Work Manufacturing (spend-based),3,Purchased goods and services / NAICS 332322,USD,CO2e,0.221,,AR5 (EPA: 100-year GWPs from IPCC AR5),US,2022,"EPA Supply Chain GHG Emission Factors v1.3 (USEEIO), purchaser price, 2022 USD","v1.3.0, NAICS-6, with margins",US federal work — public domain,2026-09-25
epa.useeio.v1_3.naics332323,Purchased goods and services — Ornamental and Architectural Metal Work Manufacturing (spend-based),3,Purchased goods and services / NAICS 332323,USD,CO2e,0.221,,AR5 (EPA: 100-year GWPs from IPCC AR5),US,2022,"EPA Supply Chain GHG Emission Factors v1.3 (USEEIO), purchaser price, 2022 USD","v1.3.0, NAICS-6, with margins",US federal work — public domain,2026-09-25
epa.useeio.v1_3.naics332410,Purchased goods and services — Power Boiler and Heat Exchanger Manufacturing (spend-based),3,Purchased goods and services / NAICS 332410,USD,CO2e,0.209,,AR5 (EPA: 100-year GWPs from IPCC AR5),US,2022,"EPA Supply Chain GHG Emission Factors v1.3 (USEEIO), purchaser price, 2022 USD","v1.3.0, NAICS-6, with margins",US federal work — public domain,2026-09-25
epa.useeio.v1_3.naics332420,Purchased goods and services — Metal Tank (Heavy Gauge) Manufacturing (spend-based),3,Purchased goods and services / NAICS 332420,USD,CO2e,0.279,,AR5 (EPA: 100-year GWPs from IPCC AR5),US,2022,"EPA Supply Chain GHG Emission Factors v1.3 (USEEIO), purchaser price, 2022 USD","v1.3.0, NAICS-6, with margins",US federal work — public domain,2026-09-25
epa.useeio.v1_3.naics332431,Purchased goods and services — Metal Can Manufacturing (spend-based),3,Purchased goods and services / NAICS 332431,USD,CO2e,0.318,,AR5 (EPA: 100-year GWPs from IPCC AR5),US,2022,"EPA Supply Chain GHG Emission Factors v1.3 (USEEIO), purchaser price, 2022 USD","v1.3.0, NAICS-6, with margins",US federal work — public domain,2026-09-25
epa.useeio.v1_3.naics332439,Purchased goods and services — Other Metal Container Manufacturing (spend-based),3,Purchased goods and services / NAICS 332439,USD,CO2e,0.318,,AR5 (EPA: 100-year GWPs from IPCC AR5),US,2022,"EPA Supply Chain GHG Emission Factors v1.3 (USEEIO), purchaser price, 2022 USD","v1.3.0, NAICS-6, with margins",US federal work — public domain,2026-09-25
epa.useeio.v1_3.naics332510,Purchased goods and services — Hardware Manufacturing (spend-based),3,Purchased goods and services / NAICS 332510,USD,CO2e,0.191,,AR5 (EPA: 100-year GWPs from IPCC AR5),US,2022,"EPA Supply Chain GHG Emission Factors v1.3 (USEEIO), purchaser price, 2022 USD","v1.3.0, NAICS-6, with margins",US federal work — public domain,2026-09-25
epa.useeio.v1_3.naics332613,Purchased goods and services — Spring Manufacturing (spend-based),3,Purchased goods and services / NAICS 332613,USD,CO2e,0.233,,AR5 (EPA: 100-year GWPs from IPCC AR5),US,2022,"EPA Supply Chain GHG Emission Factors v1.3 (USEEIO), purchaser price, 2022 USD","v1.3.0, NAICS-6, with margins",US federal work — public domain,2026-09-25
epa.useeio.v1_3.naics332618,Purchased goods and services — Other Fabricated Wire Product Manufacturing (spend-based),3,Purchased goods and services / NAICS 332618,USD,CO2e,0.233,,AR5 (EPA: 100-year GWPs from IPCC AR5),US,2022,"EPA Supply Chain GHG Emission Factors v1.3 (USEEIO), purchaser price, 2022 USD","v1.3.0, NAICS-6, with margins",US federal work — public domain,2026-09-25
epa.useeio.v1_3.naics332710,Purchased goods and services — Machine Shops (spend-based),3,Purchased goods and services / NAICS 332710,USD,CO2e,0.278,,AR5 (EPA: 100-year GWPs from IPCC AR5),US,2022,"EPA Supply Chain GHG Emission Factors v1.3 (USEEIO), purchaser price, 2022 USD","v1.3.0, NAICS-6, with margins",US federal work — public domain,2026-09-25
epa.useeio.v1_3.naics332721,Purchased goods and services — Precision Turned Product Manufacturing (spend-based),3,Purchased goods and services / NAICS 332721,USD,CO2e,0.248,,AR5 (EPA: 100-year GWPs from IPCC AR5),US,2022,"EPA Supply Chain GHG Emission Factors v1.3 (USEEIO), purchaser price, 2022 USD","v1.3.0, NAICS-6, with margins",US federal work — public domain,2026-09-25
epa.useeio.v1_3.naics332722,"Purchased goods and services — Bolt, Nut, Screw, Rivet, and Washer Manufacturing (spend-based)",3,Purchased goods and services / NAICS 332722,USD,CO2e,0.248,,AR5 (EPA: 100-year GWPs from IPCC AR5),US,2022,"EPA Supply Chain GHG Emission Factors v1.3 (USEEIO), purchaser price, 2022 USD","v1.3.0, NAICS-6, with margins",US federal work — public domain,2026-09-25
epa.useeio.v1_3.naics332811,Purchased goods and services — Metal Heat Treating (spend-based),3,Purchased goods and services / NAICS 332811,USD,CO2e,0.382,,AR5 (EPA: 100-year GWPs from IPCC AR5),US,2022,"EPA Supply Chain GHG Emission Factors v1.3 (USEEIO), purchaser price, 2022 USD","v1.3.0, NAICS-6, with margins",US federal work — public domain,2026-09-25
epa.useeio.v1_3.naics332812,"Purchased goods and services — Metal Coating, Engraving (except Jewelry and Silverware), and Allied Services to Manufacturers (spend-based)",3,Purchased goods and services / NAICS 332812,USD,CO2e,0.382,,AR5 (EPA: 100-year GWPs from IPCC AR5),US,2022,"EPA Supply Chain GHG Emission Factors v1.3 (USEEIO), purchaser price, 2022 USD","v1.3.0, NAICS-6, with margins",US federal work — public domain,2026-09-25
epa.useeio.v1_3.naics332813,"Purchased goods and services — Electroplating, Plating, Polishing, Anodizing, and Coloring (spend-based)",3,Purchased goods and services / NAICS 332813,USD,CO2e,0.382,,AR5 (EPA: 100-year GWPs from IPCC AR5),US,2022,"EPA Supply Chain GHG Emission Factors v1.3 (USEEIO), purchaser price, 2022 USD","v1.3.0, NAICS-6, with margins",US federal work — public domain,2026-09-25
epa.useeio.v1_3.naics332911,Purchased goods and services — Industrial Valve Manufacturing (spend-based),3,Purchased goods and services / NAICS 332911,USD,CO2e,0.173,,AR5 (EPA: 100-year GWPs from IPCC AR5),US,2022,"EPA Supply Chain GHG Emission Factors v1.3 (USEEIO), purchaser price, 2022 USD","v1.3.0, NAICS-6, with margins",US federal work — public domain,2026-09-25
epa.useeio.v1_3.naics332912,Purchased goods and services — Fluid Power Valve and Hose Fitting Manufacturing (spend-based),3,Purchased goods and services / NAICS 332912,USD,CO2e,0.173,,AR5 (EPA: 100-year GWPs from IPCC AR5),US,2022,"EPA Supply Chain GHG Emission Factors v1.3 (USEEIO), purchaser price, 2022 USD","v1.3.0, NAICS-6, with margins",US federal work — public domain,2026-09-25
epa.useeio.v1_3.naics332913,Purchased goods and services — Plumbing Fixture Fitting and Trim Manufacturing (spend-based),3,Purchased goods and services / NAICS 332913,USD,CO2e,0.171,,AR5 (EPA: 100-year GWPs from IPCC AR5),US,2022,"EPA Supply Chain GHG Emission Factors v1.3 (USEEIO), purchaser price, 2022 USD","v1.3.0, NAICS-6, with margins",US federal work — public domain,2026-09-25
epa.useeio.v1_3.naics332919,Purchased goods and services — Other Metal Valve and Pipe Fitting Manufacturing (spend-based),3,Purchased goods and services / NAICS 332919,USD,CO2e,0.173,,AR5 (EPA: 100-year GWPs from IPCC AR5),US,2022,"EPA Supply Chain GHG Emission Factors v1.3 (USEEIO), purchaser price, 2022 USD","v1.3.0, NAICS-6, with margins",US federal work — public domain,2026-09-25
epa.useeio.v1_3.naics332991,Purchased goods and services — Ball and Roller Bearing Manufacturing (spend-based),3,Purchased goods and services / NAICS 332991,USD,CO2e,0.203,,AR5 (EPA: 100-year GWPs from IPCC AR5),US,2022,"EPA Supply Chain GHG Emission Factors v1.3 (USEEIO), purchaser price, 2022 USD","v1.3.0, NAICS-6, with margins",US federal work — public domain,2026-09-25
epa.useeio.v1_3.naics332992,Purchased goods and services — Small Arms Ammunition Manufacturing (spend-based),3,Purchased goods and services / NAICS 332992,USD,CO2e,0.168,,AR5 (EPA: 100-year GWPs from IPCC AR5),US,2022,"EPA Supply Chain GHG Emission Factors v1.3 (USEEIO), purchaser price, 2022 USD","v1.3.0, NAICS-6, with margins",US federal work — public domain,2026-09-25
epa.useeio.v1_3.naics332993,Purchased goods and services — Ammunition (except Small Arms) Manufacturing (spend-based),3,Purchased goods and services / NAICS 332993,USD,CO2e,0.168,,AR5 (EPA: 100-year GWPs from IPCC AR5),US,2022,"EPA Supply Chain GHG Emission Factors v1.3 (USEEIO), purchaser price, 2022 USD","v1.3.0, NAICS-6, with margins",US federal work — public domain,2026-09-25
epa.useeio.v1_3.naics332994,"Purchased goods and services — Small Arms, Ordnance, and Ordnance Accessories Manufacturing (spend-based)",3,Purchased goods and services / NAICS 332994,USD,CO2e,0.168,,AR5 (EPA: 100-year GWPs from IPCC AR5),US,2022,"EPA Supply Chain GHG Emission Factors v1.3 (USEEIO), purchaser price, 2022 USD","v1.3.0, NAICS-6, with margins",US federal work — public domain,2026-09-25
epa.useeio.v1_3.naics332996,Purchased goods and services — Fabricated Pipe and Pipe Fitting Manufacturing (spend-based),3,Purchased goods and services / NAICS 332996,USD,CO2e,0.238,,AR5 (EPA: 100-year GWPs from IPCC AR5),US,2022,"EPA Supply Chain GHG Emission Factors v1.3 (USEEIO), purchaser price, 2022 USD","v1.3.0, NAICS-6, with margins",US federal work — public domain,2026-09-25
epa.useeio.v1_3.naics332999,Purchased goods and services — All Other Miscellaneous Fabricated Metal Product Manufacturing (spend-based),3,Purchased goods and services / NAICS 332999,USD,CO2e,0.272,,AR5 (EPA: 100-year GWPs from IPCC AR5),US,2022,"EPA Supply Chain GHG Emission Factors v1.3 (USEEIO), purchaser price, 2022 USD","v1.3.0, NAICS-6, with margins",US federal work — public domain,2026-09-25
epa.useeio.v1_3.naics333111,Purchased goods and services — Farm Machinery and Equipment Manufacturing (spend-based),3,Purchased goods and services / NAICS 333111,USD,CO2e,0.22,,AR5 (EPA: 100-year GWPs from IPCC AR5),US,2022,"EPA Supply Chain GHG Emission Factors v1.3 (USEEIO), purchaser price, 2022 USD","v1.3.0, NAICS-6, with margins",US federal work — public domain,2026-09-25
epa.useeio.v1_3.naics333112,Purchased goods and services — Lawn and Garden Tractor and Home Lawn and Garden Equipment Manufacturing (spend-based),3,Purchased goods and services / NAICS 333112,USD,CO2e,0.12,,AR5 (EPA: 100-year GWPs from IPCC AR5),US,2022,"EPA Supply Chain GHG Emission Factors v1.3 (USEEIO), purchaser price, 2022 USD","v1.3.0, NAICS-6, with margins",US federal work — public domain,2026-09-25
epa.useeio.v1_3.naics333120,Purchased goods and services — Construction Machinery Manufacturing (spend-based),3,Purchased goods and services / NAICS 333120,USD,CO2e,0.228,,AR5 (EPA: 100-year GWPs from IPCC AR5),US,2022,"EPA Supply Chain GHG Emission Factors v1.3 (USEEIO), purchaser price, 2022 USD","v1.3.0, NAICS-6, with margins",US federal work — public domain,2026-09-25
epa.useeio.v1_3.naics333131,Purchased goods and services — Mining Machinery and Equipment Manufacturing (spend-based),3,Purchased goods and services / NAICS 333131,USD,CO2e,0.219,,AR5 (EPA: 100-year GWPs from IPCC AR5),US,2022,"EPA Supply Chain GHG Emission Factors v1.3 (USEEIO), purchaser price, 2022 USD","v1.3.0, NAICS-6, with margins",US federal work — public domain,2026-09-25
epa.useeio.v1_3.naics333132,Purchased goods and services — Oil and Gas Field Machinery and Equipment Manufacturing (spend-based),3,Purchased goods and services / NAICS 333132,USD,CO2e,0.219,,AR5 (EPA: 100-year GWPs from IPCC AR5),US,2022,"EPA Supply Chain GHG Emission Factors v1.3 (USEEIO), purchaser price, 2022 USD","v1.3.0, NAICS-6, with margins",US federal work — public domain,2026-09-25
epa.useeio.v1_3.naics333241,Purchased goods and services — Food Product Machinery Manufacturing (spend-based),3,Purchased goods and services / NAICS 333241,USD,CO2e,0.185,,AR5 (EPA: 100-year GWPs from IPCC AR5),US,2022,"EPA Supply Chain GHG Emission Factors v1.3 (USEEIO), purchaser price, 2022 USD","v1.3.0, NAICS-6, with margins",US federal work — public domain,2026-09-25
epa.useeio.v1_3.naics333242,Purchased goods and services — Semiconductor Machinery Manufacturing (spend-based),3,Purchased goods and services / NAICS 333242,USD,CO2e,0.15,,AR5 (EPA: 100-year GWPs from IPCC AR5),US,2022,"EPA Supply Chain GHG Emission Factors v1.3 (USEEIO), purchaser price, 2022 USD","v1.3.0, NAICS-6, with margins",US federal work — public domain,2026-09-25
epa.useeio.v1_3.naics333243,"Purchased goods and services — Sawmill, Woodworking, and Paper Machinery Manufacturing (spend-based)",3,Purchased goods and services / NAICS 333243,USD,CO2e,0.185,,AR5 (EPA: 100-year GWPs from IPCC AR5),US,2022,"EPA Supply Chain GHG Emission Factors v1.3 (USEEIO), purchaser price, 2022 USD","v1.3.0, NAICS-6, with margins",US federal work — public domain,2026-09-25
epa.useeio.v1_3.naics333244,Purchased goods and services — Printing Machinery and Equipment Manufacturing (spend-based),3,Purchased goods and services / NAICS 333244,USD,CO2e,0.185,,AR5 (EPA: 100-year GWPs from IPCC AR5),US,2022,"EPA Supply Chain GHG Emission Factors v1.3 (USEEIO), purchaser price, 2022 USD","v1.3.0, NAICS-6, with margins",US federal work — public domain,2026-09-25
epa.useeio.v1_3.naics333249,Purchased goods and services — Other Industrial Machinery Manufacturing (spend-based),3,Purchased goods and services / NAICS 333249,USD,CO2e,0.185,,AR5 (EPA: 100-year GWPs from IPCC AR5),US,2022,"EPA Supply Chain GHG Emission Factors v1.3 (USEEIO), purchaser price, 2022 USD","v1.3.0, NAICS-6, with margins",US federal work — public domain,2026-09-25
epa.useeio.v1_3.naics333314,Purchased goods and services — Optical Instrument and Lens Manufacturing (spend-based),3,Purchased goods and services / NAICS 333314,USD,CO2e,0.175,,AR5 (EPA: 100-year GWPs from IPCC AR5),US,2022,"EPA Supply Chain GHG Emission Factors v1.3 (USEEIO), purchaser price, 2022 USD","v1.3.0, NAICS-6, with margins",US federal work — public domain,2026-09-25
epa.useeio.v1_3.naics333316,Purchased goods and services — Photographic and Photocopying Equipment Manufacturing (spend-based),3,Purchased goods and services / NAICS 333316,USD,CO2e,0.135,,AR5 (EPA: 100-year GWPs from IPCC AR5),US,2022,"EPA Supply Chain GHG Emission Factors v1.3 (USEEIO), purchaser price, 2022 USD","v1.3.0, NAICS-6, with margins",US federal work — public domain,2026-09-25
epa.useeio.v1_3.naics333318,Purchased goods and services — Other Commercial and Service Industry Machinery Manufacturing (spend-based),3,Purchased goods and services / NAICS 333318,USD,CO2e,0.205,,AR5 (EPA: 100-year GWPs from IPCC AR5),US,2022,"EPA Supply Chain GHG Emission Factors v1.3 (USEEIO), purchaser price, 2022 USD","v1.3.0, NAICS-6, with margins",US federal work — public domain,2026-09-25
epa.useeio.v1_3.naics333413,Purchased goods and services — Industrial and Commercial Fan and Blower and Air Purification Equipment Manufacturing (spend-based),3,Purchased goods and services / NAICS 333413,USD,CO2e,0.21,,AR5 (EPA: 100-year GWPs from IPCC AR5),US,2022,"EPA Supply Chain GHG Emission Factors v1.3 (USEEIO), purchaser price, 2022 USD","v1.3.0, NAICS-6, with margins",US federal work — public domain,2026-09-25
epa.useeio.v1_3.naics333414,Purchased goods and services — Heating Equipment (except Warm Air Furnaces) Manufacturing (spend-based),3,Purchased goods and services / NAICS 333414,USD,CO2e,0.176,,AR5 (EPA: 100-year GWPs from IPCC AR5),US,2022,"EPA Supply Chain GHG Emission Factors v1.3 (USEEIO), purchaser price, 2022 USD","v1.3.0, NAICS-6, with margins",US federal work — public domain,2026-09-25
epa.useeio.v1_3.naics333415,Purchased goods and services — Air-Conditioning and Warm Air Heating Equipment and Commercial and Industrial Refrigeration Equipment Manufacturing (spend-based),3,Purchased goods and services / NAICS 333415,USD,CO2e,0.184,,AR5 (EPA: 100-year GWPs from IPCC AR5),US,2022,"EPA Supply Chain GHG Emission Factors v1.3 (USEEIO), purchaser price, 2022 USD","v1.3.0, NAICS-6, with margins",US federal work — public domain,2026-09-25
epa.useeio.v1_3.naics333511,Purchased goods and services — Industrial Mold Manufacturing (spend-based),3,Purchased goods and services / NAICS 333511,USD,CO2e,0.262,,AR5 (EPA: 100-year GWPs from IPCC AR5),US,2022,"EPA Supply Chain GHG Emission Factors v1.3 (USEEIO), purchaser price, 2022 USD","v1.3.0, NAICS-6, with margins",US federal work — public domain,2026-09-25
epa.useeio.v1_3.naics333514,"Purchased goods and services — Special Die and Tool, Die Set, Jig, and Fixture Manufacturing (spend-based)",3,Purchased goods and services / NAICS 333514,USD,CO2e,0.21,,AR5 (EPA: 100-year GWPs from IPCC AR5),US,2022,"EPA Supply Chain GHG Emission Factors v1.3 (USEEIO), purchaser price, 2022 USD","v1.3.0, NAICS-6, with margins",US federal work — public domain,2026-09-25
epa.useeio.v1_3.naics333515,Purchased goods and services — Cutting Tool and Machine Tool Accessory Manufacturing (spend-based),3,Purchased goods and services / NAICS 333515,USD,CO2e,0.207,,AR5 (EPA: 100-year GWPs from IPCC AR5),US,2022,"EPA Supply Chain GHG Emission Factors v1.3 (USEEIO), purchaser price, 2022 USD","v1.3.0, NAICS-6, with margins",US federal work — public domain,2026-09-25
epa.useeio.v1_3.naics333517,Purchased goods and services — Machine Tool Manufacturing (spend-based),3,Purchased goods and services / NAICS 333517,USD,CO2e,0.199,,AR5 (EPA: 100-year GWPs from IPCC AR5),US,2022,"EPA Supply Chain GHG Emission Factors v1.3 (USEEIO), purchaser price, 2022 USD","v1.3.0, NAICS-6, with margins",US federal work — public domain,2026-09-25
epa.useeio.v1_3.naics333519,Purchased goods and services — Rolling Mill and Other Metalworking Machinery Manufacturing (spend-based),3,Purchased goods and services / NAICS 333519,USD,CO2e,0.207,,AR5 (EPA: 100-year GWPs from IPCC AR5),US,2022,"EPA Supply Chain GHG Emission Factors v1.3 (USEEIO), purchaser price, 2022 USD","v1.3.0, NAICS-6, with margins",US federal work — public domain,2026-09-25
epa.useeio.v1_3.naics333611,Purchased goods and services — Turbine and Turbine Generator Set Units Manufacturing (spend-based),3,Purchased goods and services / NAICS 333611,USD,CO2e,0.201,,AR5 (EPA: 100-year GWPs from IPCC AR5),US,2022,"EPA Supply Chain GHG Emission Factors v1.3 (USEEIO), purchaser price, 2022 USD","v1.3.0, NAICS-6, with margins",US federal work — public domain,2026-09-25
epa.useeio.v1_3.naics333612,"Purchased goods and services — Speed Changer, Industrial High-Speed Drive, and Gear Manufacturing (spend-based)",3,Purchased goods and services / NAICS 333612,USD,CO2e,0.179,,AR5 (EPA: 100-year GWPs from IPCC AR5),US,2022,"EPA Supply Chain GHG Emission Factors v1.3 (USEEIO), purchaser price, 2022 USD","v1.3.0, NAICS-6, with margins",US federal work — public domain,2026-09-25
epa.useeio.v1_3.naics333613,Purchased goods and services — Mechanical Power Transmission Equipment Manufacturing (spend-based),3,Purchased goods and services / NAICS 333613,USD,CO2e,0.209,,AR5 (EPA: 100-year GWPs from IPCC AR5),US,2022,"EPA Supply Chain GHG Emission Factors v1.3 (USEEIO), purchaser price, 2022 USD","v1.3.0, NAICS-6, with margins",US federal work — public domain,2026-09-25
epa.useeio.v1_3.naics333618,Purchased goods and services — Other Engine Equipment Manufacturing (spend-based),3,Purchased goods and services / NAICS 333618,USD,CO2e,0.297,,AR5 (EPA: 100-year GWPs from IPCC AR5),US,2022,"EPA Supply Chain GHG Emission Factors v1.3 (USEEIO), purchaser price, 2022 USD","v1.3.0, NAICS-6, with margins",US federal work — public domain,2026-09-25
epa.useeio.v1_3.naics333912,Purchased goods and services — Air and Gas Compressor Manufacturing (spend-based),3,Purchased goods and services / NAICS 333912,USD,CO2e,0.177,,AR5 (EPA: 100-year GWPs from IPCC AR5),US,2022,"EPA Supply Chain GHG Emission Factors v1.3 (USEEIO), purchaser price, 2022 USD","v1.3.0, NAICS-6, with margins",US federal work — public domain,2026-09-25
epa.useeio.v1_3.naics333914,"Purchased goods and services — Measuring, Dispensing, and Other Pumping Equipment Manufacturing (spend-based)",3,Purchased goods and services / NAICS 333914,USD,CO2e,0.223,,AR5 (EPA: 100-year GWPs from IPCC AR5),US,2022,"EPA Supply Chain GHG Emission Factors v1.3 (USEEIO), purchaser price, 2022 USD","v1.3.0, NAICS-6, with margins",US federal work — public domain,2026-09-25
epa.useeio.v1_3.naics333921,Purchased goods and services — Elevator and Moving Stairway Manufacturing (spend-based),3,Purchased goods and services / NAICS 333921,USD,CO2e,0.256,,AR5 (EPA: 100-year GWPs from IPCC AR5),US,2022,"EPA Supply Chain GHG Emission Factors v1.3 (USEEIO), purchaser price, 2022 USD","v1.3.0, NAICS-6, with margins",US federal work — public domain,2026-09-25
epa.useeio.v1_3.naics333922,Purchased goods and services — Conveyor and Conveying Equipment Manufacturing (spend-based),3,Purchased goods and services / NAICS 333922,USD,CO2e,0.256,,AR5 (EPA: 100-year GWPs from IPCC AR5),US,2022,"EPA Supply Chain GHG Emission Factors v1.3 (USEEIO), purchaser price, 2022 USD","v1.3.0, NAICS-6, with margins",US federal work — public domain,2026-09-25
epa.useeio.v1_3.naics333923,"Purchased goods and services — Overhead Traveling Crane, Hoist, and Monorail System Manufacturing (spend-based)",3,Purchased goods and services / NAICS 333923,USD,CO2e,0.256,,AR5 (EPA: 100-year GWPs from IPCC AR5),US,2022,"EPA Supply Chain GHG Emission Factors v1.3 (USEEIO), purchaser price, 2022 USD","v1.3.0, NAICS-6, with margins",US federal work — public domain,2026-09-25
epa.useeio.v1_3.naics333924,"Purchased goods and services — Industrial Truck, Tractor, Trailer, and Stacker Machinery Manufacturing (spend-based)",3,Purchased goods and services / NAICS 333924,USD,CO2e,0.256,,AR5 (EPA: 100-year GWPs from IPCC AR5),US,2022,"EPA Supply Chain GHG Emission Factors v1.3 (USEEIO), purchaser price, 2022 USD","v1.3.0, NAICS-6, with margins",US federal work — public domain,2026-09-25
epa.useeio.v1_3.naics333991,Purchased goods and services — Power-Driven Handtool Manufacturing (spend-based),3,Purchased goods and services / NAICS 333991,USD,CO2e,0.136,,AR5 (EPA: 100-year GWPs from IPCC AR5),US,2022,"EPA Supply Chain GHG Emission Factors v1.3 (USEEIO), purchaser price, 2022 USD","v1.3.0, NAICS-6, with margins",US federal work — public domain,2026-09-25
epa.useeio.v1_3.naics333992,Purchased goods and services — Welding and Soldering Equipment Manufacturing (spend-based),3,Purchased goods and services / NAICS 333992,USD,CO2e,0.249,,AR5 (EPA: 100-year GWPs from IPCC AR5),US,2022,"EPA Supply Chain GHG Emission Factors v1.3 (USEEIO), purchaser price, 2022 USD","v1.3.0, NAICS-6, with margins",US federal work — public domain,2026-09-25
epa.useeio.v1_3.naics333993,Purchased goods and services — Packaging Machinery Manufacturing (spend-based),3,Purchased goods and services / NAICS 333993,USD,CO2e,0.136,,AR5 (EPA: 100-year GWPs from IPCC AR5),US,2022,"EPA Supply Chain GHG Emission Factors v1.3 (USEEIO), purchaser price, 2022 USD","v1.3.0, NAICS-6, with margins",US federal work — public domain,2026-09-25
epa.useeio.v1_3.naics333994,Purchased goods and services — Industrial Process Furnace and Oven Manufacturing (spend-based),3,Purchased goods and services / NAICS 333994,USD,CO2e,0.19,,AR5 (EPA: 100-year GWPs from IPCC AR5),US,2022,"EPA Supply Chain GHG Emission Factors v1.3 (USEEIO), purchaser price, 2022 USD","v1.3.0, NAICS-6, with margins",US federal work — public domain,2026-09-25
epa.useeio.v1_3.naics333995,Purchased goods and services — Fluid Power Cylinder and Actuator Manufacturing (spend-based),3,Purchased goods and services / NAICS 333995,USD,CO2e,0.202,,AR5 (EPA: 100-year GWPs from IPCC AR5),US,2022,"EPA Supply Chain GHG Emission Factors v1.3 (USEEIO), purchaser price, 2022 USD","v1.3.0, NAICS-6, with margins",US federal work — public domain,2026-09-25
epa.useeio.v1_3.naics333996,Purchased goods and services — Fluid Power Pump and Motor Manufacturing (spend-based),3,Purchased goods and services / NAICS 333996,USD,CO2e,0.202,,AR5 (EPA: 100-year GWPs from IPCC AR5),US,2022,"EPA Supply Chain GHG Emission Factors v1.3 (USEEIO), purchaser price, 2022 USD","v1.3.0, NAICS-6, with margins",US federal work — public domain,2026-09-25
epa.useeio.v1_3.naics333997,Purchased goods and services — Scale and Balance Manufacturing (spend-based),3,Purchased goods and services / NAICS 333997,USD,CO2e,0.249,,AR5 (EPA: 100-year GWPs from IPCC AR5),US,2022,"EPA Supply Chain GHG Emission Factors v1.3 (USEEIO), purchaser price, 2022 USD","v1.3.0, NAICS-6, with margins",US federal work — public domain,2026-09-25
epa.useeio.v1_3.naics333999,Purchased goods and services — All Other Miscellaneous General Purpose Machinery Manufacturing (spend-based),3,Purchased goods and services / NAICS 333999,USD,CO2e,0.249,,AR5 (EPA: 100-year GWPs from IPCC AR5),US,2022,"EPA Supply Chain GHG Emission Factors v1.3 (USEEIO), purchaser price, 2022 USD","v1.3.0, NAICS-6, with margins",US federal work — public domain,2026-09-25
epa.useeio.v1_3.naics334111,Purchased goods and services — Electronic Computer Manufacturing (spend-based),3,Purchased goods and services / NAICS 334111,USD,CO2e,0.058,,AR5 (EPA: 100-year GWPs from IPCC AR5),US,2022,"EPA Supply Chain GHG Emission Factors v1.3 (USEEIO), purchaser price, 2022 USD","v1.3.0, NAICS-6, with margins",US federal work — public domain,2026-09-25
epa.useeio.v1_3.naics334112,Purchased goods and services — Computer Storage Device Manufacturing (spend-based),3,Purchased goods and services / NAICS 334112,USD,CO2e,0.071,,AR5 (EPA: 100-year GWPs from IPCC AR5),US,2022,"EPA Supply Chain GHG Emission Factors v1.3 (USEEIO), purchaser price, 2022 USD","v1.3.0, NAICS-6, with margins",US federal work — public domain,2026-09-25
epa.useeio.v1_3.naics334118,Purchased goods and services — Computer Terminal and Other Computer Peripheral Equipment Manufacturing (spend-based),3,Purchased goods and services / NAICS 334118,USD,CO2e,0.143,,AR5 (EPA: 100-year GWPs from IPCC AR5),US,2022,"EPA Supply Chain GHG Emission Factors v1.3 (USEEIO), purchaser price, 2022 USD","v1.3.0, NAICS-6, with margins",US federal work — public domain,2026-09-25
epa.useeio.v1_3.naics334210,Purchased goods and services — Telephone Apparatus Manufacturing (spend-based),3,Purchased goods and services / NAICS 334210,USD,CO2e,0.096,,AR5 (EPA: 100-year GWPs from IPCC AR5),US,2022,"EPA Supply Chain GHG Emission Factors v1.3 (USEEIO), purchaser price, 2022 USD","v1.3.0, NAICS-6, with margins",US federal work — public domain,2026-09-25
epa.useeio.v1_3.naics334220,Purchased goods and services — Radio and Television Broadcasting and Wireless Communications Equipment Manufacturing (spend-based),3,Purchased goods and services / NAICS 334220,USD,CO2e,0.111,,AR5 (EPA: 100-year GWPs from IPCC AR5),US,2022,"EPA Supply Chain GHG Emission Factors v1.3 (USEEIO), purchaser price, 2022 USD","v1.3.0, NAICS-6, with margins",US federal work — public domain,2026-09-25
epa.useeio.v1_3.naics334290,Purchased goods and services — Other Communications Equipment Manufacturing (spend-based),3,Purchased goods and services / NAICS 334290,USD,CO2e,0.08,,AR5 (EPA: 100-year GWPs from IPCC AR5),US,2022,"EPA Supply Chain GHG Emission Factors v1.3 (USEEIO), purchaser price, 2022 USD","v1.3.0, NAICS-6, with margins",US federal work — public domain,2026-09-25
epa.useeio.v1_3.naics334310,Purchased goods and services — Audio and Video Equipment Manufacturing (spend-based),3,Purchased goods and services / NAICS 334310,USD,CO2e,0.081,,AR5 (EPA: 100-year GWPs from IPCC AR5),US,2022,"EPA Supply Chain GHG Emission Factors v1.3 (USEEIO), purchaser price, 2022 USD","v1.3.0, NAICS-6, with margins",US federal work — public domain,2026-09-25
epa.useeio.v1_3.naics334412,Purchased goods and services — Bare Printed Circuit Board Manufacturing (spend-based),3,Purchased goods and services / NAICS 334412,USD,CO2e,0.098,,AR5 (EPA: 100-year GWPs from IPCC AR5),US,2022,"EPA Supply Chain GHG Emission Factors v1.3 (USEEIO), purchaser price, 2022 USD","v1.3.0, NAICS-6, with margins",US federal work — public domain,2026-09-25
epa.useeio.v1_3.naics334413,Purchased goods and services — Semiconductor and Related Device Manufacturing (spend-based),3,Purchased goods and services / NAICS 334413,USD,CO2e,0.215,,AR5 (EPA: 100-year GWPs from IPCC AR5),US,2022,"EPA Supply Chain GHG Emission Factors v1.3 (USEEIO), purchaser price, 2022 USD","v1.3.0, NAICS-6, with margins",US federal work — public domain,2026-09-25
epa.useeio.v1_3.naics334416,"Purchased goods and services — Capacitor, Resistor, Coil, Transformer, and Other Inductor Manufacturing (spend-based)",3,Purchased goods and services / NAICS 334416,USD,CO2e,0.098,,AR5 (EPA: 100-year GWPs from IPCC AR5),US,2022,"EPA Supply Chain GHG Emission Factors v1.3 (USEEIO), purchaser price, 2022 USD","v1.3.0, NAICS-6, with margins",US federal work — public domain,2026-09-25
epa.useeio.v1_3.naics334417,Purchased goods and services — Electronic Connector Manufacturing (spend-based),3,Purchased goods and services / NAICS 334417,USD,CO2e,0.098,,AR5 (EPA: 100-year GWPs from IPCC AR5),US,2022,"EPA Supply Chain GHG Emission Factors v1.3 (USEEIO), purchaser price, 2022 USD","v1.3.0, NAICS-6, with margins",US federal work — public domain,2026-09-25
epa.useeio.v1_3.naics334418,Purchased goods and services — Printed Circuit Assembly (Electronic Assembly) Manufacturing (spend-based),3,Purchased goods and services / NAICS 334418,USD,CO2e,0.101,,AR5 (EPA: 100-year GWPs from IPCC AR5),US,2022,"EPA Supply Chain GHG Emission Factors v1.3 (USEEIO), purchaser price, 2022 USD","v1.3.0, NAICS-6, with margins",US federal work — public domain,2026-09-25
epa.useeio.v1_3.naics334419,Purchased goods and services — Other Electronic Component Manufacturing (spend-based),3,Purchased goods and services / NAICS 334419,USD,CO2e,0.098,,AR5 (EPA: 100-year GWPs from IPCC AR5),US,2022,"EPA Supply Chain GHG Emission Factors v1.3 (USEEIO), purchaser price, 2022 USD","v1.3.0, NAICS-6, with margins",US federal work — public domain,2026-09-25
epa.useeio.v1_3.naics334510,Purchased goods and services — Electromedical and Electrotherapeutic Apparatus Manufacturing (spend-based),3,Purchased goods and services / NAICS 334510,USD,CO2e,0.135,,AR5 (EPA: 100-year GWPs from IPCC AR5),US,2022,"EPA Supply Chain GHG Emission Factors v1.3 (USEEIO), purchaser price, 2022 USD","v1.3.0, NAICS-6, with margins",US federal work — public domain,2026-09-25
epa.useeio.v1_3.naics334511,"Purchased goods and services — Search, Detection, Navigation, Guidance, Aeronautical, and Nautical System and Instrument Manufacturing (spend-based)",3,Purchased goods and services / NAICS 334511,USD,CO2e,0.071,,AR5 (EPA: 100-year GWPs from IPCC AR5),US,2022,"EPA Supply Chain GHG Emission Factors v1.3 (USEEIO), purchaser price, 2022 USD","v1.3.0, NAICS-6, with margins",US federal work — public domain,2026-09-25
epa.useeio.v1_3.naics334512,"Purchased goods and services — Automatic Environmental Control Manufacturing for Residential, Commercial, and Appliance Use (spend-based)",3,Purchased goods and services / NAICS 334512,USD,CO2e,0.07,,AR5 (EPA: 100-year GWPs from IPCC AR5),US,2022,"EPA Supply Chain GHG Emission Factors v1.3 (USEEIO), purchaser price, 2022 USD","v1.3.0, NAICS-6, with margins",US federal work — public domain,2026-09-25
epa.useeio.v1_3.naics334513,"Purchased goods and services — Instruments and Related Products Manufacturing for Measuring, Displaying, and Controlling Industrial Process Variables (spend-based)",3,Purchased goods and services / NAICS 334513,USD,CO2e,0.063,,AR5 (EPA: 100-year GWPs from IPCC AR5),US,2022,"EPA Supply Chain GHG Emission Factors v1.3 (USEEIO), purchaser price, 2022 USD","v1.3.0, NAICS-6, with margins",US federal work — public domain,2026-09-25
epa.useeio.v1_3.naics334514,Purchased goods and services — Totalizing Fluid Meter and Counting Device Manufacturing (spend-based),3,Purchased goods and services / NAICS 334514,USD,CO2e,0.084,,AR5 (EPA: 100-year GWPs from IPCC AR5),US,2022,"EPA Supply Chain GHG Emission Factors v1.3 (USEEIO), purchaser price, 2022 USD","v1.3.0, NAICS-6, with margins",US federal work — public domain,2026-09-25
epa.useeio.v1_3.naics334515,Purchased goods and services — Instrument Manufacturing for Measuring and Testing Electricity and Electrical Signals (spend-based),3,Purchased goods and services / NAICS 334515,USD,CO2e,0.079,,AR5 (EPA: 100-year GWPs from IPCC AR5),US,2022,"EPA Supply Chain GHG Emission Factors v1.3 (USEEIO), purchaser price, 2022 USD","v1.3.0, NAICS-6, with margins",US federal work — public domain,2026-09-25
epa.useeio.v1_3.naics334516,Purchased goods and services — Analytical Laboratory Instrument Manufacturing (spend-based),3,Purchased goods and services / NAICS 334516,USD,CO2e,0.102,,AR5 (EPA: 100-year GWPs from IPCC AR5),US,2022,"EPA Supply Chain GHG Emission Factors v1.3 (USEEIO), purchaser price, 2022 USD","v1.3.0, NAICS-6, with margins",US federal work — public domain,2026-09-25
epa.useeio.v1_3.naics334517,Purchased goods and services — Irradiation Apparatus Manufacturing (spend-based),3,Purchased goods and services / NAICS 334517,USD,CO2e,0.135,,AR5 (EPA: 100-year GWPs from IPCC AR5),US,2022,"EPA Supply Chain GHG Emission Factors v1.3 (USEEIO), purchaser price, 2022 USD","v1.3.0, NAICS-6, with margins",US federal work — public domain,2026-09-25
epa.useeio.v1_3.naics334519,Purchased goods and services — Other Measuring and Controlling Device Manufacturing (spend-based),3,Purchased goods and services / NAICS 334519,USD,CO2e,0.087,,AR5 (EPA: 100-year GWPs from IPCC AR5),US,2022,"EPA Supply Chain GHG Emission Factors v1.3 (USEEIO), purchaser price, 2022 USD","v1.3.0, NAICS-6, with margins",US federal work — public domain,2026-09-25
epa.useeio.v1_3.naics334613,Purchased goods and services — Blank Magnetic and Optical Recording Media Manufacturing (spend-based),3,Purchased goods and services / NAICS 334613,USD,CO2e,0.063,,AR5 (EPA: 100-year GWPs from IPCC AR5),US,2022,"EPA Supply Chain GHG Emission Factors v1.3 (USEEIO), purchaser price, 2022 USD","v1.3.0, NAICS-6, with margins",US federal work — public domain,2026-09-25
epa.useeio.v1_3.naics334614,"Purchased goods and services — Software and Other Prerecorded Compact Disc, Tape, and Record Reproducing (spend-based)",3,Purchased goods and services / NAICS 334614,USD,CO2e,0.063,,AR5 (EPA: 100-year GWPs from IPCC AR5),US,2022,"EPA Supply Chain GHG Emission Factors v1.3 (USEEIO), purchaser price, 2022 USD","v1.3.0, NAICS-6, with margins",US federal work — public domain,2026-09-25
epa.useeio.v1_3.naics335110,Purchased goods and services — Electric Lamp Bulb and Part Manufacturing (spend-based),3,Purchased goods and services / NAICS 335110,USD,CO2e,0.173,,AR5 (EPA: 100-year GWPs from IPCC AR5),US,2022,"EPA Supply Chain GHG Emission Factors v1.3 (USEEIO), purchaser price, 2022 USD","v1.3.0, NAICS-6, with margins",US federal work — public domain,2026-09-25
epa.useeio.v1_3.naics335121,Purchased goods and services — Residential Electric Lighting Fixture Manufacturing (spend-based),3,Purchased goods and services / NAICS 335121,USD,CO2e,0.185,,AR5 (EPA: 100-year GWPs from IPCC AR5),US,2022,"EPA Supply Chain GHG Emission Factors v1.3 (USEEIO), purchaser price, 2022 USD","v1.3.0, NAICS-6, with margins",US federal work — public domain,2026-09-25
epa.useeio.v1_3.naics335122,"Purchased goods and services — Commercial, Industrial, and Institutional Electric Lighting Fixture Manufacturing (spend-based)",3,Purchased goods and services / NAICS 335122,USD,CO2e,0.185,,AR5 (EPA: 100-year GWPs from IPCC AR5),US,2022,"EPA Supply Chain GHG Emission Factors v1.3 (USEEIO), purchaser price, 2022 USD","v1.3.0, NAICS-6, with margins",US federal work — public domain,2026-09-25
epa.useeio.v1_3.naics335129,Purchased goods and services — Other Lighting Equipment Manufacturing (spend-based),3,Purchased goods and services / NAICS 335129,USD,CO2e,0.185,,AR5 (EPA: 100-year GWPs from IPCC AR5),US,2022,"EPA Supply Chain GHG Emission Factors v1.3 (USEEIO), purchaser price, 2022 USD","v1.3.0, NAICS-6, with margins",US federal work — public domain,2026-09-25
epa.useeio.v1_3.naics335210,Purchased goods and services — Small Electrical Appliance Manufacturing (spend-based),3,Purchased goods and services / NAICS 335210,USD,CO2e,0.157,,AR5 (EPA: 100-year GWPs from IPCC AR5),US,2022,"EPA Supply Chain GHG Emission Factors v1.3 (USEEIO), purchaser price, 2022 USD","v1.3.0, NAICS-6, with margins",US federal work — public domain,2026-09-25
epa.useeio.v1_3.naics335220,Purchased goods and services — Major Household Appliance Manufacturing (spend-based),3,Purchased goods and services / NAICS 335220,USD,CO2e,0.172,,AR5 (EPA: 100-year GWPs from IPCC AR5),US,2022,"EPA Supply Chain GHG Emission Factors v1.3 (USEEIO), purchaser price, 2022 USD","v1.3.0, NAICS-6, with margins",US federal work — public domain,2026-09-25
epa.useeio.v1_3.naics335311,"Purchased goods and services — Power, Distribution, and Specialty Transformer Manufacturing (spend-based)",3,Purchased goods and services / NAICS 335311,USD,CO2e,0.133,,AR5 (EPA: 100-year GWPs from IPCC AR5),US,2022,"EPA Supply Chain GHG Emission Factors v1.3 (USEEIO), purchaser price, 2022 USD","v1.3.0, NAICS-6, with margins",US federal work — public domain,2026-09-25
epa.useeio.v1_3.naics335312,Purchased goods and services — Motor and Generator Manufacturing (spend-based),3,Purchased goods and services / NAICS 335312,USD,CO2e,0.152,,AR5 (EPA: 100-year GWPs from IPCC AR5),US,2022,"EPA Supply Chain GHG Emission Factors v1.3 (USEEIO), purchaser price, 2022 USD","v1.3.0, NAICS-6, with margins",US federal work — public domain,2026-09-25
epa.useeio.v1_3.naics335313,Purchased goods and services — Switchgear and Switchboard Apparatus Manufacturing (spend-based),3,Purchased goods and services / NAICS 335313,USD,CO2e,0.174,,AR5 (EPA: 100-year GWPs from IPCC AR5),US,2022,"EPA Supply Chain GHG Emission Factors v1.3 (USEEIO), purchaser price, 2022 USD","v1.3.0, NAICS-6, with margins",US federal work — public domain,2026-09-25
epa.useeio.v1_3.naics335314,Purchased goods and services — Relay and Industrial Control Manufacturing (spend-based),3,Purchased goods and services / NAICS 335314,USD,CO2e,0.138,,AR5 (EPA: 100-year GWPs from IPCC AR5),US,2022,"EPA Supply Chain GHG Emission Factors v1.3 (USEEIO), purchaser price, 2022 USD","v1.3.0, NAICS-6, with margins",US federal work — public domain,2026-09-25
epa.useeio.v1_3.naics335911,Purchased goods and services — Storage Battery Manufacturing (spend-based),3,Purchased goods and services / NAICS 335911,USD,CO2e,0.337,,AR5 (EPA: 100-year GWPs from IPCC AR5),US,2022,"EPA Supply Chain GHG Emission Factors v1.3 (USEEIO), purchaser price, 2022 USD","v1.3.0, NAICS-6, with margins",US federal work — public domain,2026-09-25
epa.useeio.v1_3.naics335912,Purchased goods and services — Primary Battery Manufacturing (spend-based),3,Purchased goods and services / NAICS 335912,USD,CO2e,0.103,,AR5 (EPA: 100-year GWPs from IPCC AR5),US,2022,"EPA Supply Chain GHG Emission Factors v1.3 (USEEIO), purchaser price, 2022 USD","v1.3.0, NAICS-6, with margins",US federal work — public domain,2026-09-25
epa.useeio.v1_3.naics335921,Purchased goods and services — Fiber Optic Cable Manufacturing (spend-based),3,Purchased goods and services / NAICS 335921,USD,CO2e,0.235,,AR5 (EPA: 100-year GWPs from IPCC AR5),US,2022,"EPA Supply Chain GHG Emission Factors v1.3 (USEEIO), purchaser price, 2022 USD","v1.3.0, NAICS-6, with margins",US federal work — public domain,2026-09-25
epa.useeio.v1_3.naics335929,Purchased goods and services — Other Communication and Energy Wire Manufacturing (spend-based),3,Purchased goods and services / NAICS 335929,USD,CO2e,0.235,,AR5 (EPA: 100-year GWPs from IPCC AR5),US,2022,"EPA Supply Chain GHG Emission Factors v1.3 (USEEIO), purchaser price, 2022 USD","v1.3.0, NAICS-6, with margins",US federal work — public domain,2026-09-25
epa.useeio.v1_3.naics335931,Purchased goods and services — Current-Carrying Wiring Device Manufacturing (spend-based),3,Purchased goods and services / NAICS 335931,USD,CO2e,0.127,,AR5 (EPA: 100-year GWPs from IPCC AR5),US,2022,"EPA Supply Chain GHG Emission Factors v1.3 (USEEIO), purchaser price, 2022 USD","v1.3.0, NAICS-6, with margins",US federal work — public domain,2026-09-25
epa.useeio.v1_3.naics335932,Purchased goods and services — Noncurrent-Carrying Wiring Device Manufacturing (spend-based),3,Purchased goods and services / NAICS 335932,USD,CO2e,0.127,,AR5 (EPA: 100-year GWPs from IPCC AR5),US,2022,"EPA Supply Chain GHG Emission Factors v1.3 (USEEIO), purchaser price, 2022 USD","v1.3.0, NAICS-6, with margins",US federal work — public domain,2026-09-25
epa.useeio.v1_3.naics335991,Purchased goods and services — Carbon and Graphite Product Manufacturing (spend-based),3,Purchased goods and services / NAICS 335991,USD,CO2e,0.363,,AR5 (EPA: 100-year GWPs from IPCC AR5),US,2022,"EPA Supply Chain GHG Emission Factors v1.3 (USEEIO), purchaser price, 2022 USD","v1.3.0, NAICS-6, with margins",US federal work — public domain,2026-09-25
epa.useeio.v1_3.naics335999,Purchased goods and services — All Other Miscellaneous Electrical Equipment and Component Manufacturing (spend-based),3,Purchased goods and services / NAICS 335999,USD,CO2e,0.128,,AR5 (EPA: 100-year GWPs from IPCC AR5),US,2022,"EPA Supply Chain GHG Emission Factors v1.3 (USEEIO), purchaser price, 2022 USD","v1.3.0, NAICS-6, with margins",US federal work — public domain,2026-09-25
epa.useeio.v1_3.naics336111,Purchased goods and services — Automobile Manufacturing (spend-based),3,Purchased goods and services / NAICS 336111,USD,CO2e,0.24,,AR5 (EPA: 100-year GWPs from IPCC AR5),US,2022,"EPA Supply Chain GHG Emission Factors v1.3 (USEEIO), purchaser price, 2022 USD","v1.3.0, NAICS-6, with margins",US federal work — public domain,2026-09-25
epa.useeio.v1_3.naics336112,Purchased goods and services — Light Truck and Utility Vehicle Manufacturing (spend-based),3,Purchased goods and services / NAICS 336112,USD,CO2e,0.268,,AR5 (EPA: 100-year GWPs from IPCC AR5),US,2022,"EPA Supply Chain GHG Emission Factors v1.3 (USEEIO), purchaser price, 2022 USD","v1.3.0, NAICS-6, with margins",US federal work — public domain,2026-09-25
epa.useeio.v1_3.naics336120,Purchased goods and services — Heavy Duty Truck Manufacturing (spend-based),3,Purchased goods and services / NAICS 336120,USD,CO2e,0.272,,AR5 (EPA: 100-year GWPs from IPCC AR5),US,2022,"EPA Supply Chain GHG Emission Factors v1.3 (USEEIO), purchaser price, 2022 USD","v1.3.0, NAICS-6, with margins",US federal work — public domain,2026-09-25
epa.useeio.v1_3.naics336211,Purchased goods and services — Motor Vehicle Body Manufacturing (spend-based),3,Purchased goods and services / NAICS 336211,USD,CO2e,0.253,,AR5 (EPA: 100-year GWPs from IPCC AR5),US,2022,"EPA Supply Chain GHG Emission Factors v1.3 (USEEIO), purchaser price, 2022 USD","v1.3.0, NAICS-6, with margins",US federal work — public domain,2026-09-25
epa.useeio.v1_3.naics336212,Purchased goods and services — Truck Trailer Manufacturing (spend-based),3,Purchased goods and services / NAICS 336212,USD,CO2e,0.2,,AR5 (EPA: 100-year GWPs from IPCC AR5),US,2022,"EPA Supply Chain GHG Emission Factors v1.3 (USEEIO), purchaser price, 2022 USD","v1.3.0, NAICS-6, with margins",US federal work — public domain,2026-09-25
epa.useeio.v1_3.naics336213,Purchased goods and services — Motor Home Manufacturing (spend-based),3,Purchased goods and services / NAICS 336213,USD,CO2e,0.107,,AR5 (EPA: 100-year GWPs from IPCC AR5),US,2022,"EPA Supply Chain GHG Emission Factors v1.3 (USEEIO), purchaser price, 2022 USD","v1.3.0, NAICS-6, with margins",US federal work — public domain,2026-09-25
epa.useeio.v1_3.naics336214,Purchased goods and services — Travel Trailer and Camper Manufacturing (spend-based),3,Purchased goods and services / NAICS 336214,USD,CO2e,0.16,,AR5 (EPA: 100-year GWPs from IPCC AR5),US,2022,"EPA Supply Chain GHG Emission Factors v1.3 (USEEIO), purchaser price, 2022 USD","v1.3.0, NAICS-6, with margins",US federal work — public domain,2026-09-25
epa.useeio.v1_3.naics336310,Purchased goods and services — Motor Vehicle Gasoline Engine and Engine Parts Manufacturing (spend-based),3,Purchased goods and services / NAICS 336310,USD,CO2e,0.259,,AR5 (EPA: 100-year GWPs from IPCC AR5),US,2022,"EPA Supply Chain GHG Emission Factors v1.3 (USEEIO), purchaser price, 2022 USD","v1.3.0, NAICS-6, with margins",US federal work — public domain,2026-09-25
epa.useeio.v1_3.naics336320,Purchased goods and services — Motor Vehicle Electrical and Electronic Equipment Manufacturing (spend-based),3,Purchased goods and services / NAICS 336320,USD,CO2e,0.218,,AR5 (EPA: 100-year GWPs from IPCC AR5),US,2022,"EPA Supply Chain GHG Emission Factors v1.3 (USEEIO), purchaser price, 2022 USD","v1.3.0, NAICS-6, with margins",US federal work — public domain,2026-09-25
epa.useeio.v1_3.naics336330,Purchased goods and services — Motor Vehicle Steering and Suspension Components (except Spring) Manufacturing (spend-based),3,Purchased goods and services / NAICS 336330,USD,CO2e,0.278,,AR5 (EPA: 100-year GWPs from IPCC AR5),US,2022,"EPA Supply Chain GHG Emission Factors v1.3 (USEEIO), purchaser price, 2022 USD","v1.3.0, NAICS-6, with margins",US federal work — public domain,2026-09-25
epa.useeio.v1_3.naics336340,Purchased goods and services — Motor Vehicle Brake System Manufacturing (spend-based),3,Purchased goods and services / NAICS 336340,USD,CO2e,0.278,,AR5 (EPA: 100-year GWPs from IPCC AR5),US,2022,"EPA Supply Chain GHG Emission Factors v1.3 (USEEIO), purchaser price, 2022 USD","v1.3.0, NAICS-6, with margins",US federal work — public domain,2026-09-25
epa.useeio.v1_3.naics336350,Purchased goods and services — Motor Vehicle Transmission and Power Train Parts Manufacturing (spend-based),3,Purchased goods and services / NAICS 336350,USD,CO2e,0.252,,AR5 (EPA: 100-year GWPs from IPCC AR5),US,2022,"EPA Supply Chain GHG Emission Factors v1.3 (USEEIO), purchaser price, 2022 USD","v1.3.0, NAICS-6, with margins",US federal work — public domain,2026-09-25
epa.useeio.v1_3.naics336360,Purchased goods and services — Motor Vehicle Seating and Interior Trim Manufacturing (spend-based),3,Purchased goods and services / NAICS 336360,USD,CO2e,0.333,,AR5 (EPA: 100-year GWPs from IPCC AR5),US,2022,"EPA Supply Chain GHG Emission Factors v1.3 (USEEIO), purchaser price, 2022 USD","v1.3.0, NAICS-6, with margins",US federal work — public domain,2026-09-25
epa.useeio.v1_3.naics336370,Purchased goods and services — Motor Vehicle Metal Stamping (spend-based),3,Purchased goods and services / NAICS 336370,USD,CO2e,0.503,,AR5 (EPA: 100-year GWPs from IPCC AR5),US,2022,"EPA Supply Chain GHG Emission Factors v1.3 (USEEIO), purchaser price, 2022 USD","v1.3.0, NAICS-6, with margins",US federal work — public domain,2026-09-25
epa.useeio.v1_3.naics336390,Purchased goods and services — Other Motor Vehicle Parts Manufacturing (spend-based),3,Purchased goods and services / NAICS 336390,USD,CO2e,0.265,,AR5 (EPA: 100-year GWPs from IPCC AR5),US,2022,"EPA Supply Chain GHG Emission Factors v1.3 (USEEIO), purchaser price, 2022 USD","v1.3.0, NAICS-6, with margins",US federal work — public domain,2026-09-25
epa.useeio.v1_3.naics336411,Purchased goods and services — Aircraft Manufacturing (spend-based),3,Purchased goods and services / NAICS 336411,USD,CO2e,0.139,,AR5 (EPA: 100-year GWPs from IPCC AR5),US,2022,"EPA Supply Chain GHG Emission Factors v1.3 (USEEIO), purchaser price, 2022 USD","v1.3.0, NAICS-6, with margins",US federal work — public domain,2026-09-25
epa.useeio.v1_3.naics336412,Purchased goods and services — Aircraft Engine and Engine Parts Manufacturing (spend-based),3,Purchased goods and services / NAICS 336412,USD,CO2e,0.156,,AR5 (EPA: 100-year GWPs from IPCC AR5),US,2022,"EPA Supply Chain GHG Emission Factors v1.3 (USEEIO), purchaser price, 2022 USD","v1.3.0, NAICS-6, with margins",US federal work — public domain,2026-09-25
epa.useeio.v1_3.naics336413,Purchased goods and services — Other Aircraft Parts and Auxiliary Equipment Manufacturing (spend-based),3,Purchased goods and services / NAICS 336413,USD,CO2e,0.17,,AR5 (EPA: 100-year GWPs from IPCC AR5),US,2022,"EPA Supply Chain GHG Emission Factors v1.3 (USEEIO), purchaser price, 2022 USD","v1.3.0, NAICS-6, with margins",US federal work — public domain,2026-09-25
epa.useeio.v1_3.naics336414,Purchased goods and services — Guided Missile and Space Vehicle Manufacturing (spend-based),3,Purchased goods and services / NAICS 336414,USD,CO2e,0.142,,AR5 (EPA: 100-year GWPs from IPCC AR5),US,2022,"EPA Supply Chain GHG Emission Factors v1.3 (USEEIO), purchaser price, 2022 USD","v1.3.0, NAICS-6, with margins",US federal work — public domain,2026-09-25
epa.useeio.v1_3.naics336415,Purchased goods and services — Guided Missile and Space Vehicle Propulsion Unit and Propulsion Unit Parts Manufacturing (spend-based),3,Purchased goods and services / NAICS 336415,USD,CO2e,0.294,,AR5 (EPA: 100-year GWPs from IPCC AR5),US,2022,"EPA Supply Chain GHG Emission Factors v1.3 (USEEIO), purchaser price, 2022 USD","v1.3.0, NAICS-6, with margins",US federal work — public domain,2026-09-25
epa.useeio.v1_3.naics336419,Purchased goods and services — Other Guided Missile and Space Vehicle Parts and Auxiliary Equipment Manufacturing (spend-based),3,Purchased goods and services / NAICS 336419,USD,CO2e,0.294,,AR5 (EPA: 100-year GWPs from IPCC AR5),US,2022,"EPA Supply Chain GHG Emission Factors v1.3 (USEEIO), purchaser price, 2022 USD","v1.3.0, NAICS-6, with margins",US federal work — public domain,2026-09-25
epa.useeio.v1_3.naics336510,Purchased goods and services — Railroad Rolling Stock Manufacturing (spend-based),3,Purchased goods and services / NAICS 336510,USD,CO2e,0.444,,AR5 (EPA: 100-year GWPs from IPCC AR5),US,2022,"EPA Supply Chain GHG Emission Factors v1.3 (USEEIO), purchaser price, 2022 USD","v1.3.0, NAICS-6, with margins",US federal work — public domain,2026-09-25
epa.useeio.v1_3.naics336611,Purchased goods and services — Ship Building and Repairing (spend-based),3,Purchased goods and services / NAICS 336611,USD,CO2e,0.196,,AR5 (EPA: 100-year GWPs from IPCC AR5),US,2022,"EPA Supply Chain GHG Emission Factors v1.3 (USEEIO), purchaser price, 2022 USD","v1.3.0, NAICS-6, with margins",US federal work — public domain,2026-09-25
epa.useeio.v1_3.naics336612,Purchased goods and services — Boat Building (spend-based),3,Purchased goods and services / NAICS 336612,USD,CO2e,0.182,,AR5 (EPA: 100-year GWPs from IPCC AR5),US,2022,"EPA Supply Chain GHG Emission Factors v1.3 (USEEIO), purchaser price, 2022 USD","v1.3.0, NAICS-6, with margins",US federal work — public domain,2026-09-25
epa.useeio.v1_3.naics336991,"Purchased goods and services — Motorcycle, Bicycle, and Parts Manufacturing (spend-based)",3,Purchased goods and services / NAICS 336991,USD,CO2e,0.222,,AR5 (EPA: 100-year GWPs from IPCC AR5),US,2022,"EPA Supply Chain GHG Emission Factors v1.3 (USEEIO), purchaser price, 2022 USD","v1.3.0, NAICS-6, with margins",US federal work — public domain,2026-09-25
epa.useeio.v1_3.naics336992,"Purchased goods and services — Military Armored Vehicle, Tank, and Tank Component Manufacturing (spend-based)",3,Purchased goods and services / NAICS 336992,USD,CO2e,0.443,,AR5 (EPA: 100-year GWPs from IPCC AR5),US,2022,"EPA Supply Chain GHG Emission Factors v1.3 (USEEIO), purchaser price, 2022 USD","v1.3.0, NAICS-6, with margins",US federal work — public domain,2026-09-25
epa.useeio.v1_3.naics336999,Purchased goods and services — All Other Transportation Equipment Manufacturing (spend-based),3,Purchased goods and services / NAICS 336999,USD,CO2e,0.195,,AR5 (EPA: 100-year GWPs from IPCC AR5),US,2022,"EPA Supply Chain GHG Emission Factors v1.3 (USEEIO), purchaser price, 2022 USD","v1.3.0, NAICS-6, with margins",US federal work — public domain,2026-09-25
epa.useeio.v1_3.naics337110,Purchased goods and services — Wood Kitchen Cabinet and Countertop Manufacturing (spend-based),3,Purchased goods and services / NAICS 337110,USD,CO2e,0.166,,AR5 (EPA: 100-year GWPs from IPCC AR5),US,2022,"EPA Supply Chain GHG Emission Factors v1.3 (USEEIO), purchaser price, 2022 USD","v1.3.0, NAICS-6, with margins",US federal work — public domain,2026-09-25
epa.useeio.v1_3.naics337121,Purchased goods and services — Upholstered Household Furniture Manufacturing (spend-based),3,Purchased goods and services / NAICS 337121,USD,CO2e,0.188,,AR5 (EPA: 100-year GWPs from IPCC AR5),US,2022,"EPA Supply Chain GHG Emission Factors v1.3 (USEEIO), purchaser price, 2022 USD","v1.3.0, NAICS-6, with margins",US federal work — public domain,2026-09-25
epa.useeio.v1_3.naics337122,Purchased goods and services — Nonupholstered Wood Household Furniture Manufacturing (spend-based),3,Purchased goods and services / NAICS 337122,USD,CO2e,0.178,,AR5 (EPA: 100-year GWPs from IPCC AR5),US,2022,"EPA Supply Chain GHG Emission Factors v1.3 (USEEIO), purchaser price, 2022 USD","v1.3.0, NAICS-6, with margins",US federal work — public domain,2026-09-25
epa.useeio.v1_3.naics337124,Purchased goods and services — Metal Household Furniture Manufacturing (spend-based),3,Purchased goods and services / NAICS 337124,USD,CO2e,0.227,,AR5 (EPA: 100-year GWPs from IPCC AR5),US,2022,"EPA Supply Chain GHG Emission Factors v1.3 (USEEIO), purchaser price, 2022 USD","v1.3.0, NAICS-6, with margins",US federal work — public domain,2026-09-25
epa.useeio.v1_3.naics337125,Purchased goods and services — Household Furniture (except Wood and Metal) Manufacturing (spend-based),3,Purchased goods and services / NAICS 337125,USD,CO2e,0.227,,AR5 (EPA: 100-year GWPs from IPCC AR5),US,2022,"EPA Supply Chain GHG Emission Factors v1.3 (USEEIO), purchaser price, 2022 USD","v1.3.0, NAICS-6, with margins",US federal work — public domain,2026-09-25
epa.useeio.v1_3.naics337127,Purchased goods and services — Institutional Furniture Manufacturing (spend-based),3,Purchased goods and services / NAICS 337127,USD,CO2e,0.246,,AR5 (EPA: 100-year GWPs from IPCC AR5),US,2022,"EPA Supply Chain GHG Emission Factors v1.3 (USEEIO), purchaser price, 2022 USD","v1.3.0, NAICS-6, with margins",US federal work — public domain,2026-09-25
epa.useeio.v1_3.naics337211,Purchased goods and services — Wood Office Furniture Manufacturing (spend-based),3,Purchased goods and services / NAICS 337211,USD,CO2e,0.24,,AR5 (EPA: 100-year GWPs from IPCC AR5),US,2022,"EPA Supply Chain GHG Emission Factors v1.3 (USEEIO), purchaser price, 2022 USD","v1.3.0, NAICS-6, with margins",US federal work — public domain,2026-09-25
epa.useeio.v1_3.naics337212,Purchased goods and services — Custom Architectural Woodwork and Millwork Manufacturing (spend-based),3,Purchased goods and services / NAICS 337212,USD,CO2e,0.24,,AR5 (EPA: 100-year GWPs from IPCC AR5),US,2022,"EPA Supply Chain GHG Emission Factors v1.3 (USEEIO), purchaser price, 2022 USD","v1.3.0, NAICS-6, with margins",US federal work — public domain,2026-09-25
epa.useeio.v1_3.naics337214,Purchased goods and services — Office Furniture (except Wood) Manufacturing (spend-based),3,Purchased goods and services / NAICS 337214,USD,CO2e,0.24,,AR5 (EPA: 100-year GWPs from IPCC AR5),US,2022,"EPA Supply Chain GHG Emission Factors v1.3 (USEEIO), purchaser price, 2022 USD","v1.3.0, NAICS-6, with margins",US federal work — public domain,2026-09-25
epa.useeio.v1_3.naics337215,"Purchased goods and services — Showcase, Partition, Shelving, and Locker Manufacturing (spend-based)",3,Purchased goods and services / NAICS 337215,USD,CO2e,0.246,,AR5 (EPA: 100-year GWPs from IPCC AR5),US,2022,"EPA Supply Chain GHG Emission Factors v1.3 (USEEIO), purchaser price, 2022 USD","v1.3.0, NAICS-6, with margins",US federal work — public domain,2026-09-25
epa.useeio.v1_3.naics337910,Purchased goods and services — Mattress Manufacturing (spend-based),3,Purchased goods and services / NAICS 337910,USD,CO2e,0.173,,AR5 (EPA: 100-year GWPs from IPCC AR5),US,2022,"EPA Supply Chain GHG Emission Factors v1.3 (USEEIO), purchaser price, 2022 USD","v1.3.0, NAICS-6, with margins",US federal work — public domain,2026-09-25
epa.useeio.v1_3.naics337920,Purchased goods and services — Blind and Shade Manufacturing (spend-based),3,Purchased goods and services / NAICS 337920,USD,CO2e,0.173,,AR5 (EPA: 100-year GWPs from IPCC AR5),US,2022,"EPA Supply Chain GHG Emission Factors v1.3 (USEEIO), purchaser price, 2022 USD","v1.3.0, NAICS-6, with margins",US federal work — public domain,2026-09-25
epa.useeio.v1_3.naics339112,Purchased goods and services — Surgical and Medical Instrument Manufacturing (spend-based),3,Purchased goods and services / NAICS 339112,USD,CO2e,0.156,,AR5 (EPA: 100-year GWPs from IPCC AR5),US,2022,"EPA Supply Chain GHG Emission Factors v1.3 (USEEIO), purchaser price, 2022 USD","v1.3.0, NAICS-6, with margins",US federal work — public domain,2026-09-25
epa.useeio.v1_3.naics339113,Purchased goods and services — Surgical Appliance and Supplies Manufacturing (spend-based),3,Purchased goods and services / NAICS 339113,USD,CO2e,0.14,,AR5 (EPA: 100-year GWPs from IPCC AR5),US,2022,"EPA Supply Chain GHG Emission Factors v1.3 (USEEIO), purchaser price, 2022 USD","v1.3.0, NAICS-6, with margins",US federal work — public domain,2026-09-25
epa.useeio.v1_3.naics339114,Purchased goods and services — Dental Equipment and Supplies Manufacturing (spend-based),3,Purchased goods and services / NAICS 339114,USD,CO2e,0.174,,AR5 (EPA: 100-year GWPs from IPCC AR5),US,2022,"EPA Supply Chain GHG Emission Factors v1.3 (USEEIO), purchaser price, 2022 USD","v1.3.0, NAICS-6, with margins",US federal work — public domain,2026-09-25
epa.useeio.v1_3.naics339115,Purchased goods and services — Ophthalmic Goods Manufacturing (spend-based),3,Purchased goods and services / NAICS 339115,USD,CO2e,0.138,,AR5 (EPA: 100-year GWPs from IPCC AR5),US,2022,"EPA Supply Chain GHG Emission Factors v1.3 (USEEIO), purchaser price, 2022 USD","v1.3.0, NAICS-6, with margins",US federal work — public domain,2026-09-25
epa.useeio.v1_3.naics339116,Purchased goods and services — Dental Laboratories (spend-based),3,Purchased goods and services / NAICS 339116,USD,CO2e,0.117,,AR5 (EPA: 100-year GWPs from IPCC AR5),US,2022,"EPA Supply Chain GHG Emission Factors v1.3 (USEEIO), purchaser price, 2022 USD","v1.3.0, NAICS-6, with margins",US federal work — public domain,2026-09-25
epa.useeio.v1_3.naics339910,Purchased goods and services — Jewelry and Silverware Manufacturing (spend-based),3,Purchased goods and services / NAICS 339910,USD,CO2e,0.108,,AR5 (EPA: 100-year GWPs from IPCC AR5),US,2022,"EPA Supply Chain GHG Emission Factors v1.3 (USEEIO), purchaser price, 2022 USD","v1.3.0, NAICS-6, with margins",US federal work — public domain,2026-09-25
epa.useeio.v1_3.naics339920,Purchased goods and services — Sporting and Athletic Goods Manufacturing (spend-based),3,Purchased goods and services / NAICS 339920,USD,CO2e,0.167,,AR5 (EPA: 100-year GWPs from IPCC AR5),US,2022,"EPA Supply Chain GHG Emission Factors v1.3 (USEEIO), purchaser price, 2022 USD","v1.3.0, NAICS-6, with margins",US federal work — public domain,2026-09-25
epa.useeio.v1_3.naics339930,"Purchased goods and services — Doll, Toy, and Game Manufacturing (spend-based)",3,Purchased goods and services / NAICS 339930,USD,CO2e,0.146,,AR5 (EPA: 100-year GWPs from IPCC AR5),US,2022,"EPA Supply Chain GHG Emission Factors v1.3 (USEEIO), purchaser price, 2022 USD","v1.3.0, NAICS-6, with margins",US federal work — public domain,2026-09-25
epa.useeio.v1_3.naics339940,Purchased goods and services — Office Supplies (except Paper) Manufacturing (spend-based),3,Purchased goods and services / NAICS 339940,USD,CO2e,0.265,,AR5 (EPA: 100-year GWPs from IPCC AR5),US,2022,"EPA Supply Chain GHG Emission Factors v1.3 (USEEIO), purchaser price, 2022 USD","v1.3.0, NAICS-6, with margins",US federal work — public domain,2026-09-25
epa.useeio.v1_3.naics339950,Purchased goods and services — Sign Manufacturing (spend-based),3,Purchased goods and services / NAICS 339950,USD,CO2e,0.25,,AR5 (EPA: 100-year GWPs from IPCC AR5),US,2022,"EPA Supply Chain GHG Emission Factors v1.3 (USEEIO), purchaser price, 2022 USD","v1.3.0, NAICS-6, with margins",US federal work — public domain,2026-09-25
epa.useeio.v1_3.naics339991,"Purchased goods and services — Gasket, Packing, and Sealing Device Manufacturing (spend-based)",3,Purchased goods and services / NAICS 339991,USD,CO2e,0.182,,AR5 (EPA: 100-year GWPs from IPCC AR5),US,2022,"EPA Supply Chain GHG Emission Factors v1.3 (USEEIO), purchaser price, 2022 USD","v1.3.0, NAICS-6, with margins",US federal work — public domain,2026-09-25
epa.useeio.v1_3.naics339992,Purchased goods and services — Musical Instrument Manufacturing (spend-based),3,Purchased goods and services / NAICS 339992,USD,CO2e,0.182,,AR5 (EPA: 100-year GWPs from IPCC AR5),US,2022,"EPA Supply Chain GHG Emission Factors v1.3 (USEEIO), purchaser price, 2022 USD","v1.3.0, NAICS-6, with margins",US federal work — public domain,2026-09-25
epa.useeio.v1_3.naics339993,"Purchased goods and services — Fastener, Button, Needle, and Pin Manufacturing (spend-based)",3,Purchased goods and services / NAICS 339993,USD,CO2e,0.182,,AR5 (EPA: 100-year GWPs from IPCC AR5),US,2022,"EPA Supply Chain GHG Emission Factors v1.3 (USEEIO), purchaser price, 2022 USD","v1.3.0, NAICS-6, with margins",US federal work — public domain,2026-09-25
epa.useeio.v1_3.naics339994,"Purchased goods and services — Broom, Brush, and Mop Manufacturing (spend-based)",3,Purchased goods and services / NAICS 339994,USD,CO2e,0.182,,AR5 (EPA: 100-year GWPs from IPCC AR5),US,2022,"EPA Supply Chain GHG Emission Factors v1.3 (USEEIO), purchaser price, 2022 USD","v1.3.0, NAICS-6, with margins",US federal work — public domain,2026-09-25
epa.useeio.v1_3.naics339995,Purchased goods and services — Burial Casket Manufacturing (spend-based),3,Purchased goods and services / NAICS 339995,USD,CO2e,0.182,,AR5 (EPA: 100-year GWPs from IPCC AR5),US,2022,"EPA Supply Chain GHG Emission Factors v1.3 (USEEIO), purchaser price, 2022 USD","v1.3.0, NAICS-6, with margins",US federal work — public domain,2026-09-25
epa.useeio.v1_3.naics339999,Purchased goods and services — All Other Miscellaneous Manufacturing (spend-based),3,Purchased goods and services / NAICS 339999,USD,CO2e,0.182,,AR5 (EPA: 100-year GWPs from IPCC AR5),US,2022,"EPA Supply Chain GHG Emission Factors v1.3 (USEEIO), purchaser price, 2022 USD","v1.3.0, NAICS-6, with margins",US federal work — public domain,2026-09-25
epa.useeio.v1_3.naics423110,Purchased goods and services — Automobile and Other Motor Vehicle Merchant Wholesalers (spend-based),3,Purchased goods and services / NAICS 423110,USD,CO2e,0.115,,AR5 (EPA: 100-year GWPs from IPCC AR5),US,2022,"EPA Supply Chain GHG Emission Factors v1.3 (USEEIO), purchaser price, 2022 USD","v1.3.0, NAICS-6, with margins",US federal work — public domain,2026-09-25
epa.useeio.v1_3.naics423120,Purchased goods and services — Motor Vehicle Supplies and New Parts Merchant Wholesalers (spend-based),3,Purchased goods and services / NAICS 423120,USD,CO2e,0.115,,AR5 (EPA: 100-year GWPs from IPCC AR5),US,2022,"EPA Supply Chain GHG Emission Factors v1.3 (USEEIO), purchaser price, 2022 USD","v1.3.0, NAICS-6, with margins",US federal work — public domain,2026-09-25
epa.useeio.v1_3.naics423130,Purchased goods and services — Tire and Tube Merchant Wholesalers (spend-based),3,Purchased goods and services / NAICS 423130,USD,CO2e,0.115,,AR5 (EPA: 100-year GWPs from IPCC AR5),US,2022,"EPA Supply Chain GHG Emission Factors v1.3 (USEEIO), purchaser price, 2022 USD","v1.3.0, NAICS-6, with margins",US federal work — public domain,2026-09-25
epa.useeio.v1_3.naics423140,Purchased goods and services — Motor Vehicle Parts (Used) Merchant Wholesalers (spend-based),3,Purchased goods and services / NAICS 423140,USD,CO2e,0.115,,AR5 (EPA: 100-year GWPs from IPCC AR5),US,2022,"EPA Supply Chain GHG Emission Factors v1.3 (USEEIO), purchaser price, 2022 USD","v1.3.0, NAICS-6, with margins",US federal work — public domain,2026-09-25
epa.useeio.v1_3.naics423210,Purchased goods and services — Furniture Merchant Wholesalers (spend-based),3,Purchased goods and services / NAICS 423210,USD,CO2e,0.108,,AR5 (EPA: 100-year GWPs from IPCC AR5),US,2022,"EPA Supply Chain GHG Emission Factors v1.3 (USEEIO), purchaser price, 2022 USD","v1.3.0, NAICS-6, with margins",US federal work — public domain,2026-09-25
epa.useeio.v1_3.naics423220,Purchased goods and services — Home Furnishing Merchant Wholesalers (spend-based),3,Purchased goods and services / NAICS 423220,USD,CO2e,0.108,,AR5 (EPA: 100-year GWPs from IPCC AR5),US,2022,"EPA Supply Chain GHG Emission Factors v1.3 (USEEIO), purchaser price, 2022 USD","v1.3.0, NAICS-6, with margins",US federal work — public domain,2026-09-25
epa.useeio.v1_3.naics423310,"Purchased goods and services — Lumber, Plywood, Millwork, and Wood Panel Merchant Wholesalers (spend-based)",3,Purchased goods and services / NAICS 423310,USD,CO2e,0.108,,AR5 (EPA: 100-year GWPs from IPCC AR5),US,2022,"EPA Supply Chain GHG Emission Factors v1.3 (USEEIO), purchaser price, 2022 USD","v1.3.0, NAICS-6, with margins",US federal work — public domain,2026-09-25
epa.useeio.v1_3.naics423320,"Purchased goods and services — Brick, Stone, and Related Construction Material Merchant Wholesalers (spend-based)",3,Purchased goods and services / NAICS 423320,USD,CO2e,0.108,,AR5 (EPA: 100-year GWPs from IPCC AR5),US,2022,"EPA Supply Chain GHG Emission Factors v1.3 (USEEIO), purchaser price, 2022 USD","v1.3.0, NAICS-6, with margins",US federal work — public domain,2026-09-25
epa.useeio.v1_3.naics423330,"Purchased goods and services — Roofing, Siding, and Insulation Material Merchant Wholesalers (spend-based)",3,Purchased goods and services / NAICS 423330,USD,CO2e,0.108,,AR5 (EPA: 100-year GWPs from IPCC AR5),US,2022,"EPA Supply Chain GHG Emission Factors v1.3 (USEEIO), purchaser price, 2022 USD","v1.3.0, NAICS-6, with margins",US federal work — public domain,2026-09-25
epa.useeio.v1_3.naics423390,Purchased goods and services — Other Construction Material Merchant Wholesalers (spend-based),3,Purchased goods and services / NAICS 423390,USD,CO2e,0.108,,AR5 (EPA: 100-year GWPs from IPCC AR5),US,2022,"EPA Supply Chain GHG Emission Factors v1.3 (USEEIO), purchaser price, 2022 USD","v1.3.0, NAICS-6, with margins",US federal work — public domain,2026-09-25
epa.useeio.v1_3.naics423410,Purchased goods and services — Photographic Equipment and Supplies Merchant Wholesalers (spend-based),3,Purchased goods and services / NAICS 423410,USD,CO2e,0.074,,AR5 (EPA: 100-year GWPs from IPCC AR5),US,2022,"EPA Supply Chain GHG Emission Factors v1.3 (USEEIO), purchaser price, 2022 USD","v1.3.0, NAICS-6, with margins",US federal work — public domain,2026-09-25
epa.useeio.v1_3.naics423420,Purchased goods and services — Office Equipment Merchant Wholesalers (spend-based),3,Purchased goods and services / NAICS 423420,USD,CO2e,0.074,,AR5 (EPA: 100-year GWPs from IPCC AR5),US,2022,"EPA Supply Chain GHG Emission Factors v1.3 (USEEIO), purchaser price, 2022 USD","v1.3.0, NAICS-6, with margins",US federal work — public domain,2026-09-25
epa.useeio.v1_3.naics423430,Purchased goods and services — Computer and Computer Peripheral Equipment and Software Merchant Wholesalers (spend-based),3,Purchased goods and services / NAICS 423430,USD,CO2e,0.074,,AR5 (EPA: 100-year GWPs from IPCC AR5),US,2022,"EPA Supply Chain GHG Emission Factors v1.3 (USEEIO), purchaser price, 2022 USD","v1.3.0, NAICS-6, with margins",US federal work — public domain,2026-09-25
epa.useeio.v1_3.naics423440,Purchased goods and services — Other Commercial Equipment Merchant Wholesalers (spend-based),3,Purchased goods and services / NAICS 423440,USD,CO2e,0.074,,AR5 (EPA: 100-year GWPs from IPCC AR5),US,2022,"EPA Supply Chain GHG Emission Factors v1.3 (USEEIO), purchaser price, 2022 USD","v1.3.0, NAICS-6, with margins",US federal work — public domain,2026-09-25
epa.useeio.v1_3.naics423450,"Purchased goods and services — Medical, Dental, and Hospital Equipment and Supplies Merchant Wholesalers (spend-based)",3,Purchased goods and services / NAICS 423450,USD,CO2e,0.074,,AR5 (EPA: 100-year GWPs from IPCC AR5),US,2022,"EPA Supply Chain GHG Emission Factors v1.3 (USEEIO), purchaser price, 2022 USD","v1.3.0, NAICS-6, with margins",US federal work — public domain,2026-09-25
epa.useeio.v1_3.naics423460,Purchased goods and services — Ophthalmic Goods Merchant Wholesalers (spend-based),3,Purchased goods and services / NAICS 423460,USD,CO2e,0.074,,AR5 (EPA: 100-year GWPs from IPCC AR5),US,2022,"EPA Supply Chain GHG Emission Factors v1.3 (USEEIO), purchaser price, 2022 USD","v1.3.0, NAICS-6, with margins",US federal work — public domain,2026-09-25
epa.useeio.v1_3.naics423490,Purchased goods and services — Other Professional Equipment and Supplies Merchant Wholesalers (spend-based),3,Purchased goods and services / NAICS 423490,USD,CO2e,0.074,,AR5 (EPA: 100-year GWPs from IPCC AR5),US,2022,"EPA Supply Chain GHG Emission Factors v1.3 (USEEIO), purchaser price, 2022 USD","v1.3.0, NAICS-6, with margins",US federal work — public domain,2026-09-25
epa.useeio.v1_3.naics423510,Purchased goods and services — Metal Service Centers and Other Metal Merchant Wholesalers (spend-based),3,Purchased goods and services / NAICS 423510,USD,CO2e,0.108,,AR5 (EPA: 100-year GWPs from IPCC AR5),US,2022,"EPA Supply Chain GHG Emission Factors v1.3 (USEEIO), purchaser price, 2022 USD","v1.3.0, NAICS-6, with margins",US federal work — public domain,2026-09-25
epa.useeio.v1_3.naics423520,Purchased goods and services — Coal and Other Mineral and Ore Merchant Wholesalers (spend-based),3,Purchased goods and services / NAICS 423520,USD,CO2e,0.108,,AR5 (EPA: 100-year GWPs from IPCC AR5),US,2022,"EPA Supply Chain GHG Emission Factors v1.3 (USEEIO), purchaser price, 2022 USD","v1.3.0, NAICS-6, with margins",US federal work — public domain,2026-09-25
epa.useeio.v1_3.naics423610,"Purchased goods and services — Electrical Apparatus and Equipment, Wiring Supplies, and Related Equipment Merchant Wholesalers (spend-based)",3,Purchased goods and services / NAICS 423610,USD,CO2e,0.083,,AR5 (EPA: 100-year GWPs from IPCC AR5),US,2022,"EPA Supply Chain GHG Emission Factors v1.3 (USEEIO), purchaser price, 2022 USD","v1.3.0, NAICS-6, with margins",US federal work — public domain,2026-09-25
epa.useeio.v1_3.naics423620,"Purchased goods and services — Household Appliances, Electric Housewares, and Consumer Electronics Merchant Wholesalers (spend-based)",3,Purchased goods and services / NAICS 423620,USD,CO2e,0.083,,AR5 (EPA: 100-year GWPs from IPCC AR5),US,2022,"EPA Supply Chain GHG Emission Factors v1.3 (USEEIO), purchaser price, 2022 USD","v1.3.0, NAICS-6, with margins",US federal work — public domain,2026-09-25
epa.useeio.v1_3.naics423690,Purchased goods and services — Other Electronic Parts and Equipment Merchant Wholesalers (spend-based),3,Purchased goods and services / NAICS 423690,USD,CO2e,0.083,,AR5 (EPA: 100-year GWPs from IPCC AR5),US,2022,"EPA Supply Chain GHG Emission Factors v1.3 (USEEIO), purchaser price, 2022 USD","v1.3.0, NAICS-6, with margins",US federal work — public domain,2026-09-25
epa.useeio.v1_3.naics423710,Purchased goods and services — Hardware Merchant Wholesalers (spend-based),3,Purchased goods and services / NAICS 423710,USD,CO2e,0.108,,AR5 (EPA: 100-year GWPs from IPCC AR5),US,2022,"EPA Supply Chain GHG Emission Factors v1.3 (USEEIO), purchaser price, 2022 USD","v1.3.0, NAICS-6, with margins",US federal work — public domain,2026-09-25
epa.useeio.v1_3.naics423720,Purchased goods and services — Plumbing and Heating Equipment and Supplies (Hydronics) Merchant Wholesalers (spend-based),3,Purchased goods and services / NAICS 423720,USD,CO2e,0.108,,AR5 (EPA: 100-year GWPs from IPCC AR5),US,2022,"EPA Supply Chain GHG Emission Factors v1.3 (USEEIO), purchaser price, 2022 USD","v1.3.0, NAICS-6, with margins",US federal work — public domain,2026-09-25
epa.useeio.v1_3.naics423730,Purchased goods and services — Warm Air Heating and Air-Conditioning Equipment and Supplies Merchant Wholesalers (spend-based),3,Purchased goods and services / NAICS 423730,USD,CO2e,0.108,,AR5 (EPA: 100-year GWPs from IPCC AR5),US,2022,"EPA Supply Chain GHG Emission Factors v1.3 (USEEIO), purchaser price, 2022 USD","v1.3.0, NAICS-6, with margins",US federal work — public domain,2026-09-25
epa.useeio.v1_3.naics423740,Purchased goods and services — Refrigeration Equipment and Supplies Merchant Wholesalers (spend-based),3,Purchased goods and services / NAICS 423740,USD,CO2e,0.108,,AR5 (EPA: 100-year GWPs from IPCC AR5),US,2022,"EPA Supply Chain GHG Emission Factors v1.3 (USEEIO), purchaser price, 2022 USD","v1.3.0, NAICS-6, with margins",US federal work — public domain,2026-09-25
epa.useeio.v1_3.naics423810,Purchased goods and services — Construction and Mining (except Oil Well) Machinery and Equipment Merchant Wholesalers (spend-based),3,Purchased goods and services / NAICS 423810,USD,CO2e,0.115,,AR5 (EPA: 100-year GWPs from IPCC AR5),US,2022,"EPA Supply Chain GHG Emission Factors v1.3 (USEEIO), purchaser price, 2022 USD","v1.3.0, NAICS-6, with margins",US federal work — public domain,2026-09-25
epa.useeio.v1_3.naics423820,Purchased goods and services — Farm and Garden Machinery and Equipment Merchant Wholesalers (spend-based),3,Purchased goods and services / NAICS 423820,USD,CO2e,0.115,,AR5 (EPA: 100-year GWPs from IPCC AR5),US,2022,"EPA Supply Chain GHG Emission Factors v1.3 (USEEIO), purchaser price, 2022 USD","v1.3.0, NAICS-6, with margins",US federal work — public domain,2026-09-25
epa.useeio.v1_3.naics423830,Purchased goods and services — Industrial Machinery and Equipment Merchant Wholesalers (spend-based),3,Purchased goods and services / NAICS 423830,USD,CO2e,0.115,,AR5 (EPA: 100-year GWPs from IPCC AR5),US,2022,"EPA Supply Chain GHG Emission Factors v1.3 (USEEIO), purchaser price, 2022 USD","v1.3.0, NAICS-6, with margins",US federal work — public domain,2026-09-25
epa.useeio.v1_3.naics423840,Purchased goods and services — Industrial Supplies Merchant Wholesalers (spend-based),3,Purchased goods and services / NAICS 423840,USD,CO2e,0.115,,AR5 (EPA: 100-year GWPs from IPCC AR5),US,2022,"EPA Supply Chain GHG Emission Factors v1.3 (USEEIO), purchaser price, 2022 USD","v1.3.0, NAICS-6, with margins",US federal work — public domain,2026-09-25
epa.useeio.v1_3.naics423850,Purchased goods and services — Service Establishment Equipment and Supplies Merchant Wholesalers (spend-based),3,Purchased goods and services / NAICS 423850,USD,CO2e,0.115,,AR5 (EPA: 100-year GWPs from IPCC AR5),US,2022,"EPA Supply Chain GHG Emission Factors v1.3 (USEEIO), purchaser price, 2022 USD","v1.3.0, NAICS-6, with margins",US federal work — public domain,2026-09-25
epa.useeio.v1_3.naics423860,Purchased goods and services — Transportation Equipment and Supplies (except Motor Vehicle) Merchant Wholesalers (spend-based),3,Purchased goods and services / NAICS 423860,USD,CO2e,0.115,,AR5 (EPA: 100-year GWPs from IPCC AR5),US,2022,"EPA Supply Chain GHG Emission Factors v1.3 (USEEIO), purchaser price, 2022 USD","v1.3.0, NAICS-6, with margins",US federal work — public domain,2026-09-25
epa.useeio.v1_3.naics423910,Purchased goods and services — Sporting and Recreational Goods and Supplies Merchant Wholesalers (spend-based),3,Purchased goods and services / NAICS 423910,USD,CO2e,0.108,,AR5 (EPA: 100-year GWPs from IPCC AR5),US,2022,"EPA Supply Chain GHG Emission Factors v1.3 (USEEIO), purchaser price, 2022 USD","v1.3.0, NAICS-6, with margins",US federal work — public domain,2026-09-25
epa.useeio.v1_3.naics423920,Purchased goods and services — Toy and Hobby Goods and Supplies Merchant Wholesalers (spend-based),3,Purchased goods and services / NAICS 423920,USD,CO2e,0.108,,AR5 (EPA: 100-year GWPs from IPCC AR5),US,2022,"EPA Supply Chain GHG Emission Factors v1.3 (USEEIO), purchaser price, 2022 USD","v1.3.0, NAICS-6, with margins",US federal work — public domain,2026-09-25
epa.useeio.v1_3.naics423930,Purchased goods and services — Recyclable Material Merchant Wholesalers (spend-based),3,Purchased goods and services / NAICS 423930,USD,CO2e,0.108,,AR5 (EPA: 100-year GWPs from IPCC AR5),US,2022,"EPA Supply Chain GHG Emission Factors v1.3 (USEEIO), purchaser price, 2022 USD","v1.3.0, NAICS-6, with margins",US federal work — public domain,2026-09-25
epa.useeio.v1_3.naics423940,"Purchased goods and services — Jewelry, Watch, Precious Stone, and Precious Metal Merchant Wholesalers (spend-based)",3,Purchased goods and services / NAICS 423940,USD,CO2e,0.108,,AR5 (EPA: 100-year GWPs from IPCC AR5),US,2022,"EPA Supply Chain GHG Emission Factors v1.3 (USEEIO), purchaser price, 2022 USD","v1.3.0, NAICS-6, with margins",US federal work — public domain,2026-09-25
epa.useeio.v1_3.naics423990,Purchased goods and services — Other Miscellaneous Durable Goods Merchant Wholesalers (spend-based),3,Purchased goods and services / NAICS 423990,USD,CO2e,0.108,,AR5 (EPA: 100-year GWPs from IPCC AR5),US,2022,"EPA Supply Chain GHG Emission Factors v1.3 (USEEIO), purchaser price, 2022 USD","v1.3.0, NAICS-6, with margins",US federal work — public domain,2026-09-25
epa.useeio.v1_3.naics424110,Purchased goods and services — Printing and Writing Paper Merchant Wholesalers (spend-based),3,Purchased goods and services / NAICS 424110,USD,CO2e,0.144,,AR5 (EPA: 100-year GWPs from IPCC AR5),US,2022,"EPA Supply Chain GHG Emission Factors v1.3 (USEEIO), purchaser price, 2022 USD","v1.3.0, NAICS-6, with margins",US federal work — public domain,2026-09-25
epa.useeio.v1_3.naics424120,Purchased goods and services — Stationery and Office Supplies Merchant Wholesalers (spend-based),3,Purchased goods and services / NAICS 424120,USD,CO2e,0.144,,AR5 (EPA: 100-year GWPs from IPCC AR5),US,2022,"EPA Supply Chain GHG Emission Factors v1.3 (USEEIO), purchaser price, 2022 USD","v1.3.0, NAICS-6, with margins",US federal work — public domain,2026-09-25
epa.useeio.v1_3.naics424130,Purchased goods and services — Industrial and Personal Service Paper Merchant Wholesalers (spend-based),3,Purchased goods and services / NAICS 424130,USD,CO2e,0.144,,AR5 (EPA: 100-year GWPs from IPCC AR5),US,2022,"EPA Supply Chain GHG Emission Factors v1.3 (USEEIO), purchaser price, 2022 USD","v1.3.0, NAICS-6, with margins",US federal work — public domain,2026-09-25
epa.useeio.v1_3.naics424210,Purchased goods and services — Drugs and Druggists' Sundries Merchant Wholesalers (spend-based),3,Purchased goods and services / NAICS 424210,USD,CO2e,0.095,,AR5 (EPA: 100-year GWPs from IPCC AR5),US,2022,"EPA Supply Chain GHG Emission Factors v1.3 (USEEIO), purchaser price, 2022 USD","v1.3.0, NAICS-6, with margins",US federal work — public domain,2026-09-25
epa.useeio.v1_3.naics424310,"Purchased goods and services — Piece Goods, Notions, and Other Dry Goods Merchant Wholesalers (spend-based)",3,Purchased goods and services / NAICS 424310,USD,CO2e,0.144,,AR5 (EPA: 100-year GWPs from IPCC AR5),US,2022,"EPA Supply Chain GHG Emission Factors v1.3 (USEEIO), purchaser price, 2022 USD","v1.3.0, NAICS-6, with margins",US federal work — public domain,2026-09-25
epa.useeio.v1_3.naics424320,Purchased goods and services — Men's and Boys' Clothing and Furnishings Merchant Wholesalers (spend-based),3,Purchased goods and services / NAICS 424320,USD,CO2e,0.144,,AR5 (EPA: 100-year GWPs from IPCC AR5),US,2022,"EPA Supply Chain GHG Emission Factors v1.3 (USEEIO), purchaser price, 2022 USD","v1.3.0, NAICS-6, with margins",US federal work — public domain,2026-09-25
epa.useeio.v1_3.naics424330,"Purchased goods and services — Women's, Children's, and Infants' Clothing and Accessories Merchant Wholesalers (spend-based)",3,Purchased goods and services / NAICS 424330,USD,CO2e,0.144,,AR5 (EPA: 100-year GWPs from IPCC AR5),US,2022,"EPA Supply Chain GHG Emission Factors v1.3 (USEEIO), purchaser price, 2022 USD","v1.3.0, NAICS-6, with margins",US federal work — public domain,2026-09-25
epa.useeio.v1_3.naics424340,Purchased goods and services — Footwear Merchant Wholesalers (spend-based),3,Purchased goods and services / NAICS 424340,USD,CO2e,0.144,,AR5 (EPA: 100-year GWPs from IPCC AR5),US,2022,"EPA Supply Chain GHG Emission Factors v1.3 (USEEIO), purchaser price, 2022 USD","v1.3.0, NAICS-6, with margins",US federal work — public domain,2026-09-25
epa.useeio.v1_3.naics424410,Purchased goods and services — General Line Grocery Merchant Wholesalers (spend-based),3,Purchased goods and services / NAICS 424410,USD,CO2e,0.159,,AR5 (EPA: 100-year GWPs from IPCC AR5),US,2022,"EPA Supply Chain GHG Emission Factors v1.3 (USEEIO), purchaser price, 2022 USD","v1.3.0, NAICS-6, with margins",US federal work — public domain,2026-09-25
epa.useeio.v1_3.naics424420,Purchased goods and services — Packaged Frozen Food Merchant Wholesalers (spend-based),3,Purchased goods and services / NAICS 424420,USD,CO2e,0.159,,AR5 (EPA: 100-year GWPs from IPCC AR5),US,2022,"EPA Supply Chain GHG Emission Factors v1.3 (USEEIO), purchaser price, 2022 USD","v1.3.0, NAICS-6, with margins",US federal work — public domain,2026-09-25
epa.useeio.v1_3.naics424430,Purchased goods and services — Dairy Product (except Dried or Canned) Merchant Wholesalers (spend-based),3,Purchased goods and services / NAICS 424430,USD,CO2e,0.159,,AR5 (EPA: 100-year GWPs from IPCC AR5),US,2022,"EPA Supply Chain GHG Emission Factors v1.3 (USEEIO), purchaser price, 2022 USD","v1.3.0, NAICS-6, with margins",US federal work — public domain,2026-09-25
epa.useeio.v1_3.naics424440,Purchased goods and services — Poultry and Poultry Product Merchant Wholesalers (spend-based),3,Purchased goods and services / NAICS 424440,USD,CO2e,0.159,,AR5 (EPA: 100-year GWPs from IPCC AR5),US,2022,"EPA Supply Chain GHG Emission Factors v1.3 (USEEIO), purchaser price, 2022 USD","v1.3.0, NAICS-6, with margins",US federal work — public domain,2026-09-25
epa.useeio.v1_3.naics424450,Purchased goods and services — Confectionery Merchant Wholesalers (spend-based),3,Purchased goods and services / NAICS 424450,USD,CO2e,0.159,,AR5 (EPA: 100-year GWPs from IPCC AR5),US,2022,"EPA Supply Chain GHG Emission Factors v1.3 (USEEIO), purchaser price, 2022 USD","v1.3.0, NAICS-6, with margins",US federal work — public domain,2026-09-25
epa.useeio.v1_3.naics424460,Purchased goods and services — Fish and Seafood Merchant Wholesalers (spend-based),3,Purchased goods and services / NAICS 424460,USD,CO2e,0.159,,AR5 (EPA: 100-year GWPs from IPCC AR5),US,2022,"EPA Supply Chain GHG Emission Factors v1.3 (USEEIO), purchaser price, 2022 USD","v1.3.0, NAICS-6, with margins",US federal work — public domain,2026-09-25
epa.useeio.v1_3.naics424470,Purchased goods and services — Meat and Meat Product Merchant Wholesalers (spend-based),3,Purchased goods and services / NAICS 424470,USD,CO2e,0.159,,AR5 (EPA: 100-year GWPs from IPCC AR5),US,2022,"EPA Supply Chain GHG Emission Factors v1.3 (USEEIO), purchaser price, 2022 USD","v1.3.0, NAICS-6, with margins",US federal work — public domain,2026-09-25
epa.useeio.v1_3.naics424480,Purchased goods and services — Fresh Fruit and Vegetable Merchant Wholesalers (spend-based),3,Purchased goods and services / NAICS 424480,USD,CO2e,0.159,,AR5 (EPA: 100-year GWPs from IPCC AR5),US,2022,"EPA Supply Chain GHG Emission Factors v1.3 (USEEIO), purchaser price, 2022 USD","v1.3.0, NAICS-6, with margins",US federal work — public domain,2026-09-25
epa.useeio.v1_3.naics424490,Purchased goods and services — Other Grocery and Related Products Merchant Wholesalers (spend-based),3,Purchased goods and services / NAICS 424490,USD,CO2e,0.159,,AR5 (EPA: 100-year GWPs from IPCC AR5),US,2022,"EPA Supply Chain GHG Emission Factors v1.3 (USEEIO), purchaser price, 2022 USD","v1.3.0, NAICS-6, with margins",US federal work — public domain,2026-09-25
epa.useeio.v1_3.naics424510,Purchased goods and services — Grain and Field Bean Merchant Wholesalers (spend-based),3,Purchased goods and services / NAICS 424510,USD,CO2e,0.144,,AR5 (EPA: 100-year GWPs from IPCC AR5),US,2022,"EPA Supply Chain GHG Emission Factors v1.3 (USEEIO), purchaser price, 2022 USD","v1.3.0, NAICS-6, with margins",US federal work — public domain,2026-09-25
epa.useeio.v1_3.naics424520,Purchased goods and services — Livestock Merchant Wholesalers (spend-based),3,Purchased goods and services / NAICS 424520,USD,CO2e,0.144,,AR5 (EPA: 100-year GWPs from IPCC AR5),US,2022,"EPA Supply Chain GHG Emission Factors v1.3 (USEEIO), purchaser price, 2022 USD","v1.3.0, NAICS-6, with margins",US federal work — public domain,2026-09-25
epa.useeio.v1_3.naics424590,Purchased goods and services — Other Farm Product Raw Material Merchant Wholesalers (spend-based),3,Purchased goods and services / NAICS 424590,USD,CO2e,0.144,,AR5 (EPA: 100-year GWPs from IPCC AR5),US,2022,"EPA Supply Chain GHG Emission Factors v1.3 (USEEIO), purchaser price, 2022 USD","v1.3.0, NAICS-6, with margins",US federal work — public domain,2026-09-25
epa.useeio.v1_3.naics424610,Purchased goods and services — Plastics Materials and Basic Forms and Shapes Merchant Wholesalers (spend-based),3,Purchased goods and services / NAICS 424610,USD,CO2e,0.144,,AR5 (EPA: 100-year GWPs from IPCC AR5),US,2022,"EPA Supply Chain GHG Emission Factors v1.3 (USEEIO), purchaser price, 2022 USD","v1.3.0, NAICS-6, with margins",US federal work — public domain,2026-09-25
epa.useeio.v1_3.naics424690,Purchased goods and services — Other Chemical and Allied Products Merchant Wholesalers (spend-based),3,Purchased goods and services / NAICS 424690,USD,CO2e,0.144,,AR5 (EPA: 100-year GWPs from IPCC AR5),US,2022,"EPA Supply Chain GHG Emission Factors v1.3 (USEEIO), purchaser price, 2022 USD","v1.3.0, NAICS-6, with margins",US federal work — public domain,2026-09-25
epa.useeio.v1_3.naics424710,Purchased goods and services — Petroleum Bulk Stations and Terminals (spend-based),3,Purchased goods and services / NAICS 424710,USD,CO2e,0.102,,AR5 (EPA: 100-year GWPs from IPCC AR5),US,2022,"EPA Supply Chain GHG Emission Factors v1.3 (USEEIO), purchaser price, 2022 USD","v1.3.0, NAICS-6, with margins",US federal work — public domain,2026-09-25
epa.useeio.v1_3.naics424720,Purchased goods and services — Petroleum and Petroleum Products Merchant Wholesalers (except Bulk Stations and Terminals) (spend-based),3,Purchased goods and services / NAICS 424720,USD,CO2e,0.102,,AR5 (EPA: 100-year GWPs from IPCC AR5),US,2022,"EPA Supply Chain GHG Emission Factors v1.3 (USEEIO), purchaser price, 2022 USD","v1.3.0, NAICS-6, with margins",US federal work — public domain,2026-09-25
epa.useeio.v1_3.naics424810,Purchased goods and services — Beer and Ale Merchant Wholesalers (spend-based),3,Purchased goods and services / NAICS 424810,USD,CO2e,0.144,,AR5 (EPA: 100-year GWPs from IPCC AR5),US,2022,"EPA Supply Chain GHG Emission Factors v1.3 (USEEIO), purchaser price, 2022 USD","v1.3.0, NAICS-6, with margins",US federal work — public domain,2026-09-25
epa.useeio.v1_3.naics424820,Purchased goods and services — Wine and Distilled Alcoholic Beverage Merchant Wholesalers (spend-based),3,Purchased goods and services / NAICS 424820,USD,CO2e,0.144,,AR5 (EPA: 100-year GWPs from IPCC AR5),US,2022,"EPA Supply Chain GHG Emission Factors v1.3 (USEEIO), purchaser price, 2022 USD","v1.3.0, NAICS-6, with margins",US federal work — public domain,2026-09-25
epa.useeio.v1_3.naics424910,Purchased goods and services — Farm Supplies Merchant Wholesalers (spend-based),3,Purchased goods and services / NAICS 424910,USD,CO2e,0.144,,AR5 (EPA: 100-year GWPs from IPCC AR5),US,2022,"EPA Supply Chain GHG Emission Factors v1.3 (USEEIO), purchaser price, 2022 USD","v1.3.0, NAICS-6, with margins",US federal work — public domain,2026-09-25
epa.useeio.v1_3.naics424920,"Purchased goods and services — Book, Periodical, and Newspaper Merchant Wholesalers (spend-based)",3,Purchased goods and services / NAICS 424920,USD,CO2e,0.144,,AR5 (EPA: 100-year GWPs from IPCC AR5),US,2022,"EPA Supply Chain GHG Emission Factors v1.3 (USEEIO), purchaser price, 2022 USD","v1.3.0, NAICS-6, with margins",US federal work — public domain,2026-09-25
epa.useeio.v1_3.naics424930,"Purchased goods and services — Flower, Nursery Stock, and Florists' Supplies Merchant Wholesalers (spend-based)",3,Purchased goods and services / NAICS 424930,USD,CO2e,0.144,,AR5 (EPA: 100-year GWPs from IPCC AR5),US,2022,"EPA Supply Chain GHG Emission Factors v1.3 (USEEIO), purchaser price, 2022 USD","v1.3.0, NAICS-6, with margins",US federal work — public domain,2026-09-25
epa.useeio.v1_3.naics424940,Purchased goods and services — Tobacco and Tobacco Product Merchant Wholesalers (spend-based),3,Purchased goods and services / NAICS 424940,USD,CO2e,0.144,,AR5 (EPA: 100-year GWPs from IPCC AR5),US,2022,"EPA Supply Chain GHG Emission Factors v1.3 (USEEIO), purchaser price, 2022 USD","v1.3.0, NAICS-6, with margins",US federal work — public domain,2026-09-25
epa.useeio.v1_3.naics424950,"Purchased goods and services — Paint, Varnish, and Supplies Merchant Wholesalers (spend-based)",3,Purchased goods and services / NAICS 424950,USD,CO2e,0.144,,AR5 (EPA: 100-year GWPs from IPCC AR5),US,2022,"EPA Supply Chain GHG Emission Factors v1.3 (USEEIO), purchaser price, 2022 USD","v1.3.0, NAICS-6, with margins",US federal work — public domain,2026-09-25
epa.useeio.v1_3.naics424990,Purchased goods and services — Other Miscellaneous Nondurable Goods Merchant Wholesalers (spend-based),3,Purchased goods and services / NAICS 424990,USD,CO2e,0.144,,AR5 (EPA: 100-year GWPs from IPCC AR5),US,2022,"EPA Supply Chain GHG Emission Factors v1.3 (USEEIO), purchaser price, 2022 USD","v1.3.0, NAICS-6, with margins",US federal work — public domain,2026-09-25
epa.useeio.v1_3.naics425110,Purchased goods and services — Business to Business Electronic Markets (spend-based),3,Purchased goods and services / NAICS 425110,USD,CO2e,0.092,,AR5 (EPA: 100-year GWPs from IPCC AR5),US,2022,"EPA Supply Chain GHG Emission Factors v1.3 (USEEIO), purchaser price, 2022 USD","v1.3.0, NAICS-6, with margins",US federal work — public domain,2026-09-25
epa.useeio.v1_3.naics425120,Purchased goods and services — Wholesale Trade Agents and Brokers (spend-based),3,Purchased goods and services / NAICS 425120,USD,CO2e,0.092,,AR5 (EPA: 100-year GWPs from IPCC AR5),US,2022,"EPA Supply Chain GHG Emission Factors v1.3 (USEEIO), purchaser price, 2022 USD","v1.3.0, NAICS-6, with margins",US federal work — public domain,2026-09-25
epa.useeio.v1_3.naics441110,Purchased goods and services — New Car Dealers (spend-based),3,Purchased goods and services / NAICS 441110,USD,CO2e,0.073,,AR5 (EPA: 100-year GWPs from IPCC AR5),US,2022,"EPA Supply Chain GHG Emission Factors v1.3 (USEEIO), purchaser price, 2022 USD","v1.3.0, NAICS-6, with margins",US federal work — public domain,2026-09-25
epa.useeio.v1_3.naics441120,Purchased goods and services — Used Car Dealers (spend-based),3,Purchased goods and services / NAICS 441120,USD,CO2e,0.073,,AR5 (EPA: 100-year GWPs from IPCC AR5),US,2022,"EPA Supply Chain GHG Emission Factors v1.3 (USEEIO), purchaser price, 2022 USD","v1.3.0, NAICS-6, with margins",US federal work — public domain,2026-09-25
epa.useeio.v1_3.naics441210,Purchased goods and services — Recreational Vehicle Dealers (spend-based),3,Purchased goods and services / NAICS 441210,USD,CO2e,0.073,,AR5 (EPA: 100-year GWPs from IPCC AR5),US,2022,"EPA Supply Chain GHG Emission Factors v1.3 (USEEIO), purchaser price, 2022 USD","v1.3.0, NAICS-6, with margins",US federal work — public domain,2026-09-25
epa.useeio.v1_3.naics441222,Purchased goods and services — Boat Dealers (spend-based),3,Purchased goods and services / NAICS 441222,USD,CO2e,0.073,,AR5 (EPA: 100-year GWPs from IPCC AR5),US,2022,"EPA Supply Chain GHG Emission Factors v1.3 (USEEIO), purchaser price, 2022 USD","v1.3.0, NAICS-6, with margins",US federal work — public domain,2026-09-25
epa.useeio.v1_3.naics441228,"Purchased goods and services — Motorcycle, ATV, and All Other Motor Vehicle Dealers (spend-based)",3,Purchased goods and services / NAICS 441228,USD,CO2e,0.073,,AR5 (EPA: 100-year GWPs from IPCC AR5),US,2022,"EPA Supply Chain GHG Emission Factors v1.3 (USEEIO), purchaser price, 2022 USD","v1.3.0, NAICS-6, with margins",US federal work — public domain,2026-09-25
epa.useeio.v1_3.naics441310,Purchased goods and services — Automotive Parts and Accessories Stores (spend-based),3,Purchased goods and services / NAICS 441310,USD,CO2e,0.073,,AR5 (EPA: 100-year GWPs from IPCC AR5),US,2022,"EPA Supply Chain GHG Emission Factors v1.3 (USEEIO), purchaser price, 2022 USD","v1.3.0, NAICS-6, with margins",US federal work — public domain,2026-09-25
epa.useeio.v1_3.naics441320,Purchased goods and services — Tire Dealers (spend-based),3,Purchased goods and services / NAICS 441320,USD,CO2e,0.073,,AR5 (EPA: 100-year GWPs from IPCC AR5),US,2022,"EPA Supply Chain GHG Emission Factors v1.3 (USEEIO), purchaser price, 2022 USD","v1.3.0, NAICS-6, with margins",US federal work — public domain,2026-09-25
epa.useeio.v1_3.naics442110,Purchased goods and services — Furniture Stores (spend-based),3,Purchased goods and services / NAICS 442110,USD,CO2e,0.111,,AR5 (EPA: 100-year GWPs from IPCC AR5),US,2022,"EPA Supply Chain GHG Emission Factors v1.3 (USEEIO), purchaser price, 2022 USD","v1.3.0, NAICS-6, with margins",US federal work — public domain,2026-09-25
epa.useeio.v1_3.naics442210,Purchased goods and services — Floor Covering Stores (spend-based),3,Purchased goods and services / NAICS 442210,USD,CO2e,0.111,,AR5 (EPA: 100-year GWPs from IPCC AR5),US,2022,"EPA Supply Chain GHG Emission Factors v1.3 (USEEIO), purchaser price, 2022 USD","v1.3.0, NAICS-6, with margins",US federal work — public domain,2026-09-25
epa.useeio.v1_3.naics442291,Purchased goods and services — Window Treatment Stores (spend-based),3,Purchased goods and services / NAICS 442291,USD,CO2e,0.111,,AR5 (EPA: 100-year GWPs from IPCC AR5),US,2022,"EPA Supply Chain GHG Emission Factors v1.3 (USEEIO), purchaser price, 2022 USD","v1.3.0, NAICS-6, with margins",US federal work — public domain,2026-09-25
epa.useeio.v1_3.naics442299,Purchased goods and services — All Other Home Furnishings Stores (spend-based),3,Purchased goods and services / NAICS 442299,USD,CO2e,0.111,,AR5 (EPA: 100-year GWPs from IPCC AR5),US,2022,"EPA Supply Chain GHG Emission Factors v1.3 (USEEIO), purchaser price, 2022 USD","v1.3.0, NAICS-6, with margins",US federal work — public domain,2026-09-25
epa.useeio.v1_3.naics443141,Purchased goods and services — Household Appliance Stores (spend-based),3,Purchased goods and services / NAICS 443141,USD,CO2e,0.111,,AR5 (EPA: 100-year GWPs from IPCC AR5),US,2022,"EPA Supply Chain GHG Emission Factors v1.3 (USEEIO), purchaser price, 2022 USD","v1.3.0, NAICS-6, with margins",US federal work — public domain,2026-09-25
epa.useeio.v1_3.naics443142,Purchased goods and services — Electronics Stores (spend-based),3,Purchased goods and services / NAICS 443142,USD,CO2e,0.111,,AR5 (EPA: 100-year GWPs from IPCC AR5),US,2022,"EPA Supply Chain GHG Emission Factors v1.3 (USEEIO), purchaser price, 2022 USD","v1.3.0, NAICS-6, with margins",US federal work — public domain,2026-09-25
epa.useeio.v1_3.naics444110,Purchased goods and services — Home Centers (spend-based),3,Purchased goods and services / NAICS 444110,USD,CO2e,0.087,,AR5 (EPA: 100-year GWPs from IPCC AR5),US,2022,"EPA Supply Chain GHG Emission Factors v1.3 (USEEIO), purchaser price, 2022 USD","v1.3.0, NAICS-6, with margins",US federal work — public domain,2026-09-25
epa.useeio.v1_3.naics444120,Purchased goods and services — Paint and Wallpaper Stores (spend-based),3,Purchased goods and services / NAICS 444120,USD,CO2e,0.087,,AR5 (EPA: 100-year GWPs from IPCC AR5),US,2022,"EPA Supply Chain GHG Emission Factors v1.3 (USEEIO), purchaser price, 2022 USD","v1.3.0, NAICS-6, with margins",US federal work — public domain,2026-09-25
epa.useeio.v1_3.naics444130,Purchased goods and services — Hardware Stores (spend-based),3,Purchased goods and services / NAICS 444130,USD,CO2e,0.087,,AR5 (EPA: 100-year GWPs from IPCC AR5),US,2022,"EPA Supply Chain GHG Emission Factors v1.3 (USEEIO), purchaser price, 2022 USD","v1.3.0, NAICS-6, with margins",US federal work — public domain,2026-09-25
epa.useeio.v1_3.naics444190,Purchased goods and services — Other Building Material Dealers (spend-based),3,Purchased goods and services / NAICS 444190,USD,CO2e,0.087,,AR5 (EPA: 100-year GWPs from IPCC AR5),US,2022,"EPA Supply Chain GHG Emission Factors v1.3 (USEEIO), purchaser price, 2022 USD","v1.3.0, NAICS-6, with margins",US federal work — public domain,2026-09-25
epa.useeio.v1_3.naics444210,Purchased goods and services — Outdoor Power Equipment Stores (spend-based),3,Purchased goods and services / NAICS 444210,USD,CO2e,0.087,,AR5 (EPA: 100-year GWPs from IPCC AR5),US,2022,"EPA Supply Chain GHG Emission Factors v1.3 (USEEIO), purchaser price, 2022 USD","v1.3.0, NAICS-6, with margins",US federal work — public domain,2026-09-25
epa.useeio.v1_3.naics444220,"Purchased goods and services — Nursery, Garden Center, and Farm Supply Stores (spend-based)",3,Purchased goods and services / NAICS 444220,USD,CO2e,0.087,,AR5 (EPA: 100-year GWPs from IPCC AR5),US,2022,"EPA Supply Chain GHG Emission Factors v1.3 (USEEIO), purchaser price, 2022 USD","v1.3.0, NAICS-6, with margins",US federal work — public domain,2026-09-25
epa.useeio.v1_3.naics445110,Purchased goods and services — Supermarkets and Other Grocery (except Convenience) Stores (spend-based),3,Purchased goods and services / NAICS 445110,USD,CO2e,0.186,,AR5 (EPA: 100-year GWPs from IPCC AR5),US,2022,"EPA Supply Chain GHG Emission Factors v1.3 (USEEIO), purchaser price, 2022 USD","v1.3.0, NAICS-6, with margins",US federal work — public domain,2026-09-25
epa.useeio.v1_3.naics445120,Purchased goods and services — Convenience Stores (spend-based),3,Purchased goods and services / NAICS 445120,USD,CO2e,0.186,,AR5 (EPA: 100-year GWPs from IPCC AR5),US,2022,"EPA Supply Chain GHG Emission Factors v1.3 (USEEIO), purchaser price, 2022 USD","v1.3.0, NAICS-6, with margins",US federal work — public domain,2026-09-25
epa.useeio.v1_3.naics445210,Purchased goods and services — Meat Markets (spend-based),3,Purchased goods and services / NAICS 445210,USD,CO2e,0.186,,AR5 (EPA: 100-year GWPs from IPCC AR5),US,2022,"EPA Supply Chain GHG Emission Factors v1.3 (USEEIO), purchaser price, 2022 USD","v1.3.0, NAICS-6, with margins",US federal work — public domain,2026-09-25
epa.useeio.v1_3.naics445220,Purchased goods and services — Fish and Seafood Markets (spend-based),3,Purchased goods and services / NAICS 445220,USD,CO2e,0.186,,AR5 (EPA: 100-year GWPs from IPCC AR5),US,2022,"EPA Supply Chain GHG Emission Factors v1.3 (USEEIO), purchaser price, 2022 USD","v1.3.0, NAICS-6, with margins",US federal work — public domain,2026-09-25
epa.useeio.v1_3.naics445230,Purchased goods and services — Fruit and Vegetable Markets (spend-based),3,Purchased goods and services / NAICS 445230,USD,CO2e,0.186,,AR5 (EPA: 100-year GWPs from IPCC AR5),US,2022,"EPA Supply Chain GHG Emission Factors v1.3 (USEEIO), purchaser price, 2022 USD","v1.3.0, NAICS-6, with margins",US federal work — public domain,2026-09-25
epa.useeio.v1_3.naics445291,Purchased goods and services — Baked Goods Stores (spend-based),3,Purchased goods and services / NAICS 445291,USD,CO2e,0.186,,AR5 (EPA: 100-year GWPs from IPCC AR5),US,2022,"EPA Supply Chain GHG Emission Factors v1.3 (USEEIO), purchaser price, 2022 USD","v1.3.0, NAICS-6, with margins",US federal work — public domain,2026-09-25
epa.useeio.v1_3.naics445292,Purchased goods and services — Confectionery and Nut Stores (spend-based),3,Purchased goods and services / NAICS 445292,USD,CO2e,0.186,,AR5 (EPA: 100-year GWPs from IPCC AR5),US,2022,"EPA Supply Chain GHG Emission Factors v1.3 (USEEIO), purchaser price, 2022 USD","v1.3.0, NAICS-6, with margins",US federal work — public domain,2026-09-25
epa.useeio.v1_3.naics445299,Purchased goods and services — All Other Specialty Food Stores (spend-based),3,Purchased goods and services / NAICS 445299,USD,CO2e,0.186,,AR5 (EPA: 100-year GWPs from IPCC AR5),US,2022,"EPA Supply Chain GHG Emission Factors v1.3 (USEEIO), purchaser price, 2022 USD","v1.3.0, NAICS-6, with margins",US federal work — public domain,2026-09-25
epa.useeio.v1_3.naics445310,"Purchased goods and services — Beer, Wine, and Liquor Stores (spend-based)",3,Purchased goods and services / NAICS 445310,USD,CO2e,0.186,,AR5 (EPA: 100-year GWPs from IPCC AR5),US,2022,"EPA Supply Chain GHG Emission Factors v1.3 (USEEIO), purchaser price, 2022 USD","v1.3.0, NAICS-6, with margins",US federal work — public domain,2026-09-25
epa.useeio.v1_3.naics446110,Purchased goods and services — Pharmacies and Drug Stores (spend-based),3,Purchased goods and services / NAICS 446110,USD,CO2e,0.13,,AR5 (EPA: 100-year GWPs from IPCC AR5),US,2022,"EPA Supply Chain GHG Emission Factors v1.3 (USEEIO), purchaser price, 2022 USD","v1.3.0, NAICS-6, with margins",US federal work — public domain,2026-09-25
epa.useeio.v1_3.naics446120,"Purchased goods and services — Cosmetics, Beauty Supplies, and Perfume Stores (spend-based)",3,Purchased goods and services / NAICS 446120,USD,CO2e,0.13,,AR5 (EPA: 100-year GWPs from IPCC AR5),US,2022,"EPA Supply Chain GHG Emission Factors v1.3 (USEEIO), purchaser price, 2022 USD","v1.3.0, NAICS-6, with margins",US federal work — public domain,2026-09-25
epa.useeio.v1_3.naics446130,Purchased goods and services — Optical Goods Stores (spend-based),3,Purchased goods and services / NAICS 446130,USD,CO2e,0.13,,AR5 (EPA: 100-year GWPs from IPCC AR5),US,2022,"EPA Supply Chain GHG Emission Factors v1.3 (USEEIO), purchaser price, 2022 USD","v1.3.0, NAICS-6, with margins",US federal work — public domain,2026-09-25
epa.useeio.v1_3.naics446191,Purchased goods and services — Food (Health) Supplement Stores (spend-based),3,Purchased goods and services / NAICS 446191,USD,CO2e,0.13,,AR5 (EPA: 100-year GWPs from IPCC AR5),US,2022,"EPA Supply Chain GHG Emission Factors v1.3 (USEEIO), purchaser price, 2022 USD","v1.3.0, NAICS-6, with margins",US federal work — public domain,2026-09-25
epa.useeio.v1_3.naics446199,Purchased goods and services — All Other Health and Personal Care Stores (spend-based),3,Purchased goods and services / NAICS 446199,USD,CO2e,0.13,,AR5 (EPA: 100-year GWPs from IPCC AR5),US,2022,"EPA Supply Chain GHG Emission Factors v1.3 (USEEIO), purchaser price, 2022 USD","v1.3.0, NAICS-6, with margins",US federal work — public domain,2026-09-25
epa.useeio.v1_3.naics447110,Purchased goods and services — Gasoline Stations with Convenience Stores (spend-based),3,Purchased goods and services / NAICS 447110,USD,CO2e,0.183,,AR5 (EPA: 100-year GWPs from IPCC AR5),US,2022,"EPA Supply Chain GHG Emission Factors v1.3 (USEEIO), purchaser price, 2022 USD","v1.3.0, NAICS-6, with margins",US federal work — public domain,2026-09-25
epa.useeio.v1_3.naics447190,Purchased goods and services — Other Gasoline Stations (spend-based),3,Purchased goods and services / NAICS 447190,USD,CO2e,0.183,,AR5 (EPA: 100-year GWPs from IPCC AR5),US,2022,"EPA Supply Chain GHG Emission Factors v1.3 (USEEIO), purchaser price, 2022 USD","v1.3.0, NAICS-6, with margins",US federal work — public domain,2026-09-25
epa.useeio.v1_3.naics448110,Purchased goods and services — Men's Clothing Stores (spend-based),3,Purchased goods and services / NAICS 448110,USD,CO2e,0.138,,AR5 (EPA: 100-year GWPs from IPCC AR5),US,2022,"EPA Supply Chain GHG Emission Factors v1.3 (USEEIO), purchaser price, 2022 USD","v1.3.0, NAICS-6, with margins",US federal work — public domain,2026-09-25
epa.useeio.v1_3.naics448120,Purchased goods and services — Women's Clothing Stores (spend-based),3,Purchased goods and services / NAICS 448120,USD,CO2e,0.138,,AR5 (EPA: 100-year GWPs from IPCC AR5),US,2022,"EPA Supply Chain GHG Emission Factors v1.3 (USEEIO), purchaser price, 2022 USD","v1.3.0, NAICS-6, with margins",US federal work — public domain,2026-09-25
epa.useeio.v1_3.naics448130,Purchased goods and services — Children's and Infants' Clothing Stores (spend-based),3,Purchased goods and services / NAICS 448130,USD,CO2e,0.138,,AR5 (EPA: 100-year GWPs from IPCC AR5),US,2022,"EPA Supply Chain GHG Emission Factors v1.3 (USEEIO), purchaser price, 2022 USD","v1.3.0, NAICS-6, with margins",US federal work — public domain,2026-09-25
epa.useeio.v1_3.naics448140,Purchased goods and services — Family Clothing Stores (spend-based),3,Purchased goods and services / NAICS 448140,USD,CO2e,0.138,,AR5 (EPA: 100-year GWPs from IPCC AR5),US,2022,"EPA Supply Chain GHG Emission Factors v1.3 (USEEIO), purchaser price, 2022 USD","v1.3.0, NAICS-6, with margins",US federal work — public domain,2026-09-25
epa.useeio.v1_3.naics448150,Purchased goods and services — Clothing Accessories Stores (spend-based),3,Purchased goods and services / NAICS 448150,USD,CO2e,0.138,,AR5 (EPA: 100-year GWPs from IPCC AR5),US,2022,"EPA Supply Chain GHG Emission Factors v1.3 (USEEIO), purchaser price, 2022 USD","v1.3.0, NAICS-6, with margins",US federal work — public domain,2026-09-25
epa.useeio.v1_3.naics448190,Purchased goods and services — Other Clothing Stores (spend-based),3,Purchased goods and services / NAICS 448190,USD,CO2e,0.138,,AR5 (EPA: 100-year GWPs from IPCC AR5),US,2022,"EPA Supply Chain GHG Emission Factors v1.3 (USEEIO), purchaser price, 2022 USD","v1.3.0, NAICS-6, with margins",US federal work — public domain,2026-09-25
epa.useeio.v1_3.naics448210,Purchased goods and services — Shoe Stores (spend-based),3,Purchased goods and services / NAICS 448210,USD,CO2e,0.138,,AR5 (EPA: 100-year GWPs from IPCC AR5),US,2022,"EPA Supply Chain GHG Emission Factors v1.3 (USEEIO), purchaser price, 2022 USD","v1.3.0, NAICS-6, with margins",US federal work — public domain,2026-09-25
epa.useeio.v1_3.naics448310,Purchased goods and services — Jewelry Stores (spend-based),3,Purchased goods and services / NAICS 448310,USD,CO2e,0.138,,AR5 (EPA: 100-year GWPs from IPCC AR5),US,2022,"EPA Supply Chain GHG Emission Factors v1.3 (USEEIO), purchaser price, 2022 USD","v1.3.0, NAICS-6, with margins",US federal work — public domain,2026-09-25
epa.useeio.v1_3.naics448320,Purchased goods and services — Luggage and Leather Goods Stores (spend-based),3,Purchased goods and services / NAICS 448320,USD,CO2e,0.138,,AR5 (EPA: 100-year GWPs from IPCC AR5),US,2022,"EPA Supply Chain GHG Emission Factors v1.3 (USEEIO), purchaser price, 2022 USD","v1.3.0, NAICS-6, with margins",US federal work — public domain,2026-09-25
epa.useeio.v1_3.naics451110,Purchased goods and services — Sporting Goods Stores (spend-based),3,Purchased goods and services / NAICS 451110,USD,CO2e,0.111,,AR5 (EPA: 100-year GWPs from IPCC AR5),US,2022,"EPA Supply Chain GHG Emission Factors v1.3 (USEEIO), purchaser price, 2022 USD","v1.3.0, NAICS-6, with margins",US federal work — public domain,2026-09-25
epa.useeio.v1_3.naics451120,"Purchased goods and services — Hobby, Toy, and Game Stores (spend-based)",3,Purchased goods and services / NAICS 451120,USD,CO2e,0.111,,AR5 (EPA: 100-year GWPs from IPCC AR5),US,2022,"EPA Supply Chain GHG Emission Factors v1.3 (USEEIO), purchaser price, 2022 USD","v1.3.0, NAICS-6, with margins",US federal work — public domain,2026-09-25
epa.useeio.v1_3.naics451130,"Purchased goods and services — Sewing, Needlework, and Piece Goods Stores (spend-based)",3,Purchased goods and services / NAICS 451130,USD,CO2e,0.111,,AR5 (EPA: 100-year GWPs from IPCC AR5),US,2022,"EPA Supply Chain GHG Emission Factors v1.3 (USEEIO), purchaser price, 2022 USD","v1.3.0, NAICS-6, with margins",US federal work — public domain,2026-09-25
epa.useeio.v1_3.naics451140,Purchased goods and services — Musical Instrument and Supplies Stores (spend-based),3,Purchased goods and services / NAICS 451140,USD,CO2e,0.111,,AR5 (EPA: 100-year GWPs from IPCC AR5),US,2022,"EPA Supply Chain GHG Emission Factors v1.3 (USEEIO), purchaser price, 2022 USD","v1.3.0, NAICS-6, with margins",US federal work — public domain,2026-09-25
epa.useeio.v1_3.naics451211,Purchased goods and services — Book Stores (spend-based),3,Purchased goods and services / NAICS 451211,USD,CO2e,0.111,,AR5 (EPA: 100-year GWPs from IPCC AR5),US,2022,"EPA Supply Chain GHG Emission Factors v1.3 (USEEIO), purchaser price, 2022 USD","v1.3.0, NAICS-6, with margins",US federal work — public domain,2026-09-25
epa.useeio.v1_3.naics451212,Purchased goods and services — News Dealers and Newsstands (spend-based),3,Purchased goods and services / NAICS 451212,USD,CO2e,0.111,,AR5 (EPA: 100-year GWPs from IPCC AR5),US,2022,"EPA Supply Chain GHG Emission Factors v1.3 (USEEIO), purchaser price, 2022 USD","v1.3.0, NAICS-6, with margins",US federal work — public domain,2026-09-25
epa.useeio.v1_3.naics452210,Purchased goods and services — Department Stores (spend-based),3,Purchased goods and services / NAICS 452210,USD,CO2e,0.164,,AR5 (EPA: 100-year GWPs from IPCC AR5),US,2022,"EPA Supply Chain GHG Emission Factors v1.3 (USEEIO), purchaser price, 2022 USD","v1.3.0, NAICS-6, with margins",US federal work — public domain,2026-09-25
epa.useeio.v1_3.naics452311,Purchased goods and services — Warehouse Clubs and Supercenters (spend-based),3,Purchased goods and services / NAICS 452311,USD,CO2e,0.164,,AR5 (EPA: 100-year GWPs from IPCC AR5),US,2022,"EPA Supply Chain GHG Emission Factors v1.3 (USEEIO), purchaser price, 2022 USD","v1.3.0, NAICS-6, with margins",US federal work — public domain,2026-09-25
epa.useeio.v1_3.naics452319,Purchased goods and services — All Other General Merchandise Stores (spend-based),3,Purchased goods and services / NAICS 452319,USD,CO2e,0.164,,AR5 (EPA: 100-year GWPs from IPCC AR5),US,2022,"EPA Supply Chain GHG Emission Factors v1.3 (USEEIO), purchaser price, 2022 USD","v1.3.0, NAICS-6, with margins",US federal work — public domain,2026-09-25
epa.useeio.v1_3.naics453110,Purchased goods and services — Florists (spend-based),3,Purchased goods and services / NAICS 453110,USD,CO2e,0.111,,AR5 (EPA: 100-year GWPs from IPCC AR5),US,2022,"EPA Supply Chain GHG Emission Factors v1.3 (USEEIO), purchaser price, 2022 USD","v1.3.0, NAICS-6, with margins",US federal work — public domain,2026-09-25
epa.useeio.v1_3.naics453210,Purchased goods and services — Office Supplies and Stationery Stores (spend-based),3,Purchased goods and services / NAICS 453210,USD,CO2e,0.111,,AR5 (EPA: 100-year GWPs from IPCC AR5),US,2022,"EPA Supply Chain GHG Emission Factors v1.3 (USEEIO), purchaser price, 2022 USD","v1.3.0, NAICS-6, with margins",US federal work — public domain,2026-09-25
epa.useeio.v1_3.naics453220,"Purchased goods and services — Gift, Novelty, and Souvenir Stores (spend-based)",3,Purchased goods and services / NAICS 453220,USD,CO2e,0.111,,AR5 (EPA: 100-year GWPs from IPCC AR5),US,2022,"EPA Supply Chain GHG Emission Factors v1.3 (USEEIO), purchaser price, 2022 USD","v1.3.0, NAICS-6, with margins",US federal work — public domain,2026-09-25
epa.useeio.v1_3.naics453310,Purchased goods and services — Used Merchandise Stores (spend-based),3,Purchased goods and services / NAICS 453310,USD,CO2e,0.111,,AR5 (EPA: 100-year GWPs from IPCC AR5),US,2022,"EPA Supply Chain GHG Emission Factors v1.3 (USEEIO), purchaser price, 2022 USD","v1.3.0, NAICS-6, with margins",US federal work — public domain,2026-09-25
epa.useeio.v1_3.naics453910,Purchased goods and services — Pet and Pet Supplies Stores (spend-based),3,Purchased goods and services / NAICS 453910,USD,CO2e,0.111,,AR5 (EPA: 100-year GWPs from IPCC AR5),US,2022,"EPA Supply Chain GHG Emission Factors v1.3 (USEEIO), purchaser price, 2022 USD","v1.3.0, NAICS-6, with margins",US federal work — public domain,2026-09-25
epa.useeio.v1_3.naics453920,Purchased goods and services — Art Dealers (spend-based),3,Purchased goods and services / NAICS 453920,USD,CO2e,0.111,,AR5 (EPA: 100-year GWPs from IPCC AR5),US,2022,"EPA Supply Chain GHG Emission Factors v1.3 (USEEIO), purchaser price, 2022 USD","v1.3.0, NAICS-6, with margins",US federal work — public domain,2026-09-25
epa.useeio.v1_3.naics453930,Purchased goods and services — Manufactured (Mobile) Home Dealers (spend-based),3,Purchased goods and services / NAICS 453930,USD,CO2e,0.111,,AR5 (EPA: 100-year GWPs from IPCC AR5),US,2022,"EPA Supply Chain GHG Emission Factors v1.3 (USEEIO), purchaser price, 2022 USD","v1.3.0, NAICS-6, with margins",US federal work — public domain,2026-09-25
epa.useeio.v1_3.naics453991,Purchased goods and services — Tobacco Stores (spend-based),3,Purchased goods and services / NAICS 453991,USD,CO2e,0.111,,AR5 (EPA: 100-year GWPs from IPCC AR5),US,2022,"EPA Supply Chain GHG Emission Factors v1.3 (USEEIO), purchaser price, 2022 USD","v1.3.0, NAICS-6, with margins",US federal work — public domain,2026-09-25
epa.useeio.v1_3.naics453998,Purchased goods and services — All Other Miscellaneous Store Retailers (except Tobacco Stores) (spend-based),3,Purchased goods and services / NAICS 453998,USD,CO2e,0.111,,AR5 (EPA: 100-year GWPs from IPCC AR5),US,2022,"EPA Supply Chain GHG Emission Factors v1.3 (USEEIO), purchaser price, 2022 USD","v1.3.0, NAICS-6, with margins",US federal work — public domain,2026-09-25
epa.useeio.v1_3.naics454110,Purchased goods and services — Electronic Shopping and Mail-Order Houses (spend-based),3,Purchased goods and services / NAICS 454110,USD,CO2e,0.094,,AR5 (EPA: 100-year GWPs from IPCC AR5),US,2022,"EPA Supply Chain GHG Emission Factors v1.3 (USEEIO), purchaser price, 2022 USD","v1.3.0, NAICS-6, with margins",US federal work — public domain,2026-09-25
epa.useeio.v1_3.naics454210,Purchased goods and services — Vending Machine Operators (spend-based),3,Purchased goods and services / NAICS 454210,USD,CO2e,0.094,,AR5 (EPA: 100-year GWPs from IPCC AR5),US,2022,"EPA Supply Chain GHG Emission Factors v1.3 (USEEIO), purchaser price, 2022 USD","v1.3.0, NAICS-6, with margins",US federal work — public domain,2026-09-25
epa.useeio.v1_3.naics454310,Purchased goods and services — Fuel Dealers (spend-based),3,Purchased goods and services / NAICS 454310,USD,CO2e,0.094,,AR5 (EPA: 100-year GWPs from IPCC AR5),US,2022,"EPA Supply Chain GHG Emission Factors v1.3 (USEEIO), purchaser price, 2022 USD","v1.3.0, NAICS-6, with margins",US federal work — public domain,2026-09-25
epa.useeio.v1_3.naics454390,Purchased goods and services — Other Direct Selling Establishments (spend-based),3,Purchased goods and services / NAICS 454390,USD,CO2e,0.094,,AR5 (EPA: 100-year GWPs from IPCC AR5),US,2022,"EPA Supply Chain GHG Emission Factors v1.3 (USEEIO), purchaser price, 2022 USD","v1.3.0, NAICS-6, with margins",US federal work — public domain,2026-09-25
epa.useeio.v1_3.naics481111,Purchased goods and services — Scheduled Passenger Air Transportation (spend-based),3,Purchased goods and services / NAICS 481111,USD,CO2e,0.644,,AR5 (EPA: 100-year GWPs from IPCC AR5),US,2022,"EPA Supply Chain GHG Emission Factors v1.3 (USEEIO), purchaser price, 2022 USD","v1.3.0, NAICS-6, with margins",US federal work — public domain,2026-09-25
epa.useeio.v1_3.naics481112,Purchased goods and services — Scheduled Freight Air Transportation (spend-based),3,Purchased goods and services / NAICS 481112,USD,CO2e,0.644,,AR5 (EPA: 100-year GWPs from IPCC AR5),US,2022,"EPA Supply Chain GHG Emission Factors v1.3 (USEEIO), purchaser price, 2022 USD","v1.3.0, NAICS-6, with margins",US federal work — public domain,2026-09-25
epa.useeio.v1_3.naics481211,Purchased goods and services — Nonscheduled Chartered Passenger Air Transportation (spend-based),3,Purchased goods and services / NAICS 481211,USD,CO2e,0.644,,AR5 (EPA: 100-year GWPs from IPCC AR5),US,2022,"EPA Supply Chain GHG Emission Factors v1.3 (USEEIO), purchaser price, 2022 USD","v1.3.0, NAICS-6, with margins",US federal work — public domain,2026-09-25
epa.useeio.v1_3.naics481212,Purchased goods and services — Nonscheduled Chartered Freight Air Transportation (spend-based),3,Purchased goods and services / NAICS 481212,USD,CO2e,0.644,,AR5 (EPA: 100-year GWPs from IPCC AR5),US,2022,"EPA Supply Chain GHG Emission Factors v1.3 (USEEIO), purchaser price, 2022 USD","v1.3.0, NAICS-6, with margins",US federal work — public domain,2026-09-25
epa.useeio.v1_3.naics481219,Purchased goods and services — Other Nonscheduled Air Transportation (spend-based),3,Purchased goods and services / NAICS 481219,USD,CO2e,0.644,,AR5 (EPA: 100-year GWPs from IPCC AR5),US,2022,"EPA Supply Chain GHG Emission Factors v1.3 (USEEIO), purchaser price, 2022 USD","v1.3.0, NAICS-6, with margins",US federal work — public domain,2026-09-25
epa.useeio.v1_3.naics482111,Purchased goods and services — Line-Haul Railroads (spend-based),3,Purchased goods and services / NAICS 482111,USD,CO2e,0.466,,AR5 (EPA: 100-year GWPs from IPCC AR5),US,2022,"EPA Supply Chain GHG Emission Factors v1.3 (USEEIO), purchaser price, 2022 USD","v1.3.0, NAICS-6, with margins",US federal work — public domain,2026-09-25
epa.useeio.v1_3.naics482112,Purchased goods and services — Short Line Railroads (spend-based),3,Purchased goods and services / NAICS 482112,USD,CO2e,0.466,,AR5 (EPA: 100-year GWPs from IPCC AR5),US,2022,"EPA Supply Chain GHG Emission Factors v1.3 (USEEIO), purchaser price, 2022 USD","v1.3.0, NAICS-6, with margins",US federal work — public domain,2026-09-25
epa.useeio.v1_3.naics483111,Purchased goods and services — Deep Sea Freight Transportation (spend-based),3,Purchased goods and services / NAICS 483111,USD,CO2e,0.816,,AR5 (EPA: 100-year GWPs from IPCC AR5),US,2022,"EPA Supply Chain GHG Emission Factors v1.3 (USEEIO), purchaser price, 2022 USD","v1.3.0, NAICS-6, with margins",US federal work — public domain,2026-09-25
epa.useeio.v1_3.naics483112,Purchased goods and services — Deep Sea Passenger Transportation (spend-based),3,Purchased goods and services / NAICS 483112,USD,CO2e,0.816,,AR5 (EPA: 100-year GWPs from IPCC AR5),US,2022,"EPA Supply Chain GHG Emission Factors v1.3 (USEEIO), purchaser price, 2022 USD","v1.3.0, NAICS-6, with margins",US federal work — public domain,2026-09-25
epa.useeio.v1_3.naics483113,Purchased goods and services — Coastal and Great Lakes Freight Transportation (spend-based),3,Purchased goods and services / NAICS 483113,USD,CO2e,0.816,,AR5 (EPA: 100-year GWPs from IPCC AR5),US,2022,"EPA Supply Chain GHG Emission Factors v1.3 (USEEIO), purchaser price, 2022 USD","v1.3.0, NAICS-6, with margins",US federal work — public domain,2026-09-25
epa.useeio.v1_3.naics483114,Purchased goods and services — Coastal and Great Lakes Passenger Transportation (spend-based),3,Purchased goods and services / NAICS 483114,USD,CO2e,0.816,,AR5 (EPA: 100-year GWPs from IPCC AR5),US,2022,"EPA Supply Chain GHG Emission Factors v1.3 (USEEIO), purchaser price, 2022 USD","v1.3.0, NAICS-6, with margins",US federal work — public domain,2026-09-25
epa.useeio.v1_3.naics483211,Purchased goods and services — Inland Water Freight Transportation (spend-based),3,Purchased goods and services / NAICS 483211,USD,CO2e,0.816,,AR5 (EPA: 100-year GWPs from IPCC AR5),US,2022,"EPA Supply Chain GHG Emission Factors v1.3 (USEEIO), purchaser price, 2022 USD","v1.3.0, NAICS-6, with margins",US federal work — public domain,2026-09-25
epa.useeio.v1_3.naics483212,Purchased goods and services — Inland Water Passenger Transportation (spend-based),3,Purchased goods and services / NAICS 483212,USD,CO2e,0.816,,AR5 (EPA: 100-year GWPs from IPCC AR5),US,2022,"EPA Supply Chain GHG Emission Factors v1.3 (USEEIO), purchaser price, 2022 USD","v1.3.0, NAICS-6, with margins",US federal work — public domain,2026-09-25
epa.useeio.v1_3.naics484110,"Purchased goods and services — General Freight Trucking, Local (spend-based)",3,Purchased goods and services / NAICS 484110,USD,CO2e,0.595,,AR5 (EPA: 100-year GWPs from IPCC AR5),US,2022,"EPA Supply Chain GHG Emission Factors v1.3 (USEEIO), purchaser price, 2022 USD","v1.3.0, NAICS-6, with margins",US federal work — public domain,2026-09-25
epa.useeio.v1_3.naics484121,"Purchased goods and services — General Freight Trucking, Long-Distance, Truckload (spend-based)",3,Purchased goods and services / NAICS 484121,USD,CO2e,0.595,,AR5 (EPA: 100-year GWPs from IPCC AR5),US,2022,"EPA Supply Chain GHG Emission Factors v1.3 (USEEIO), purchaser price, 2022 USD","v1.3.0, NAICS-6, with margins",US federal work — public domain,2026-09-25
epa.useeio.v1_3.naics484122,"Purchased goods and services — General Freight Trucking, Long-Distance, Less Than Truckload (spend-based)",3,Purchased goods and services / NAICS 484122,USD,CO2e,0.595,,AR5 (EPA: 100-year GWPs from IPCC AR5),US,2022,"EPA Supply Chain GHG Emission Factors v1.3 (USEEIO), purchaser price, 2022 USD","v1.3.0, NAICS-6, with margins",US federal work — public domain,2026-09-25
epa.useeio.v1_3.naics484210,Purchased goods and services — Used Household and Office Goods Moving (spend-based),3,Purchased goods and services / NAICS 484210,USD,CO2e,0.595,,AR5 (EPA: 100-year GWPs from IPCC AR5),US,2022,"EPA Supply Chain GHG Emission Factors v1.3 (USEEIO), purchaser price, 2022 USD","v1.3.0, NAICS-6, with margins",US federal work — public domain,2026-09-25
epa.useeio.v1_3.naics484220,"Purchased goods and services — Specialized Freight (except Used Goods) Trucking, Local (spend-based)",3,Purchased goods and services / NAICS 484220,USD,CO2e,0.595,,AR5 (EPA: 100-year GWPs from IPCC AR5),US,2022,"EPA Supply Chain GHG Emission Factors v1.3 (USEEIO), purchaser price, 2022 USD","v1.3.0, NAICS-6, with margins",US federal work — public domain,2026-09-25
epa.useeio.v1_3.naics484230,"Purchased goods and services — Specialized Freight (except Used Goods) Trucking, Long-Distance (spend-based)",3,Purchased goods and services / NAICS 484230,USD,CO2e,0.595,,AR5 (EPA: 100-year GWPs from IPCC AR5),US,2022,"EPA Supply Chain GHG Emission Factors v1.3 (USEEIO), purchaser price, 2022 USD","v1.3.0, NAICS-6, with margins",US federal work — public domain,2026-09-25
epa.useeio.v1_3.naics485111,Purchased goods and services — Mixed Mode Transit Systems (spend-based),3,Purchased goods and services / NAICS 485111,USD,CO2e,0.566,,AR5 (EPA: 100-year GWPs from IPCC AR5),US,2022,"EPA Supply Chain GHG Emission Factors v1.3 (USEEIO), purchaser price, 2022 USD","v1.3.0, NAICS-6, with margins",US federal work — public domain,2026-09-25
epa.useeio.v1_3.naics485112,Purchased goods and services — Commuter Rail Systems (spend-based),3,Purchased goods and services / NAICS 485112,USD,CO2e,0.566,,AR5 (EPA: 100-year GWPs from IPCC AR5),US,2022,"EPA Supply Chain GHG Emission Factors v1.3 (USEEIO), purchaser price, 2022 USD","v1.3.0, NAICS-6, with margins",US federal work — public domain,2026-09-25
epa.useeio.v1_3.naics485113,Purchased goods and services — Bus and Other Motor Vehicle Transit Systems (spend-based),3,Purchased goods and services / NAICS 485113,USD,CO2e,0.566,,AR5 (EPA: 100-year GWPs from IPCC AR5),US,2022,"EPA Supply Chain GHG Emission Factors v1.3 (USEEIO), purchaser price, 2022 USD","v1.3.0, NAICS-6, with margins",US federal work — public domain,2026-09-25
epa.useeio.v1_3.naics485119,Purchased goods and services — Other Urban Transit Systems (spend-based),3,Purchased goods and services / NAICS 485119,USD,CO2e,0.566,,AR5 (EPA: 100-year GWPs from IPCC AR5),US,2022,"EPA Supply Chain GHG Emission Factors v1.3 (USEEIO), purchaser price, 2022 USD","v1.3.0, NAICS-6, with margins",US federal work — public domain,2026-09-25
epa.useeio.v1_3.naics485210,Purchased goods and services — Interurban and Rural Bus Transportation (spend-based),3,Purchased goods and services / NAICS 485210,USD,CO2e,0.566,,AR5 (EPA: 100-year GWPs from IPCC AR5),US,2022,"EPA Supply Chain GHG Emission Factors v1.3 (USEEIO), purchaser price, 2022 USD","v1.3.0, NAICS-6, with margins",US federal work — public domain,2026-09-25
epa.useeio.v1_3.naics485310,Purchased goods and services — Taxi Service (spend-based),3,Purchased goods and services / NAICS 485310,USD,CO2e,0.566,,AR5 (EPA: 100-year GWPs from IPCC AR5),US,2022,"EPA Supply Chain GHG Emission Factors v1.3 (USEEIO), purchaser price, 2022 USD","v1.3.0, NAICS-6, with margins",US federal work — public domain,2026-09-25
epa.useeio.v1_3.naics485320,Purchased goods and services — Limousine Service (spend-based),3,Purchased goods and services / NAICS 485320,USD,CO2e,0.566,,AR5 (EPA: 100-year GWPs from IPCC AR5),US,2022,"EPA Supply Chain GHG Emission Factors v1.3 (USEEIO), purchaser price, 2022 USD","v1.3.0, NAICS-6, with margins",US federal work — public domain,2026-09-25
epa.useeio.v1_3.naics485410,Purchased goods and services — School and Employee Bus Transportation (spend-based),3,Purchased goods and services / NAICS 485410,USD,CO2e,0.566,,AR5 (EPA: 100-year GWPs from IPCC AR5),US,2022,"EPA Supply Chain GHG Emission Factors v1.3 (USEEIO), purchaser price, 2022 USD","v1.3.0, NAICS-6, with margins",US federal work — public domain,2026-09-25
epa.useeio.v1_3.naics485510,Purchased goods and services — Charter Bus Industry (spend-based),3,Purchased goods and services / NAICS 485510,USD,CO2e,0.566,,AR5 (EPA: 100-year GWPs from IPCC AR5),US,2022,"EPA Supply Chain GHG Emission Factors v1.3 (USEEIO), purchaser price, 2022 USD","v1.3.0, NAICS-6, with margins",US federal work — public domain,2026-09-25
epa.useeio.v1_3.naics485991,Purchased goods and services — Special Needs Transportation (spend-based),3,Purchased goods and services / NAICS 485991,USD,CO2e,0.566,,AR5 (EPA: 100-year GWPs from IPCC AR5),US,2022,"EPA Supply Chain GHG Emission Factors v1.3 (USEEIO), purchaser price, 2022 USD","v1.3.0, NAICS-6, with margins",US federal work — public domain,2026-09-25
epa.useeio.v1_3.naics485999,Purchased goods and services — All Other Transit and Ground Passenger Transportation (spend-based),3,Purchased goods and services / NAICS 485999,USD,CO2e,0.566,,AR5 (EPA: 100-year GWPs from IPCC AR5),US,2022,"EPA Supply Chain GHG Emission Factors v1.3 (USEEIO), purchaser price, 2022 USD","v1.3.0, NAICS-6, with margins",US federal work — public domain,2026-09-25
epa.useeio.v1_3.naics486110,Purchased goods and services — Pipeline Transportation of Crude Oil (spend-based),3,Purchased goods and services / NAICS 486110,USD,CO2e,1.619,,AR5 (EPA: 100-year GWPs from IPCC AR5),US,2022,"EPA Supply Chain GHG Emission Factors v1.3 (USEEIO), purchaser price, 2022 USD","v1.3.0, NAICS-6, with margins",US federal work — public domain,2026-09-25
epa.useeio.v1_3.naics486210,Purchased goods and services — Pipeline Transportation of Natural Gas (spend-based),3,Purchased goods and services / NAICS 486210,USD,CO2e,1.619,,AR5 (EPA: 100-year GWPs from IPCC AR5),US,2022,"EPA Supply Chain GHG Emission Factors v1.3 (USEEIO), purchaser price, 2022 USD","v1.3.0, NAICS-6, with margins",US federal work — public domain,2026-09-25
epa.useeio.v1_3.naics486910,Purchased goods and services — Pipeline Transportation of Refined Petroleum Products (spend-based),3,Purchased goods and services / NAICS 486910,USD,CO2e,1.619,,AR5 (EPA: 100-year GWPs from IPCC AR5),US,2022,"EPA Supply Chain GHG Emission Factors v1.3 (USEEIO), purchaser price, 2022 USD","v1.3.0, NAICS-6, with margins",US federal work — public domain,2026-09-25
epa.useeio.v1_3.naics486990,Purchased goods and services — All Other Pipeline Transportation (spend-based),3,Purchased goods and services / NAICS 486990,USD,CO2e,1.619,,AR5 (EPA: 100-year GWPs from IPCC AR5),US,2022,"EPA Supply Chain GHG Emission Factors v1.3 (USEEIO), purchaser price, 2022 USD","v1.3.0, NAICS-6, with margins",US federal work — public domain,2026-09-25
epa.useeio.v1_3.naics487110,"Purchased goods and services — Scenic and Sightseeing Transportation, Land (spend-based)",3,Purchased goods and services / NAICS 487110,USD,CO2e,0.162,,AR5 (EPA: 100-year GWPs from IPCC AR5),US,2022,"EPA Supply Chain GHG Emission Factors v1.3 (USEEIO), purchaser price, 2022 USD","v1.3.0, NAICS-6, with margins",US federal work — public domain,2026-09-25
epa.useeio.v1_3.naics487210,"Purchased goods and services — Scenic and Sightseeing Transportation, Water (spend-based)",3,Purchased goods and services / NAICS 487210,USD,CO2e,0.162,,AR5 (EPA: 100-year GWPs from IPCC AR5),US,2022,"EPA Supply Chain GHG Emission Factors v1.3 (USEEIO), purchaser price, 2022 USD","v1.3.0, NAICS-6, with margins",US federal work — public domain,2026-09-25
epa.useeio.v1_3.naics487990,"Purchased goods and services — Scenic and Sightseeing Transportation, Other (spend-based)",3,Purchased goods and services / NAICS 487990,USD,CO2e,0.162,,AR5 (EPA: 100-year GWPs from IPCC AR5),US,2022,"EPA Supply Chain GHG Emission Factors v1.3 (USEEIO), purchaser price, 2022 USD","v1.3.0, NAICS-6, with margins",US federal work — public domain,2026-09-25
epa.useeio.v1_3.naics488111,Purchased goods and services — Air Traffic Control (spend-based),3,Purchased goods and services / NAICS 488111,USD,CO2e,0.162,,AR5 (EPA: 100-year GWPs from IPCC AR5),US,2022,"EPA Supply Chain GHG Emission Factors v1.3 (USEEIO), purchaser price, 2022 USD","v1.3.0, NAICS-6, with margins",US federal work — public domain,2026-09-25
epa.useeio.v1_3.naics488119,Purchased goods and services — Other Airport Operations (spend-based),3,Purchased goods and services / NAICS 488119,USD,CO2e,0.162,,AR5 (EPA: 100-year GWPs from IPCC AR5),US,2022,"EPA Supply Chain GHG Emission Factors v1.3 (USEEIO), purchaser price, 2022 USD","v1.3.0, NAICS-6, with margins",US federal work — public domain,2026-09-25
epa.useeio.v1_3.naics488190,Purchased goods and services — Other Support Activities for Air Transportation (spend-based),3,Purchased goods and services / NAICS 488190,USD,CO2e,0.162,,AR5 (EPA: 100-year GWPs from IPCC AR5),US,2022,"EPA Supply Chain GHG Emission Factors v1.3 (USEEIO), purchaser price, 2022 USD","v1.3.0, NAICS-6, with margins",US federal work — public domain,2026-09-25
epa.useeio.v1_3.naics488210,Purchased goods and services — Support Activities for Rail Transportation (spend-based),3,Purchased goods and services / NAICS 488210,USD,CO2e,0.162,,AR5 (EPA: 100-year GWPs from IPCC AR5),US,2022,"EPA Supply Chain GHG Emission Factors v1.3 (USEEIO), purchaser price, 2022 USD","v1.3.0, NAICS-6, with margins",US federal work — public domain,2026-09-25
epa.useeio.v1_3.naics488310,Purchased goods and services — Port and Harbor Operations (spend-based),3,Purchased goods and services / NAICS 488310,USD,CO2e,0.162,,AR5 (EPA: 100-year GWPs from IPCC AR5),US,2022,"EPA Supply Chain GHG Emission Factors v1.3 (USEEIO), purchaser price, 2022 USD","v1.3.0, NAICS-6, with margins",US federal work — public domain,2026-09-25
epa.useeio.v1_3.naics488320,Purchased goods and services — Marine Cargo Handling (spend-based),3,Purchased goods and services / NAICS 488320,USD,CO2e,0.162,,AR5 (EPA: 100-year GWPs from IPCC AR5),US,2022,"EPA Supply Chain GHG Emission Factors v1.3 (USEEIO), purchaser price, 2022 USD","v1.3.0, NAICS-6, with margins",US federal work — public domain,2026-09-25
epa.useeio.v1_3.naics488330,Purchased goods and services — Navigational Services to Shipping (spend-based),3,Purchased goods and services / NAICS 488330,USD,CO2e,0.162,,AR5 (EPA: 100-year GWPs from IPCC AR5),US,2022,"EPA Supply Chain GHG Emission Factors v1.3 (USEEIO), purchaser price, 2022 USD","v1.3.0, NAICS-6, with margins",US federal work — public domain,2026-09-25
epa.useeio.v1_3.naics488390,Purchased goods and services — Other Support Activities for Water Transportation (spend-based),3,Purchased goods and services / NAICS 488390,USD,CO2e,0.162,,AR5 (EPA: 100-year GWPs from IPCC AR5),US,2022,"EPA Supply Chain GHG Emission Factors v1.3 (USEEIO), purchaser price, 2022 USD","v1.3.0, NAICS-6, with margins",US federal work — public domain,2026-09-25
epa.useeio.v1_3.naics488410,Purchased goods and services — Motor Vehicle Towing (spend-based),3,Purchased goods and services / NAICS 488410,USD,CO2e,0.162,,AR5 (EPA: 100-year GWPs from IPCC AR5),US,2022,"EPA Supply Chain GHG Emission Factors v1.3 (USEEIO), purchaser price, 2022 USD","v1.3.0, NAICS-6, with margins",US federal work — public domain,2026-09-25
epa.useeio.v1_3.naics488490,Purchased goods and services — Other Support Activities for Road Transportation (spend-based),3,Purchased goods and services / NAICS 488490,USD,CO2e,0.162,,AR5 (EPA: 100-year GWPs from IPCC AR5),US,2022,"EPA Supply Chain GHG Emission Factors v1.3 (USEEIO), purchaser price, 2022 USD","v1.3.0, NAICS-6, with margins",US federal work — public domain,2026-09-25
epa.useeio.v1_3.naics488510,Purchased goods and services — Freight Transportation Arrangement (spend-based),3,Purchased goods and services / NAICS 488510,USD,CO2e,0.162,,AR5 (EPA: 100-year GWPs from IPCC AR5),US,2022,"EPA Supply Chain GHG Emission Factors v1.3 (USEEIO), purchaser price, 2022 USD","v1.3.0, NAICS-6, with margins",US federal work — public domain,2026-09-25
epa.useeio.v1_3.naics488991,Purchased goods and services — Packing and Crating (spend-based),3,Purchased goods and services / NAICS 488991,USD,CO2e,0.162,,AR5 (EPA: 100-year GWPs from IPCC AR5),US,2022,"EPA Supply Chain GHG Emission Factors v1.3 (USEEIO), purchaser price, 2022 USD","v1.3.0, NAICS-6, with margins",US federal work — public domain,2026-09-25
epa.useeio.v1_3.naics488999,Purchased goods and services — All Other Support Activities for Transportation (spend-based),3,Purchased goods and services / NAICS 488999,USD,CO2e,0.162,,AR5 (EPA: 100-year GWPs from IPCC AR5),US,2022,"EPA Supply Chain GHG Emission Factors v1.3 (USEEIO), purchaser price, 2022 USD","v1.3.0, NAICS-6, with margins",US federal work — public domain,2026-09-25
epa.useeio.v1_3.naics491110,Purchased goods and services — Postal Service (spend-based),3,Purchased goods and services / NAICS 491110,USD,CO2e,0.074,,AR5 (EPA: 100-year GWPs from IPCC AR5),US,2022,"EPA Supply Chain GHG Emission Factors v1.3 (USEEIO), purchaser price, 2022 USD","v1.3.0, NAICS-6, with margins",US federal work — public domain,2026-09-25
epa.useeio.v1_3.naics492110,Purchased goods and services — Couriers and Express Delivery Services (spend-based),3,Purchased goods and services / NAICS 492110,USD,CO2e,0.303,,AR5 (EPA: 100-year GWPs from IPCC AR5),US,2022,"EPA Supply Chain GHG Emission Factors v1.3 (USEEIO), purchaser price, 2022 USD","v1.3.0, NAICS-6, with margins",US federal work — public domain,2026-09-25
epa.useeio.v1_3.naics492210,Purchased goods and services — Local Messengers and Local Delivery (spend-based),3,Purchased goods and services / NAICS 492210,USD,CO2e,0.303,,AR5 (EPA: 100-year GWPs from IPCC AR5),US,2022,"EPA Supply Chain GHG Emission Factors v1.3 (USEEIO), purchaser price, 2022 USD","v1.3.0, NAICS-6, with margins",US federal work — public domain,2026-09-25
epa.useeio.v1_3.naics493110,Purchased goods and services — General Warehousing and Storage (spend-based),3,Purchased goods and services / NAICS 493110,USD,CO2e,0.244,,AR5 (EPA: 100-year GWPs from IPCC AR5),US,2022,"EPA Supply Chain GHG Emission Factors v1.3 (USEEIO), purchaser price, 2022 USD","v1.3.0, NAICS-6, with margins",US federal work — public domain,2026-09-25
epa.useeio.v1_3.naics493120,Purchased goods and services — Refrigerated Warehousing and Storage (spend-based),3,Purchased goods and services / NAICS 493120,USD,CO2e,0.244,,AR5 (EPA: 100-year GWPs from IPCC AR5),US,2022,"EPA Supply Chain GHG Emission Factors v1.3 (USEEIO), purchaser price, 2022 USD","v1.3.0, NAICS-6, with margins",US federal work — public domain,2026-09-25
epa.useeio.v1_3.naics493130,Purchased goods and services — Farm Product Warehousing and Storage (spend-based),3,Purchased goods and services / NAICS 493130,USD,CO2e,0.244,,AR5 (EPA: 100-year GWPs from IPCC AR5),US,2022,"EPA Supply Chain GHG Emission Factors v1.3 (USEEIO), purchaser price, 2022 USD","v1.3.0, NAICS-6, with margins",US federal work — public domain,2026-09-25
epa.useeio.v1_3.naics493190,Purchased goods and services — Other Warehousing and Storage (spend-based),3,Purchased goods and services / NAICS 493190,USD,CO2e,0.244,,AR5 (EPA: 100-year GWPs from IPCC AR5),US,2022,"EPA Supply Chain GHG Emission Factors v1.3 (USEEIO), purchaser price, 2022 USD","v1.3.0, NAICS-6, with margins",US federal work — public domain,2026-09-25
epa.useeio.v1_3.naics511110,Purchased goods and services — Newspaper Publishers (spend-based),3,Purchased goods and services / NAICS 511110,USD,CO2e,0.082,,AR5 (EPA: 100-year GWPs from IPCC AR5),US,2022,"EPA Supply Chain GHG Emission Factors v1.3 (USEEIO), purchaser price, 2022 USD","v1.3.0, NAICS-6, with margins",US federal work — public domain,2026-09-25
epa.useeio.v1_3.naics511120,Purchased goods and services — Periodical Publishers (spend-based),3,Purchased goods and services / NAICS 511120,USD,CO2e,0.103,,AR5 (EPA: 100-year GWPs from IPCC AR5),US,2022,"EPA Supply Chain GHG Emission Factors v1.3 (USEEIO), purchaser price, 2022 USD","v1.3.0, NAICS-6, with margins",US federal work — public domain,2026-09-25
epa.useeio.v1_3.naics511130,Purchased goods and services — Book Publishers (spend-based),3,Purchased goods and services / NAICS 511130,USD,CO2e,0.107,,AR5 (EPA: 100-year GWPs from IPCC AR5),US,2022,"EPA Supply Chain GHG Emission Factors v1.3 (USEEIO), purchaser price, 2022 USD","v1.3.0, NAICS-6, with margins",US federal work — public domain,2026-09-25
epa.useeio.v1_3.naics511140,Purchased goods and services — Directory and Mailing List Publishers (spend-based),3,Purchased goods and services / NAICS 511140,USD,CO2e,0.108,,AR5 (EPA: 100-year GWPs from IPCC AR5),US,2022,"EPA Supply Chain GHG Emission Factors v1.3 (USEEIO), purchaser price, 2022 USD","v1.3.0, NAICS-6, with margins",US federal work — public domain,2026-09-25
epa.useeio.v1_3.naics511191,Purchased goods and services — Greeting Card Publishers (spend-based),3,Purchased goods and services / NAICS 511191,USD,CO2e,0.108,,AR5 (EPA: 100-year GWPs from IPCC AR5),US,2022,"EPA Supply Chain GHG Emission Factors v1.3 (USEEIO), purchaser price, 2022 USD","v1.3.0, NAICS-6, with margins",US federal work — public domain,2026-09-25
epa.useeio.v1_3.naics511199,Purchased goods and services — All Other Publishers (spend-based),3,Purchased goods and services / NAICS 511199,USD,CO2e,0.108,,AR5 (EPA: 100-year GWPs from IPCC AR5),US,2022,"EPA Supply Chain GHG Emission Factors v1.3 (USEEIO), purchaser price, 2022 USD","v1.3.0, NAICS-6, with margins",US federal work — public domain,2026-09-25
epa.useeio.v1_3.naics511210,Purchased goods and services — Software Publishers (spend-based),3,Purchased goods and services / NAICS 511210,USD,CO2e,0.08,,AR5 (EPA: 100-year GWPs from IPCC AR5),US,2022,"EPA Supply Chain GHG Emission Factors v1.3 (USEEIO), purchaser price, 2022 USD","v1.3.0, NAICS-6, with margins",US federal work — public domain,2026-09-25
epa.useeio.v1_3.naics512110,Purchased goods and services — Motion Picture and Video Production (spend-based),3,Purchased goods and services / NAICS 512110,USD,CO2e,0.052,,AR5 (EPA: 100-year GWPs from IPCC AR5),US,2022,"EPA Supply Chain GHG Emission Factors v1.3 (USEEIO), purchaser price, 2022 USD","v1.3.0, NAICS-6, with margins",US federal work — public domain,2026-09-25
epa.useeio.v1_3.naics512120,Purchased goods and services — Motion Picture and Video Distribution (spend-based),3,Purchased goods and services / NAICS 512120,USD,CO2e,0.052,,AR5 (EPA: 100-year GWPs from IPCC AR5),US,2022,"EPA Supply Chain GHG Emission Factors v1.3 (USEEIO), purchaser price, 2022 USD","v1.3.0, NAICS-6, with margins",US federal work — public domain,2026-09-25
epa.useeio.v1_3.naics512131,Purchased goods and services — Motion Picture Theaters (except Drive-Ins) (spend-based),3,Purchased goods and services / NAICS 512131,USD,CO2e,0.052,,AR5 (EPA: 100-year GWPs from IPCC AR5),US,2022,"EPA Supply Chain GHG Emission Factors v1.3 (USEEIO), purchaser price, 2022 USD","v1.3.0, NAICS-6, with margins",US federal work — public domain,2026-09-25
epa.useeio.v1_3.naics512132,Purchased goods and services — Drive-In Motion Picture Theaters (spend-based),3,Purchased goods and services / NAICS 512132,USD,CO2e,0.052,,AR5 (EPA: 100-year GWPs from IPCC AR5),US,2022,"EPA Supply Chain GHG Emission Factors v1.3 (USEEIO), purchaser price, 2022 USD","v1.3.0, NAICS-6, with margins",US federal work — public domain,2026-09-25
epa.useeio.v1_3.naics512191,Purchased goods and services — Teleproduction and Other Postproduction Services (spend-based),3,Purchased goods and services / NAICS 512191,USD,CO2e,0.052,,AR5 (EPA: 100-year GWPs from IPCC AR5),US,2022,"EPA Supply Chain GHG Emission Factors v1.3 (USEEIO), purchaser price, 2022 USD","v1.3.0, NAICS-6, with margins",US federal work — public domain,2026-09-25
epa.useeio.v1_3.naics512199,Purchased goods and services — Other Motion Picture and Video Industries (spend-based),3,Purchased goods and services / NAICS 512199,USD,CO2e,0.052,,AR5 (EPA: 100-year GWPs from IPCC AR5),US,2022,"EPA Supply Chain GHG Emission Factors v1.3 (USEEIO), purchaser price, 2022 USD","v1.3.0, NAICS-6, with margins",US federal work — public domain,2026-09-25
epa.useeio.v1_3.naics512230,Purchased goods and services — Music Publishers (spend-based),3,Purchased goods and services / NAICS 512230,USD,CO2e,0.044,,AR5 (EPA: 100-year GWPs from IPCC AR5),US,2022,"EPA Supply Chain GHG Emission Factors v1.3 (USEEIO), purchaser price, 2022 USD","v1.3.0, NAICS-6, with margins",US federal work — public domain,2026-09-25
epa.useeio.v1_3.naics512240,Purchased goods and services — Sound Recording Studios (spend-based),3,Purchased goods and services / NAICS 512240,USD,CO2e,0.044,,AR5 (EPA: 100-year GWPs from IPCC AR5),US,2022,"EPA Supply Chain GHG Emission Factors v1.3 (USEEIO), purchaser price, 2022 USD","v1.3.0, NAICS-6, with margins",US federal work — public domain,2026-09-25
epa.useeio.v1_3.naics512250,Purchased goods and services — Record Production and Distribution (spend-based),3,Purchased goods and services / NAICS 512250,USD,CO2e,0.044,,AR5 (EPA: 100-year GWPs from IPCC AR5),US,2022,"EPA Supply Chain GHG Emission Factors v1.3 (USEEIO), purchaser price, 2022 USD","v1.3.0, NAICS-6, with margins",US federal work — public domain,2026-09-25
epa.useeio.v1_3.naics512290,Purchased goods and services — Other Sound Recording Industries (spend-based),3,Purchased goods and services / NAICS 512290,USD,CO2e,0.044,,AR5 (EPA: 100-year GWPs from IPCC AR5),US,2022,"EPA Supply Chain GHG Emission Factors v1.3 (USEEIO), purchaser price, 2022 USD","v1.3.0, NAICS-6, with margins",US federal work — public domain,2026-09-25
epa.useeio.v1_3.naics515111,Purchased goods and services — Radio Networks (spend-based),3,Purchased goods and services / NAICS 515111,USD,CO2e,0.079,,AR5 (EPA: 100-year GWPs from IPCC AR5),US,2022,"EPA Supply Chain GHG Emission Factors v1.3 (USEEIO), purchaser price, 2022 USD","v1.3.0, NAICS-6, with margins",US federal work — public domain,2026-09-25
epa.useeio.v1_3.naics515112,Purchased goods and services — Radio Stations (spend-based),3,Purchased goods and services / NAICS 515112,USD,CO2e,0.079,,AR5 (EPA: 100-year GWPs from IPCC AR5),US,2022,"EPA Supply Chain GHG Emission Factors v1.3 (USEEIO), purchaser price, 2022 USD","v1.3.0, NAICS-6, with margins",US federal work — public domain,2026-09-25
epa.useeio.v1_3.naics515120,Purchased goods and services — Television Broadcasting (spend-based),3,Purchased goods and services / NAICS 515120,USD,CO2e,0.079,,AR5 (EPA: 100-year GWPs from IPCC AR5),US,2022,"EPA Supply Chain GHG Emission Factors v1.3 (USEEIO), purchaser price, 2022 USD","v1.3.0, NAICS-6, with margins",US federal work — public domain,2026-09-25
epa.useeio.v1_3.naics515210,Purchased goods and services — Cable and Other Subscription Programming (spend-based),3,Purchased goods and services / NAICS 515210,USD,CO2e,0.094,,AR5 (EPA: 100-year GWPs from IPCC AR5),US,2022,"EPA Supply Chain GHG Emission Factors v1.3 (USEEIO), purchaser price, 2022 USD","v1.3.0, NAICS-6, with margins",US federal work — public domain,2026-09-25
epa.useeio.v1_3.naics517311,Purchased goods and services — Wired Telecommunications Carriers (spend-based),3,Purchased goods and services / NAICS 517311,USD,CO2e,0.075,,AR5 (EPA: 100-year GWPs from IPCC AR5),US,2022,"EPA Supply Chain GHG Emission Factors v1.3 (USEEIO), purchaser price, 2022 USD","v1.3.0, NAICS-6, with margins",US federal work — public domain,2026-09-25
epa.useeio.v1_3.naics517312,Purchased goods and services — Wireless Telecommunications Carriers (except Satellite) (spend-based),3,Purchased goods and services / NAICS 517312,USD,CO2e,0.096,,AR5 (EPA: 100-year GWPs from IPCC AR5),US,2022,"EPA Supply Chain GHG Emission Factors v1.3 (USEEIO), purchaser price, 2022 USD","v1.3.0, NAICS-6, with margins",US federal work — public domain,2026-09-25
epa.useeio.v1_3.naics517410,Purchased goods and services — Satellite Telecommunications (spend-based),3,Purchased goods and services / NAICS 517410,USD,CO2e,0.078,,AR5 (EPA: 100-year GWPs from IPCC AR5),US,2022,"EPA Supply Chain GHG Emission Factors v1.3 (USEEIO), purchaser price, 2022 USD","v1.3.0, NAICS-6, with margins",US federal work — public domain,2026-09-25
epa.useeio.v1_3.naics517911,Purchased goods and services — Telecommunications Resellers (spend-based),3,Purchased goods and services / NAICS 517911,USD,CO2e,0.078,,AR5 (EPA: 100-year GWPs from IPCC AR5),US,2022,"EPA Supply Chain GHG Emission Factors v1.3 (USEEIO), purchaser price, 2022 USD","v1.3.0, NAICS-6, with margins",US federal work — public domain,2026-09-25
epa.useeio.v1_3.naics517919,Purchased goods and services — All Other Telecommunications (spend-based),3,Purchased goods and services / NAICS 517919,USD,CO2e,0.078,,AR5 (EPA: 100-year GWPs from IPCC AR5),US,2022,"EPA Supply Chain GHG Emission Factors v1.3 (USEEIO), purchaser price, 2022 USD","v1.3.0, NAICS-6, with margins",US federal work — public domain,2026-09-25
epa.useeio.v1_3.naics518210,"Purchased goods and services — Data Processing, Hosting, and Related Services (spend-based)",3,Purchased goods and services / NAICS 518210,USD,CO2e,0.093,,AR5 (EPA: 100-year GWPs from IPCC AR5),US,2022,"EPA Supply Chain GHG Emission Factors v1.3 (USEEIO), purchaser price, 2022 USD","v1.3.0, NAICS-6, with margins",US federal work — public domain,2026-09-25
epa.useeio.v1_3.naics519110,Purchased goods and services — News Syndicates (spend-based),3,Purchased goods and services / NAICS 519110,USD,CO2e,0.064,,AR5 (EPA: 100-year GWPs from IPCC AR5),US,2022,"EPA Supply Chain GHG Emission Factors v1.3 (USEEIO), purchaser price, 2022 USD","v1.3.0, NAICS-6, with margins",US federal work — public domain,2026-09-25
epa.useeio.v1_3.naics519120,Purchased goods and services — Libraries and Archives (spend-based),3,Purchased goods and services / NAICS 519120,USD,CO2e,0.064,,AR5 (EPA: 100-year GWPs from IPCC AR5),US,2022,"EPA Supply Chain GHG Emission Factors v1.3 (USEEIO), purchaser price, 2022 USD","v1.3.0, NAICS-6, with margins",US federal work — public domain,2026-09-25
epa.useeio.v1_3.naics519130,Purchased goods and services — Internet Publishing and Broadcasting and Web Search Portals (spend-based),3,Purchased goods and services / NAICS 519130,USD,CO2e,0.067,,AR5 (EPA: 100-year GWPs from IPCC AR5),US,2022,"EPA Supply Chain GHG Emission Factors v1.3 (USEEIO), purchaser price, 2022 USD","v1.3.0, NAICS-6, with margins",US federal work — public domain,2026-09-25
epa.useeio.v1_3.naics519190,Purchased goods and services — All Other Information Services (spend-based),3,Purchased goods and services / NAICS 519190,USD,CO2e,0.064,,AR5 (EPA: 100-year GWPs from IPCC AR5),US,2022,"EPA Supply Chain GHG Emission Factors v1.3 (USEEIO), purchaser price, 2022 USD","v1.3.0, NAICS-6, with margins",US federal work — public domain,2026-09-25
epa.useeio.v1_3.naics521110,Purchased goods and services — Monetary Authorities-Central Bank (spend-based),3,Purchased goods and services / NAICS 521110,USD,CO2e,0.059,,AR5 (EPA: 100-year GWPs from IPCC AR5),US,2022,"EPA Supply Chain GHG Emission Factors v1.3 (USEEIO), purchaser price, 2022 USD","v1.3.0, NAICS-6, with margins",US federal work — public domain,2026-09-25
epa.useeio.v1_3.naics522110,Purchased goods and services — Commercial Banking (spend-based),3,Purchased goods and services / NAICS 522110,USD,CO2e,0.059,,AR5 (EPA: 100-year GWPs from IPCC AR5),US,2022,"EPA Supply Chain GHG Emission Factors v1.3 (USEEIO), purchaser price, 2022 USD","v1.3.0, NAICS-6, with margins",US federal work — public domain,2026-09-25
epa.useeio.v1_3.naics522120,Purchased goods and services — Savings Institutions (spend-based),3,Purchased goods and services / NAICS 522120,USD,CO2e,0.059,,AR5 (EPA: 100-year GWPs from IPCC AR5),US,2022,"EPA Supply Chain GHG Emission Factors v1.3 (USEEIO), purchaser price, 2022 USD","v1.3.0, NAICS-6, with margins",US federal work — public domain,2026-09-25
epa.useeio.v1_3.naics522130,Purchased goods and services — Credit Unions (spend-based),3,Purchased goods and services / NAICS 522130,USD,CO2e,0.059,,AR5 (EPA: 100-year GWPs from IPCC AR5),US,2022,"EPA Supply Chain GHG Emission Factors v1.3 (USEEIO), purchaser price, 2022 USD","v1.3.0, NAICS-6, with margins",US federal work — public domain,2026-09-25
epa.useeio.v1_3.naics522190,Purchased goods and services — Other Depository Credit Intermediation (spend-based),3,Purchased goods and services / NAICS 522190,USD,CO2e,0.059,,AR5 (EPA: 100-year GWPs from IPCC AR5),US,2022,"EPA Supply Chain GHG Emission Factors v1.3 (USEEIO), purchaser price, 2022 USD","v1.3.0, NAICS-6, with margins",US federal work — public domain,2026-09-25
epa.useeio.v1_3.naics522210,Purchased goods and services — Credit Card Issuing (spend-based),3,Purchased goods and services / NAICS 522210,USD,CO2e,0.072,,AR5 (EPA: 100-year GWPs from IPCC AR5),US,2022,"EPA Supply Chain GHG Emission Factors v1.3 (USEEIO), purchaser price, 2022 USD","v1.3.0, NAICS-6, with margins",US federal work — public domain,2026-09-25
epa.useeio.v1_3.naics522220,Purchased goods and services — Sales Financing (spend-based),3,Purchased goods and services / NAICS 522220,USD,CO2e,0.072,,AR5 (EPA: 100-year GWPs from IPCC AR5),US,2022,"EPA Supply Chain GHG Emission Factors v1.3 (USEEIO), purchaser price, 2022 USD","v1.3.0, NAICS-6, with margins",US federal work — public domain,2026-09-25
epa.useeio.v1_3.naics522291,Purchased goods and services — Consumer Lending (spend-based),3,Purchased goods and services / NAICS 522291,USD,CO2e,0.072,,AR5 (EPA: 100-year GWPs from IPCC AR5),US,2022,"EPA Supply Chain GHG Emission Factors v1.3 (USEEIO), purchaser price, 2022 USD","v1.3.0, NAICS-6, with margins",US federal work — public domain,2026-09-25
epa.useeio.v1_3.naics522292,Purchased goods and services — Real Estate Credit (spend-based),3,Purchased goods and services / NAICS 522292,USD,CO2e,0.072,,AR5 (EPA: 100-year GWPs from IPCC AR5),US,2022,"EPA Supply Chain GHG Emission Factors v1.3 (USEEIO), purchaser price, 2022 USD","v1.3.0, NAICS-6, with margins",US federal work — public domain,2026-09-25
epa.useeio.v1_3.naics522293,Purchased goods and services — International Trade Financing (spend-based),3,Purchased goods and services / NAICS 522293,USD,CO2e,0.072,,AR5 (EPA: 100-year GWPs from IPCC AR5),US,2022,"EPA Supply Chain GHG Emission Factors v1.3 (USEEIO), purchaser price, 2022 USD","v1.3.0, NAICS-6, with margins",US federal work — public domain,2026-09-25
epa.useeio.v1_3.naics522294,Purchased goods and services — Secondary Market Financing (spend-based),3,Purchased goods and services / NAICS 522294,USD,CO2e,0.072,,AR5 (EPA: 100-year GWPs from IPCC AR5),US,2022,"EPA Supply Chain GHG Emission Factors v1.3 (USEEIO), purchaser price, 2022 USD","v1.3.0, NAICS-6, with margins",US federal work — public domain,2026-09-25
epa.useeio.v1_3.naics522298,Purchased goods and services — All Other Nondepository Credit Intermediation (spend-based),3,Purchased goods and services / NAICS 522298,USD,CO2e,0.072,,AR5 (EPA: 100-year GWPs from IPCC AR5),US,2022,"EPA Supply Chain GHG Emission Factors v1.3 (USEEIO), purchaser price, 2022 USD","v1.3.0, NAICS-6, with margins",US federal work — public domain,2026-09-25
epa.useeio.v1_3.naics522310,Purchased goods and services — Mortgage and Nonmortgage Loan Brokers (spend-based),3,Purchased goods and services / NAICS 522310,USD,CO2e,0.072,,AR5 (EPA: 100-year GWPs from IPCC AR5),US,2022,"EPA Supply Chain GHG Emission Factors v1.3 (USEEIO), purchaser price, 2022 USD","v1.3.0, NAICS-6, with margins",US federal work — public domain,2026-09-25
epa.useeio.v1_3.naics522320,"Purchased goods and services — Financial Transactions Processing, Reserve, and Clearinghouse Activities (spend-based)",3,Purchased goods and services / NAICS 522320,USD,CO2e,0.072,,AR5 (EPA: 100-year GWPs from IPCC AR5),US,2022,"EPA Supply Chain GHG Emission Factors v1.3 (USEEIO), purchaser price, 2022 USD","v1.3.0, NAICS-6, with margins",US federal work — public domain,2026-09-25
epa.useeio.v1_3.naics522390,Purchased goods and services — Other Activities Related to Credit Intermediation (spend-based),3,Purchased goods and services / NAICS 522390,USD,CO2e,0.072,,AR5 (EPA: 100-year GWPs from IPCC AR5),US,2022,"EPA Supply Chain GHG Emission Factors v1.3 (USEEIO), purchaser price, 2022 USD","v1.3.0, NAICS-6, with margins",US federal work — public domain,2026-09-25
epa.useeio.v1_3.naics523110,Purchased goods and services — Investment Banking and Securities Dealing (spend-based),3,Purchased goods and services / NAICS 523110,USD,CO2e,0.043,,AR5 (EPA: 100-year GWPs from IPCC AR5),US,2022,"EPA Supply Chain GHG Emission Factors v1.3 (USEEIO), purchaser price, 2022 USD","v1.3.0, NAICS-6, with margins",US federal work — public domain,2026-09-25
epa.useeio.v1_3.naics523120,Purchased goods and services — Securities Brokerage (spend-based),3,Purchased goods and services / NAICS 523120,USD,CO2e,0.043,,AR5 (EPA: 100-year GWPs from IPCC AR5),US,2022,"EPA Supply Chain GHG Emission Factors v1.3 (USEEIO), purchaser price, 2022 USD","v1.3.0, NAICS-6, with margins",US federal work — public domain,2026-09-25
epa.useeio.v1_3.naics523130,Purchased goods and services — Commodity Contracts Dealing (spend-based),3,Purchased goods and services / NAICS 523130,USD,CO2e,0.043,,AR5 (EPA: 100-year GWPs from IPCC AR5),US,2022,"EPA Supply Chain GHG Emission Factors v1.3 (USEEIO), purchaser price, 2022 USD","v1.3.0, NAICS-6, with margins",US federal work — public domain,2026-09-25
epa.useeio.v1_3.naics523140,Purchased goods and services — Commodity Contracts Brokerage (spend-based),3,Purchased goods and services / NAICS 523140,USD,CO2e,0.043,,AR5 (EPA: 100-year GWPs from IPCC AR5),US,2022,"EPA Supply Chain GHG Emission Factors v1.3 (USEEIO), purchaser price, 2022 USD","v1.3.0, NAICS-6, with margins",US federal work — public domain,2026-09-25
epa.useeio.v1_3.naics523210,Purchased goods and services — Securities and Commodity Exchanges (spend-based),3,Purchased goods and services / NAICS 523210,USD,CO2e,0.043,,AR5 (EPA: 100-year GWPs from IPCC AR5),US,2022,"EPA Supply Chain GHG Emission Factors v1.3 (USEEIO), purchaser price, 2022 USD","v1.3.0, NAICS-6, with margins",US federal work — public domain,2026-09-25
epa.useeio.v1_3.naics523910,Purchased goods and services — Miscellaneous Intermediation (spend-based),3,Purchased goods and services / NAICS 523910,USD,CO2e,0.066,,AR5 (EPA: 100-year GWPs from IPCC AR5),US,2022,"EPA Supply Chain GHG Emission Factors v1.3 (USEEIO), purchaser price, 2022 USD","v1.3.0, NAICS-6, with margins",US federal work — public domain,2026-09-25
epa.useeio.v1_3.naics523920,Purchased goods and services — Portfolio Management (spend-based),3,Purchased goods and services / NAICS 523920,USD,CO2e,0.066,,AR5 (EPA: 100-year GWPs from IPCC AR5),US,2022,"EPA Supply Chain GHG Emission Factors v1.3 (USEEIO), purchaser price, 2022 USD","v1.3.0, NAICS-6, with margins",US federal work — public domain,2026-09-25
epa.useeio.v1_3.naics523930,Purchased goods and services — Investment Advice (spend-based),3,Purchased goods and services / NAICS 523930,USD,CO2e,0.066,,AR5 (EPA: 100-year GWPs from IPCC AR5),US,2022,"EPA Supply Chain GHG Emission Factors v1.3 (USEEIO), purchaser price, 2022 USD","v1.3.0, NAICS-6, with margins",US federal work — public domain,2026-09-25
epa.useeio.v1_3.naics523991,"Purchased goods and services — Trust, Fiduciary, and Custody Activities (spend-based)",3,Purchased goods and services / NAICS 523991,USD,CO2e,0.066,,AR5 (EPA: 100-year GWPs from IPCC AR5),US,2022,"EPA Supply Chain GHG Emission Factors v1.3 (USEEIO), purchaser price, 2022 USD","v1.3.0, NAICS-6, with margins",US federal work — public domain,2026-09-25
epa.useeio.v1_3.naics523999,Purchased goods and services — Miscellaneous Financial Investment Activities (spend-based),3,Purchased goods and services / NAICS 523999,USD,CO2e,0.066,,AR5 (EPA: 100-year GWPs from IPCC AR5),US,2022,"EPA Supply Chain GHG Emission Factors v1.3 (USEEIO), purchaser price, 2022 USD","v1.3.0, NAICS-6, with margins",US federal work — public domain,2026-09-25
epa.useeio.v1_3.naics524113,Purchased goods and services — Direct Life Insurance Carriers (spend-based),3,Purchased goods and services / NAICS 524113,USD,CO2e,0.051,,AR5 (EPA: 100-year GWPs from IPCC AR5),US,2022,"EPA Supply Chain GHG Emission Factors v1.3 (USEEIO), purchaser price, 2022 USD","v1.3.0, NAICS-6, with margins",US federal work — public domain,2026-09-25
epa.useeio.v1_3.naics524114,Purchased goods and services — Direct Health and Medical Insurance Carriers (spend-based),3,Purchased goods and services / NAICS 524114,USD,CO2e,0.033,,AR5 (EPA: 100-year GWPs from IPCC AR5),US,2022,"EPA Supply Chain GHG Emission Factors v1.3 (USEEIO), purchaser price, 2022 USD","v1.3.0, NAICS-6, with margins",US federal work — public domain,2026-09-25
epa.useeio.v1_3.naics524126,Purchased goods and services — Direct Property and Casualty Insurance Carriers (spend-based),3,Purchased goods and services / NAICS 524126,USD,CO2e,0.033,,AR5 (EPA: 100-year GWPs from IPCC AR5),US,2022,"EPA Supply Chain GHG Emission Factors v1.3 (USEEIO), purchaser price, 2022 USD","v1.3.0, NAICS-6, with margins",US federal work — public domain,2026-09-25
epa.useeio.v1_3.naics524127,Purchased goods and services — Direct Title Insurance Carriers (spend-based),3,Purchased goods and services / NAICS 524127,USD,CO2e,0.033,,AR5 (EPA: 100-year GWPs from IPCC AR5),US,2022,"EPA Supply Chain GHG Emission Factors v1.3 (USEEIO), purchaser price, 2022 USD","v1.3.0, NAICS-6, with margins",US federal work — public domain,2026-09-25
epa.useeio.v1_3.naics524128,"Purchased goods and services — Other Direct Insurance (except Life, Health, and Medical) Carriers (spend-based)",3,Purchased goods and services / NAICS 524128,USD,CO2e,0.033,,AR5 (EPA: 100-year GWPs from IPCC AR5),US,2022,"EPA Supply Chain GHG Emission Factors v1.3 (USEEIO), purchaser price, 2022 USD","v1.3.0, NAICS-6, with margins",US federal work — public domain,2026-09-25
epa.useeio.v1_3.naics524130,Purchased goods and services — Reinsurance Carriers (spend-based),3,Purchased goods and services / NAICS 524130,USD,CO2e,0.033,,AR5 (EPA: 100-year GWPs from IPCC AR5),US,2022,"EPA Supply Chain GHG Emission Factors v1.3 (USEEIO), purchaser price, 2022 USD","v1.3.0, NAICS-6, with margins",US federal work — public domain,2026-09-25
epa.useeio.v1_3.naics524210,Purchased goods and services — Insurance Agencies and Brokerages (spend-based),3,Purchased goods and services / NAICS 524210,USD,CO2e,0.029,,AR5 (EPA: 100-year GWPs from IPCC AR5),US,2022,"EPA Supply Chain GHG Emission Factors v1.3 (USEEIO), purchaser price, 2022 USD","v1.3.0, NAICS-6, with margins",US federal work — public domain,2026-09-25
epa.useeio.v1_3.naics524291,Purchased goods and services — Claims Adjusting (spend-based),3,Purchased goods and services / NAICS 524291,USD,CO2e,0.029,,AR5 (EPA: 100-year GWPs from IPCC AR5),US,2022,"EPA Supply Chain GHG Emission Factors v1.3 (USEEIO), purchaser price, 2022 USD","v1.3.0, NAICS-6, with margins",US federal work — public domain,2026-09-25
epa.useeio.v1_3.naics524292,Purchased goods and services — Third Party Administration of Insurance and Pension Funds (spend-based),3,Purchased goods and services / NAICS 524292,USD,CO2e,0.029,,AR5 (EPA: 100-year GWPs from IPCC AR5),US,2022,"EPA Supply Chain GHG Emission Factors v1.3 (USEEIO), purchaser price, 2022 USD","v1.3.0, NAICS-6, with margins",US federal work — public domain,2026-09-25
epa.useeio.v1_3.naics524298,Purchased goods and services — All Other Insurance Related Activities (spend-based),3,Purchased goods and services / NAICS 524298,USD,CO2e,0.029,,AR5 (EPA: 100-year GWPs from IPCC AR5),US,2022,"EPA Supply Chain GHG Emission Factors v1.3 (USEEIO), purchaser price, 2022 USD","v1.3.0, NAICS-6, with margins",US federal work — public domain,2026-09-25
epa.useeio.v1_3.naics525110,Purchased goods and services — Pension Funds (spend-based),3,Purchased goods and services / NAICS 525110,USD,CO2e,0.218,,AR5 (EPA: 100-year GWPs from IPCC AR5),US,2022,"EPA Supply Chain GHG Emission Factors v1.3 (USEEIO), purchaser price, 2022 USD","v1.3.0, NAICS-6, with margins",US federal work — public domain,2026-09-25
epa.useeio.v1_3.naics525120,Purchased goods and services — Health and Welfare Funds (spend-based),3,Purchased goods and services / NAICS 525120,USD,CO2e,0.218,,AR5 (EPA: 100-year GWPs from IPCC AR5),US,2022,"EPA Supply Chain GHG Emission Factors v1.3 (USEEIO), purchaser price, 2022 USD","v1.3.0, NAICS-6, with margins",US federal work — public domain,2026-09-25
epa.useeio.v1_3.naics525190,Purchased goods and services — Other Insurance Funds (spend-based),3,Purchased goods and services / NAICS 525190,USD,CO2e,0.218,,AR5 (EPA: 100-year GWPs from IPCC AR5),US,2022,"EPA Supply Chain GHG Emission Factors v1.3 (USEEIO), purchaser price, 2022 USD","v1.3.0, NAICS-6, with margins",US federal work — public domain,2026-09-25
epa.useeio.v1_3.naics525910,Purchased goods and services — Open-End Investment Funds (spend-based),3,Purchased goods and services / NAICS 525910,USD,CO2e,0.218,,AR5 (EPA: 100-year GWPs from IPCC AR5),US,2022,"EPA Supply Chain GHG Emission Factors v1.3 (USEEIO), purchaser price, 2022 USD","v1.3.0, NAICS-6, with margins",US federal work — public domain,2026-09-25
epa.useeio.v1_3.naics525920,"Purchased goods and services — Trusts, Estates, and Agency Accounts (spend-based)",3,Purchased goods and services / NAICS 525920,USD,CO2e,0.218,,AR5 (EPA: 100-year GWPs from IPCC AR5),US,2022,"EPA Supply Chain GHG Emission Factors v1.3 (USEEIO), purchaser price, 2022 USD","v1.3.0, NAICS-6, with margins",US federal work — public domain,2026-09-25
epa.useeio.v1_3.naics525990,Purchased goods and services — Other Financial Vehicles (spend-based),3,Purchased goods and services / NAICS 525990,USD,CO2e,0.218,,AR5 (EPA: 100-year GWPs from IPCC AR5),US,2022,"EPA Supply Chain GHG Emission Factors v1.3 (USEEIO), purchaser price, 2022 USD","v1.3.0, NAICS-6, with margins",US federal work — public domain,2026-09-25
epa.useeio.v1_3.naics531110,Purchased goods and services — Lessors of Residential Buildings and Dwellings (spend-based),3,Purchased goods and services / NAICS 531110,USD,CO2e,0.033,,AR5 (EPA: 100-year GWPs from IPCC AR5),US,2022,"EPA Supply Chain GHG Emission Factors v1.3 (USEEIO), purchaser price, 2022 USD","v1.3.0, NAICS-6, with margins",US federal work — public domain,2026-09-25
epa.useeio.v1_3.naics531120,Purchased goods and services — Lessors of Nonresidential Buildings (excpet Miniwarehouses) (spend-based),3,Purchased goods and services / NAICS 531120,USD,CO2e,0.246,,AR5 (EPA: 100-year GWPs from IPCC AR5),US,2022,"EPA Supply Chain GHG Emission Factors v1.3 (USEEIO), purchaser price, 2022 USD","v1.3.0, NAICS-6, with margins",US federal work — public domain,2026-09-25
epa.useeio.v1_3.naics531130,Purchased goods and services — Lessors of Miniwarehouses and Self-Storage Units (spend-based),3,Purchased goods and services / NAICS 531130,USD,CO2e,0.246,,AR5 (EPA: 100-year GWPs from IPCC AR5),US,2022,"EPA Supply Chain GHG Emission Factors v1.3 (USEEIO), purchaser price, 2022 USD","v1.3.0, NAICS-6, with margins",US federal work — public domain,2026-09-25
epa.useeio.v1_3.naics531190,Purchased goods and services — Lessors of Other Real Estate Property (spend-based),3,Purchased goods and services / NAICS 531190,USD,CO2e,0.246,,AR5 (EPA: 100-year GWPs from IPCC AR5),US,2022,"EPA Supply Chain GHG Emission Factors v1.3 (USEEIO), purchaser price, 2022 USD","v1.3.0, NAICS-6, with margins",US federal work — public domain,2026-09-25
epa.useeio.v1_3.naics531210,Purchased goods and services — Offices of Real Estate Agents and Brokers (spend-based),3,Purchased goods and services / NAICS 531210,USD,CO2e,0.246,,AR5 (EPA: 100-year GWPs from IPCC AR5),US,2022,"EPA Supply Chain GHG Emission Factors v1.3 (USEEIO), purchaser price, 2022 USD","v1.3.0, NAICS-6, with margins",US federal work — public domain,2026-09-25
epa.useeio.v1_3.naics531311,Purchased goods and services — Residential Property Managers (spend-based),3,Purchased goods and services / NAICS 531311,USD,CO2e,0.246,,AR5 (EPA: 100-year GWPs from IPCC AR5),US,2022,"EPA Supply Chain GHG Emission Factors v1.3 (USEEIO), purchaser price, 2022 USD","v1.3.0, NAICS-6, with margins",US federal work — public domain,2026-09-25
epa.useeio.v1_3.naics531312,Purchased goods and services — Nonresidential Property Managers (spend-based),3,Purchased goods and services / NAICS 531312,USD,CO2e,0.246,,AR5 (EPA: 100-year GWPs from IPCC AR5),US,2022,"EPA Supply Chain GHG Emission Factors v1.3 (USEEIO), purchaser price, 2022 USD","v1.3.0, NAICS-6, with margins",US federal work — public domain,2026-09-25
epa.useeio.v1_3.naics531320,Purchased goods and services — Offices of Real Estate Appraisers (spend-based),3,Purchased goods and services / NAICS 531320,USD,CO2e,0.246,,AR5 (EPA: 100-year GWPs from IPCC AR5),US,2022,"EPA Supply Chain GHG Emission Factors v1.3 (USEEIO), purchaser price, 2022 USD","v1.3.0, NAICS-6, with margins",US federal work — public domain,2026-09-25
epa.useeio.v1_3.naics531390,Purchased goods and services — Other Activities Related to Real Estate (spend-based),3,Purchased goods and services / NAICS 531390,USD,CO2e,0.246,,AR5 (EPA: 100-year GWPs from IPCC AR5),US,2022,"EPA Supply Chain GHG Emission Factors v1.3 (USEEIO), purchaser price, 2022 USD","v1.3.0, NAICS-6, with margins",US federal work — public domain,2026-09-25
epa.useeio.v1_3.naics532111,Purchased goods and services — Passenger Car Rental (spend-based),3,Purchased goods and services / NAICS 532111,USD,CO2e,0.11,,AR5 (EPA: 100-year GWPs from IPCC AR5),US,2022,"EPA Supply Chain GHG Emission Factors v1.3 (USEEIO), purchaser price, 2022 USD","v1.3.0, NAICS-6, with margins",US federal work — public domain,2026-09-25
epa.useeio.v1_3.naics532112,Purchased goods and services — Passenger Car Leasing (spend-based),3,Purchased goods and services / NAICS 532112,USD,CO2e,0.11,,AR5 (EPA: 100-year GWPs from IPCC AR5),US,2022,"EPA Supply Chain GHG Emission Factors v1.3 (USEEIO), purchaser price, 2022 USD","v1.3.0, NAICS-6, with margins",US federal work — public domain,2026-09-25
epa.useeio.v1_3.naics532120,"Purchased goods and services — Truck, Utility Trailer, and RV (Recreational Vehicle) Rental and Leasing (spend-based)",3,Purchased goods and services / NAICS 532120,USD,CO2e,0.11,,AR5 (EPA: 100-year GWPs from IPCC AR5),US,2022,"EPA Supply Chain GHG Emission Factors v1.3 (USEEIO), purchaser price, 2022 USD","v1.3.0, NAICS-6, with margins",US federal work — public domain,2026-09-25
epa.useeio.v1_3.naics532210,Purchased goods and services — Consumer Electronics and Appliances Rental (spend-based),3,Purchased goods and services / NAICS 532210,USD,CO2e,0.102,,AR5 (EPA: 100-year GWPs from IPCC AR5),US,2022,"EPA Supply Chain GHG Emission Factors v1.3 (USEEIO), purchaser price, 2022 USD","v1.3.0, NAICS-6, with margins",US federal work — public domain,2026-09-25
epa.useeio.v1_3.naics532281,Purchased goods and services — Formal Wear and Costume Rental (spend-based),3,Purchased goods and services / NAICS 532281,USD,CO2e,0.102,,AR5 (EPA: 100-year GWPs from IPCC AR5),US,2022,"EPA Supply Chain GHG Emission Factors v1.3 (USEEIO), purchaser price, 2022 USD","v1.3.0, NAICS-6, with margins",US federal work — public domain,2026-09-25
epa.useeio.v1_3.naics532282,Purchased goods and services — Video Tape and Disc Rental (spend-based),3,Purchased goods and services / NAICS 532282,USD,CO2e,0.102,,AR5 (EPA: 100-year GWPs from IPCC AR5),US,2022,"EPA Supply Chain GHG Emission Factors v1.3 (USEEIO), purchaser price, 2022 USD","v1.3.0, NAICS-6, with margins",US federal work — public domain,2026-09-25
epa.useeio.v1_3.naics532283,Purchased goods and services — Home Health Equipment Rental (spend-based),3,Purchased goods and services / NAICS 532283,USD,CO2e,0.102,,AR5 (EPA: 100-year GWPs from IPCC AR5),US,2022,"EPA Supply Chain GHG Emission Factors v1.3 (USEEIO), purchaser price, 2022 USD","v1.3.0, NAICS-6, with margins",US federal work — public domain,2026-09-25
epa.useeio.v1_3.naics532284,Purchased goods and services — Recreational Goods Rental (spend-based),3,Purchased goods and services / NAICS 532284,USD,CO2e,0.102,,AR5 (EPA: 100-year GWPs from IPCC AR5),US,2022,"EPA Supply Chain GHG Emission Factors v1.3 (USEEIO), purchaser price, 2022 USD","v1.3.0, NAICS-6, with margins",US federal work — public domain,2026-09-25
epa.useeio.v1_3.naics532289,Purchased goods and services — All Other Consumer Goods Rental (spend-based),3,Purchased goods and services / NAICS 532289,USD,CO2e,0.102,,AR5 (EPA: 100-year GWPs from IPCC AR5),US,2022,"EPA Supply Chain GHG Emission Factors v1.3 (USEEIO), purchaser price, 2022 USD","v1.3.0, NAICS-6, with margins",US federal work — public domain,2026-09-25
epa.useeio.v1_3.naics532310,Purchased goods and services — General Rental Centers (spend-based),3,Purchased goods and services / NAICS 532310,USD,CO2e,0.102,,AR5 (EPA: 100-year GWPs from IPCC AR5),US,2022,"EPA Supply Chain GHG Emission Factors v1.3 (USEEIO), purchaser price, 2022 USD","v1.3.0, NAICS-6, with margins",US federal work — public domain,2026-09-25
epa.useeio.v1_3.naics532411,"Purchased goods and services — Commercial Air, Rail, and Water Transportation Equipment Rental and Leasing (spend-based)",3,Purchased goods and services / NAICS 532411,USD,CO2e,0.106,,AR5 (EPA: 100-year GWPs from IPCC AR5),US,2022,"EPA Supply Chain GHG Emission Factors v1.3 (USEEIO), purchaser price, 2022 USD","v1.3.0, NAICS-6, with margins",US federal work — public domain,2026-09-25
epa.useeio.v1_3.naics532412,"Purchased goods and services — Construction, Mining, and Forestry Machinery and Equipment Rental and Leasing (spend-based)",3,Purchased goods and services / NAICS 532412,USD,CO2e,0.106,,AR5 (EPA: 100-year GWPs from IPCC AR5),US,2022,"EPA Supply Chain GHG Emission Factors v1.3 (USEEIO), purchaser price, 2022 USD","v1.3.0, NAICS-6, with margins",US federal work — public domain,2026-09-25
epa.useeio.v1_3.naics532420,Purchased goods and services — Office Machinery and Equipment Rental and Leasing (spend-based),3,Purchased goods and services / NAICS 532420,USD,CO2e,0.106,,AR5 (EPA: 100-year GWPs from IPCC AR5),US,2022,"EPA Supply Chain GHG Emission Factors v1.3 (USEEIO), purchaser price, 2022 USD","v1.3.0, NAICS-6, with margins",US federal work — public domain,2026-09-25
epa.useeio.v1_3.naics532490,Purchased goods and services — Other Commercial and Industrial Machinery and Equipment Rental and Leasing (spend-based),3,Purchased goods and services / NAICS 532490,USD,CO2e,0.106,,AR5 (EPA: 100-year GWPs from IPCC AR5),US,2022,"EPA Supply Chain GHG Emission Factors v1.3 (USEEIO), purchaser price, 2022 USD","v1.3.0, NAICS-6, with margins",US federal work — public domain,2026-09-25
epa.useeio.v1_3.naics533110,Purchased goods and services — Lessors of Nonfinancial Intangible Assets (except Copyrighted Works) (spend-based),3,Purchased goods and services / NAICS 533110,USD,CO2e,0.052,,AR5 (EPA: 100-year GWPs from IPCC AR5),US,2022,"EPA Supply Chain GHG Emission Factors v1.3 (USEEIO), purchaser price, 2022 USD","v1.3.0, NAICS-6, with margins",US federal work — public domain,2026-09-25
epa.useeio.v1_3.naics541110,Purchased goods and services — Offices of Lawyers (spend-based),3,Purchased goods and services / NAICS 541110,USD,CO2e,0.041,,AR5 (EPA: 100-year GWPs from IPCC AR5),US,2022,"EPA Supply Chain GHG Emission Factors v1.3 (USEEIO), purchaser price, 2022 USD","v1.3.0, NAICS-6, with margins",US federal work — public domain,2026-09-25
epa.useeio.v1_3.naics541120,Purchased goods and services — Offices of Notaries (spend-based),3,Purchased goods and services / NAICS 541120,USD,CO2e,0.041,,AR5 (EPA: 100-year GWPs from IPCC AR5),US,2022,"EPA Supply Chain GHG Emission Factors v1.3 (USEEIO), purchaser price, 2022 USD","v1.3.0, NAICS-6, with margins",US federal work — public domain,2026-09-25
epa.useeio.v1_3.naics541191,Purchased goods and services — Title Abstract and Settlement Offices (spend-based),3,Purchased goods and services / NAICS 541191,USD,CO2e,0.041,,AR5 (EPA: 100-year GWPs from IPCC AR5),US,2022,"EPA Supply Chain GHG Emission Factors v1.3 (USEEIO), purchaser price, 2022 USD","v1.3.0, NAICS-6, with margins",US federal work — public domain,2026-09-25
epa.useeio.v1_3.naics541199,Purchased goods and services — All Other Legal Services (spend-based),3,Purchased goods and services / NAICS 541199,USD,CO2e,0.041,,AR5 (EPA: 100-year GWPs from IPCC AR5),US,2022,"EPA Supply Chain GHG Emission Factors v1.3 (USEEIO), purchaser price, 2022 USD","v1.3.0, NAICS-6, with margins",US federal work — public domain,2026-09-25
epa.useeio.v1_3.naics541211,Purchased goods and services — Offices of Certified Public Accountants (spend-based),3,Purchased goods and services / NAICS 541211,USD,CO2e,0.054,,AR5 (EPA: 100-year GWPs from IPCC AR5),US,2022,"EPA Supply Chain GHG Emission Factors v1.3 (USEEIO), purchaser price, 2022 USD","v1.3.0, NAICS-6, with margins",US federal work — public domain,2026-09-25
epa.useeio.v1_3.naics541213,Purchased goods and services — Tax Preparation Services (spend-based),3,Purchased goods and services / NAICS 541213,USD,CO2e,0.054,,AR5 (EPA: 100-year GWPs from IPCC AR5),US,2022,"EPA Supply Chain GHG Emission Factors v1.3 (USEEIO), purchaser price, 2022 USD","v1.3.0, NAICS-6, with margins",US federal work — public domain,2026-09-25
epa.useeio.v1_3.naics541214,Purchased goods and services — Payroll Services (spend-based),3,Purchased goods and services / NAICS 541214,USD,CO2e,0.054,,AR5 (EPA: 100-year GWPs from IPCC AR5),US,2022,"EPA Supply Chain GHG Emission Factors v1.3 (USEEIO), purchaser price, 2022 USD","v1.3.0, NAICS-6, with margins",US federal work — public domain,2026-09-25
epa.useeio.v1_3.naics541219,Purchased goods and services — Other Accounting Services (spend-based),3,Purchased goods and services / NAICS 541219,USD,CO2e,0.054,,AR5 (EPA: 100-year GWPs from IPCC AR5),US,2022,"EPA Supply Chain GHG Emission Factors v1.3 (USEEIO), purchaser price, 2022 USD","v1.3.0, NAICS-6, with margins",US federal work — public domain,2026-09-25
epa.useeio.v1_3.naics541310,Purchased goods and services — Architectural Services (spend-based),3,Purchased goods and services / NAICS 541310,USD,CO2e,0.103,,AR5 (EPA: 100-year GWPs from IPCC AR5),US,2022,"EPA Supply Chain GHG Emission Factors v1.3 (USEEIO), purchaser price, 2022 USD","v1.3.0, NAICS-6, with margins",US federal work — public domain,2026-09-25
epa.useeio.v1_3.naics541320,Purchased goods and services — Landscape Architectural Services (spend-based),3,Purchased goods and services / NAICS 541320,USD,CO2e,0.103,,AR5 (EPA: 100-year GWPs from IPCC AR5),US,2022,"EPA Supply Chain GHG Emission Factors v1.3 (USEEIO), purchaser price, 2022 USD","v1.3.0, NAICS-6, with margins",US federal work — public domain,2026-09-25
epa.useeio.v1_3.naics541330,Purchased goods and services — Engineering Services (spend-based),3,Purchased goods and services / NAICS 541330,USD,CO2e,0.103,,AR5 (EPA: 100-year GWPs from IPCC AR5),US,2022,"EPA Supply Chain GHG Emission Factors v1.3 (USEEIO), purchaser price, 2022 USD","v1.3.0, NAICS-6, with margins",US federal work — public domain,2026-09-25
epa.useeio.v1_3.naics541340,Purchased goods and services — Drafting Services (spend-based),3,Purchased goods and services / NAICS 541340,USD,CO2e,0.103,,AR5 (EPA: 100-year GWPs from IPCC AR5),US,2022,"EPA Supply Chain GHG Emission Factors v1.3 (USEEIO), purchaser price, 2022 USD","v1.3.0, NAICS-6, with margins",US federal work — public domain,2026-09-25
epa.useeio.v1_3.naics541350,Purchased goods and services — Building Inspection Services (spend-based),3,Purchased goods and services / NAICS 541350,USD,CO2e,0.103,,AR5 (EPA: 100-year GWPs from IPCC AR5),US,2022,"EPA Supply Chain GHG Emission Factors v1.3 (USEEIO), purchaser price, 2022 USD","v1.3.0, NAICS-6, with margins",US federal work — public domain,2026-09-25
epa.useeio.v1_3.naics541360,Purchased goods and services — Geophysical Surveying and Mapping Services (spend-based),3,Purchased goods and services / NAICS 541360,USD,CO2e,0.103,,AR5 (EPA: 100-year GWPs from IPCC AR5),US,2022,"EPA Supply Chain GHG Emission Factors v1.3 (USEEIO), purchaser price, 2022 USD","v1.3.0, NAICS-6, with margins",US federal work — public domain,2026-09-25
epa.useeio.v1_3.naics541370,Purchased goods and services — Surveying and Mapping (except Geophysical) Services (spend-based),3,Purchased goods and services / NAICS 541370,USD,CO2e,0.103,,AR5 (EPA: 100-year GWPs from IPCC AR5),US,2022,"EPA Supply Chain GHG Emission Factors v1.3 (USEEIO), purchaser price, 2022 USD","v1.3.0, NAICS-6, with margins",US federal work — public domain,2026-09-25
epa.useeio.v1_3.naics541380,Purchased goods and services — Testing Laboratories (spend-based),3,Purchased goods and services / NAICS 541380,USD,CO2e,0.103,,AR5 (EPA: 100-year GWPs from IPCC AR5),US,2022,"EPA Supply Chain GHG Emission Factors v1.3 (USEEIO), purchaser price, 2022 USD","v1.3.0, NAICS-6, with margins",US federal work — public domain,2026-09-25
epa.useeio.v1_3.naics541410,Purchased goods and services — Interior Design Services (spend-based),3,Purchased goods and services / NAICS 541410,USD,CO2e,0.094,,AR5 (EPA: 100-year GWPs from IPCC AR5),US,2022,"EPA Supply Chain GHG Emission Factors v1.3 (USEEIO), purchaser price, 2022 USD","v1.3.0, NAICS-6, with margins",US federal work — public domain,2026-09-25
epa.useeio.v1_3.naics541420,Purchased goods and services — Industrial Design Services (spend-based),3,Purchased goods and services / NAICS 541420,USD,CO2e,0.094,,AR5 (EPA: 100-year GWPs from IPCC AR5),US,2022,"EPA Supply Chain GHG Emission Factors v1.3 (USEEIO), purchaser price, 2022 USD","v1.3.0, NAICS-6, with margins",US federal work — public domain,2026-09-25
epa.useeio.v1_3.naics541430,Purchased goods and services — Graphic Design Services (spend-based),3,Purchased goods and services / NAICS 541430,USD,CO2e,0.094,,AR5 (EPA: 100-year GWPs from IPCC AR5),US,2022,"EPA Supply Chain GHG Emission Factors v1.3 (USEEIO), purchaser price, 2022 USD","v1.3.0, NAICS-6, with margins",US federal work — public domain,2026-09-25
epa.useeio.v1_3.naics541490,Purchased goods and services — Other Specialized Design Services (spend-based),3,Purchased goods and services / NAICS 541490,USD,CO2e,0.094,,AR5 (EPA: 100-year GWPs from IPCC AR5),US,2022,"EPA Supply Chain GHG Emission Factors v1.3 (USEEIO), purchaser price, 2022 USD","v1.3.0, NAICS-6, with margins",US federal work — public domain,2026-09-25
epa.useeio.v1_3.naics541511,Purchased goods and services — Custom Computer Programming Services (spend-based),3,Purchased goods and services / NAICS 541511,USD,CO2e,0.084,,AR5 (EPA: 100-year GWPs from IPCC AR5),US,2022,"EPA Supply Chain GHG Emission Factors v1.3 (USEEIO), purchaser price, 2022 USD","v1.3.0, NAICS-6, with margins",US federal work — public domain,2026-09-25
epa.useeio.v1_3.naics541512,Purchased goods and services — Computer Systems Design Services (spend-based),3,Purchased goods and services / NAICS 541512,USD,CO2e,0.089,,AR5 (EPA: 100-year GWPs from IPCC AR5),US,2022,"EPA Supply Chain GHG Emission Factors v1.3 (USEEIO), purchaser price, 2022 USD","v1.3.0, NAICS-6, with margins",US federal work — public domain,2026-09-25
epa.useeio.v1_3.naics541513,Purchased goods and services — Computer Facilities Management Services (spend-based),3,Purchased goods and services / NAICS 541513,USD,CO2e,0.08,,AR5 (EPA: 100-year GWPs from IPCC AR5),US,2022,"EPA Supply Chain GHG Emission Factors v1.3 (USEEIO), purchaser price, 2022 USD","v1.3.0, NAICS-6, with margins",US federal work — public domain,2026-09-25
epa.useeio.v1_3.naics541519,Purchased goods and services — Other Computer Related Services (spend-based),3,Purchased goods and services / NAICS 541519,USD,CO2e,0.08,,AR5 (EPA: 100-year GWPs from IPCC AR5),US,2022,"EPA Supply Chain GHG Emission Factors v1.3 (USEEIO), purchaser price, 2022 USD","v1.3.0, NAICS-6, with margins",US federal work — public domain,2026-09-25
epa.useeio.v1_3.naics541611,Purchased goods and services — Administrative Management and General Management Consulting Services (spend-based),3,Purchased goods and services / NAICS 541611,USD,CO2e,0.078,,AR5 (EPA: 100-year GWPs from IPCC AR5),US,2022,"EPA Supply Chain GHG Emission Factors v1.3 (USEEIO), purchaser price, 2022 USD","v1.3.0, NAICS-6, with margins",US federal work — public domain,2026-09-25
epa.useeio.v1_3.naics541612,Purchased goods and services — Human Resources Consulting Services (spend-based),3,Purchased goods and services / NAICS 541612,USD,CO2e,0.078,,AR5 (EPA: 100-year GWPs from IPCC AR5),US,2022,"EPA Supply Chain GHG Emission Factors v1.3 (USEEIO), purchaser price, 2022 USD","v1.3.0, NAICS-6, with margins",US federal work — public domain,2026-09-25
epa.useeio.v1_3.naics541613,Purchased goods and services — Marketing Consulting Services (spend-based),3,Purchased goods and services / NAICS 541613,USD,CO2e,0.078,,AR5 (EPA: 100-year GWPs from IPCC AR5),US,2022,"EPA Supply Chain GHG Emission Factors v1.3 (USEEIO), purchaser price, 2022 USD","v1.3.0, NAICS-6, with margins",US federal work — public domain,2026-09-25
epa.useeio.v1_3.naics541614,"Purchased goods and services — Process, Physical Distribution, and Logistics Consulting Services (spend-based)",3,Purchased goods and services / NAICS 541614,USD,CO2e,0.078,,AR5 (EPA: 100-year GWPs from IPCC AR5),US,2022,"EPA Supply Chain GHG Emission Factors v1.3 (USEEIO), purchaser price, 2022 USD","v1.3.0, NAICS-6, with margins",US federal work — public domain,2026-09-25
epa.useeio.v1_3.naics541618,Purchased goods and services — Other Management Consulting Services (spend-based),3,Purchased goods and services / NAICS 541618,USD,CO2e,0.078,,AR5 (EPA: 100-year GWPs from IPCC AR5),US,2022,"EPA Supply Chain GHG Emission Factors v1.3 (USEEIO), purchaser price, 2022 USD","v1.3.0, NAICS-6, with margins",US federal work — public domain,2026-09-25
epa.useeio.v1_3.naics541620,Purchased goods and services — Environmental Consulting Services (spend-based),3,Purchased goods and services / NAICS 541620,USD,CO2e,0.09,,AR5 (EPA: 100-year GWPs from IPCC AR5),US,2022,"EPA Supply Chain GHG Emission Factors v1.3 (USEEIO), purchaser price, 2022 USD","v1.3.0, NAICS-6, with margins",US federal work — public domain,2026-09-25
epa.useeio.v1_3.naics541690,Purchased goods and services — Other Scientific and Technical Consulting Services (spend-based),3,Purchased goods and services / NAICS 541690,USD,CO2e,0.09,,AR5 (EPA: 100-year GWPs from IPCC AR5),US,2022,"EPA Supply Chain GHG Emission Factors v1.3 (USEEIO), purchaser price, 2022 USD","v1.3.0, NAICS-6, with margins",US federal work — public domain,2026-09-25
epa.useeio.v1_3.naics541713,Purchased goods and services — Research and Development in Nanotechnology (spend-based),3,Purchased goods and services / NAICS 541713,USD,CO2e,0.156,,AR5 (EPA: 100-year GWPs from IPCC AR5),US,2022,"EPA Supply Chain GHG Emission Factors v1.3 (USEEIO), purchaser price, 2022 USD","v1.3.0, NAICS-6, with margins",US federal work — public domain,2026-09-25
epa.useeio.v1_3.naics541714,Purchased goods and services — Research and Development in Biotechnology (except Nanobiotechnology) (spend-based),3,Purchased goods and services / NAICS 541714,USD,CO2e,0.156,,AR5 (EPA: 100-year GWPs from IPCC AR5),US,2022,"EPA Supply Chain GHG Emission Factors v1.3 (USEEIO), purchaser price, 2022 USD","v1.3.0, NAICS-6, with margins",US federal work — public domain,2026-09-25
epa.useeio.v1_3.naics541715,"Purchased goods and services — Research and Development in the Physical, Engineering, and Life Sciences (except Nanotechnology and Biotechnology) (spend-based)",3,Purchased goods and services / NAICS 541715,USD,CO2e,0.156,,AR5 (EPA: 100-year GWPs from IPCC AR5),US,2022,"EPA Supply Chain GHG Emission Factors v1.3 (USEEIO), purchaser price, 2022 USD","v1.3.0, NAICS-6, with margins",US federal work — public domain,2026-09-25
epa.useeio.v1_3.naics541720,Purchased goods and services — Research and Development in the Social Sciences and Humanities (spend-based),3,Purchased goods and services / NAICS 541720,USD,CO2e,0.156,,AR5 (EPA: 100-year GWPs from IPCC AR5),US,2022,"EPA Supply Chain GHG Emission Factors v1.3 (USEEIO), purchaser price, 2022 USD","v1.3.0, NAICS-6, with margins",US federal work — public domain,2026-09-25
epa.useeio.v1_3.naics541810,Purchased goods and services — Advertising Agencies (spend-based),3,Purchased goods and services / NAICS 541810,USD,CO2e,0.085,,AR5 (EPA: 100-year GWPs from IPCC AR5),US,2022,"EPA Supply Chain GHG Emission Factors v1.3 (USEEIO), purchaser price, 2022 USD","v1.3.0, NAICS-6, with margins",US federal work — public domain,2026-09-25
epa.useeio.v1_3.naics541820,Purchased goods and services — Public Relations Agencies (spend-based),3,Purchased goods and services / NAICS 541820,USD,CO2e,0.085,,AR5 (EPA: 100-year GWPs from IPCC AR5),US,2022,"EPA Supply Chain GHG Emission Factors v1.3 (USEEIO), purchaser price, 2022 USD","v1.3.0, NAICS-6, with margins",US federal work — public domain,2026-09-25
epa.useeio.v1_3.naics541830,Purchased goods and services — Media Buying Agencies (spend-based),3,Purchased goods and services / NAICS 541830,USD,CO2e,0.085,,AR5 (EPA: 100-year GWPs from IPCC AR5),US,2022,"EPA Supply Chain GHG Emission Factors v1.3 (USEEIO), purchaser price, 2022 USD","v1.3.0, NAICS-6, with margins",US federal work — public domain,2026-09-25
epa.useeio.v1_3.naics541840,Purchased goods and services — Media Representatives (spend-based),3,Purchased goods and services / NAICS 541840,USD,CO2e,0.085,,AR5 (EPA: 100-year GWPs from IPCC AR5),US,2022,"EPA Supply Chain GHG Emission Factors v1.3 (USEEIO), purchaser price, 2022 USD","v1.3.0, NAICS-6, with margins",US federal work — public domain,2026-09-25
epa.useeio.v1_3.naics541850,Purchased goods and services — Outdoor Advertising (spend-based),3,Purchased goods and services / NAICS 541850,USD,CO2e,0.085,,AR5 (EPA: 100-year GWPs from IPCC AR5),US,2022,"EPA Supply Chain GHG Emission Factors v1.3 (USEEIO), purchaser price, 2022 USD","v1.3.0, NAICS-6, with margins",US federal work — public domain,2026-09-25
epa.useeio.v1_3.naics541860,Purchased goods and services — Direct Mail Advertising (spend-based),3,Purchased goods and services / NAICS 541860,USD,CO2e,0.085,,AR5 (EPA: 100-year GWPs from IPCC AR5),US,2022,"EPA Supply Chain GHG Emission Factors v1.3 (USEEIO), purchaser price, 2022 USD","v1.3.0, NAICS-6, with margins",US federal work — public domain,2026-09-25
epa.useeio.v1_3.naics541870,Purchased goods and services — Advertising Material Distribution Services (spend-based),3,Purchased goods and services / NAICS 541870,USD,CO2e,0.085,,AR5 (EPA: 100-year GWPs from IPCC AR5),US,2022,"EPA Supply Chain GHG Emission Factors v1.3 (USEEIO), purchaser price, 2022 USD","v1.3.0, NAICS-6, with margins",US federal work — public domain,2026-09-25
epa.useeio.v1_3.naics541890,Purchased goods and services — Other Services Related to Advertising (spend-based),3,Purchased goods and services / NAICS 541890,USD,CO2e,0.085,,AR5 (EPA: 100-year GWPs from IPCC AR5),US,2022,"EPA Supply Chain GHG Emission Factors v1.3 (USEEIO), purchaser price, 2022 USD","v1.3.0, NAICS-6, with margins",US federal work — public domain,2026-09-25
epa.useeio.v1_3.naics541910,Purchased goods and services — Marketing Research and Public Opinion Polling (spend-based),3,Purchased goods and services / NAICS 541910,USD,CO2e,0.08,,AR5 (EPA: 100-year GWPs from IPCC AR5),US,2022,"EPA Supply Chain GHG Emission Factors v1.3 (USEEIO), purchaser price, 2022 USD","v1.3.0, NAICS-6, with margins",US federal work — public domain,2026-09-25
epa.useeio.v1_3.naics541921,"Purchased goods and services — Photography Studios, Portrait (spend-based)",3,Purchased goods and services / NAICS 541921,USD,CO2e,0.125,,AR5 (EPA: 100-year GWPs from IPCC AR5),US,2022,"EPA Supply Chain GHG Emission Factors v1.3 (USEEIO), purchaser price, 2022 USD","v1.3.0, NAICS-6, with margins",US federal work — public domain,2026-09-25
epa.useeio.v1_3.naics541922,Purchased goods and services — Commercial Photography (spend-based),3,Purchased goods and services / NAICS 541922,USD,CO2e,0.125,,AR5 (EPA: 100-year GWPs from IPCC AR5),US,2022,"EPA Supply Chain GHG Emission Factors v1.3 (USEEIO), purchaser price, 2022 USD","v1.3.0, NAICS-6, with margins",US federal work — public domain,2026-09-25
epa.useeio.v1_3.naics541930,Purchased goods and services — Translation and Interpretation Services (spend-based),3,Purchased goods and services / NAICS 541930,USD,CO2e,0.08,,AR5 (EPA: 100-year GWPs from IPCC AR5),US,2022,"EPA Supply Chain GHG Emission Factors v1.3 (USEEIO), purchaser price, 2022 USD","v1.3.0, NAICS-6, with margins",US federal work — public domain,2026-09-25
epa.useeio.v1_3.naics541940,Purchased goods and services — Veterinary Services (spend-based),3,Purchased goods and services / NAICS 541940,USD,CO2e,0.127,,AR5 (EPA: 100-year GWPs from IPCC AR5),US,2022,"EPA Supply Chain GHG Emission Factors v1.3 (USEEIO), purchaser price, 2022 USD","v1.3.0, NAICS-6, with margins",US federal work — public domain,2026-09-25
epa.useeio.v1_3.naics541990,"Purchased goods and services — All Other Professional, Scientific, and Technical Services (spend-based)",3,Purchased goods and services / NAICS 541990,USD,CO2e,0.08,,AR5 (EPA: 100-year GWPs from IPCC AR5),US,2022,"EPA Supply Chain GHG Emission Factors v1.3 (USEEIO), purchaser price, 2022 USD","v1.3.0, NAICS-6, with margins",US federal work — public domain,2026-09-25
epa.useeio.v1_3.naics551111,Purchased goods and services — Offices of Bank Holding Companies (spend-based),3,Purchased goods and services / NAICS 551111,USD,CO2e,0.084,,AR5 (EPA: 100-year GWPs from IPCC AR5),US,2022,"EPA Supply Chain GHG Emission Factors v1.3 (USEEIO), purchaser price, 2022 USD","v1.3.0, NAICS-6, with margins",US federal work — public domain,2026-09-25
epa.useeio.v1_3.naics551112,Purchased goods and services — Offices of Other Holding Companies (spend-based),3,Purchased goods and services / NAICS 551112,USD,CO2e,0.084,,AR5 (EPA: 100-year GWPs from IPCC AR5),US,2022,"EPA Supply Chain GHG Emission Factors v1.3 (USEEIO), purchaser price, 2022 USD","v1.3.0, NAICS-6, with margins",US federal work — public domain,2026-09-25
epa.useeio.v1_3.naics551114,"Purchased goods and services — Corporate, Subsidiary, and Regional Managing Offices (spend-based)",3,Purchased goods and services / NAICS 551114,USD,CO2e,0.084,,AR5 (EPA: 100-year GWPs from IPCC AR5),US,2022,"EPA Supply Chain GHG Emission Factors v1.3 (USEEIO), purchaser price, 2022 USD","v1.3.0, NAICS-6, with margins",US federal work — public domain,2026-09-25
epa.useeio.v1_3.naics561110,Purchased goods and services — Office Administrative Services (spend-based),3,Purchased goods and services / NAICS 561110,USD,CO2e,0.1,,AR5 (EPA: 100-year GWPs from IPCC AR5),US,2022,"EPA Supply Chain GHG Emission Factors v1.3 (USEEIO), purchaser price, 2022 USD","v1.3.0, NAICS-6, with margins",US federal work — public domain,2026-09-25
epa.useeio.v1_3.naics561210,Purchased goods and services — Facilities Support Services (spend-based),3,Purchased goods and services / NAICS 561210,USD,CO2e,0.199,,AR5 (EPA: 100-year GWPs from IPCC AR5),US,2022,"EPA Supply Chain GHG Emission Factors v1.3 (USEEIO), purchaser price, 2022 USD","v1.3.0, NAICS-6, with margins",US federal work — public domain,2026-09-25
epa.useeio.v1_3.naics561311,Purchased goods and services — Employment Placement Agencies (spend-based),3,Purchased goods and services / NAICS 561311,USD,CO2e,0.051,,AR5 (EPA: 100-year GWPs from IPCC AR5),US,2022,"EPA Supply Chain GHG Emission Factors v1.3 (USEEIO), purchaser price, 2022 USD","v1.3.0, NAICS-6, with margins",US federal work — public domain,2026-09-25
epa.useeio.v1_3.naics561312,Purchased goods and services — Executive Search Services (spend-based),3,Purchased goods and services / NAICS 561312,USD,CO2e,0.051,,AR5 (EPA: 100-year GWPs from IPCC AR5),US,2022,"EPA Supply Chain GHG Emission Factors v1.3 (USEEIO), purchaser price, 2022 USD","v1.3.0, NAICS-6, with margins",US federal work — public domain,2026-09-25
epa.useeio.v1_3.naics561320,Purchased goods and services — Temporary Help Services (spend-based),3,Purchased goods and services / NAICS 561320,USD,CO2e,0.051,,AR5 (EPA: 100-year GWPs from IPCC AR5),US,2022,"EPA Supply Chain GHG Emission Factors v1.3 (USEEIO), purchaser price, 2022 USD","v1.3.0, NAICS-6, with margins",US federal work — public domain,2026-09-25
epa.useeio.v1_3.naics561330,Purchased goods and services — Professional Employer Organizations (spend-based),3,Purchased goods and services / NAICS 561330,USD,CO2e,0.051,,AR5 (EPA: 100-year GWPs from IPCC AR5),US,2022,"EPA Supply Chain GHG Emission Factors v1.3 (USEEIO), purchaser price, 2022 USD","v1.3.0, NAICS-6, with margins",US federal work — public domain,2026-09-25
epa.useeio.v1_3.naics561410,Purchased goods and services — Document Preparation Services (spend-based),3,Purchased goods and services / NAICS 561410,USD,CO2e,0.111,,AR5 (EPA: 100-year GWPs from IPCC AR5),US,2022,"EPA Supply Chain GHG Emission Factors v1.3 (USEEIO), purchaser price, 2022 USD","v1.3.0, NAICS-6, with margins",US federal work — public domain,2026-09-25
epa.useeio.v1_3.naics561421,Purchased goods and services — Telephone Answering Services (spend-based),3,Purchased goods and services / NAICS 561421,USD,CO2e,0.111,,AR5 (EPA: 100-year GWPs from IPCC AR5),US,2022,"EPA Supply Chain GHG Emission Factors v1.3 (USEEIO), purchaser price, 2022 USD","v1.3.0, NAICS-6, with margins",US federal work — public domain,2026-09-25
epa.useeio.v1_3.naics561422,Purchased goods and services — Telemarketing Bureaus and Other Contact Centers (spend-based),3,Purchased goods and services / NAICS 561422,USD,CO2e,0.111,,AR5 (EPA: 100-year GWPs from IPCC AR5),US,2022,"EPA Supply Chain GHG Emission Factors v1.3 (USEEIO), purchaser price, 2022 USD","v1.3.0, NAICS-6, with margins",US federal work — public domain,2026-09-25
epa.useeio.v1_3.naics561431,Purchased goods and services — Private Mail Centers (spend-based),3,Purchased goods and services / NAICS 561431,USD,CO2e,0.111,,AR5 (EPA: 100-year GWPs from IPCC AR5),US,2022,"EPA Supply Chain GHG Emission Factors v1.3 (USEEIO), purchaser price, 2022 USD","v1.3.0, NAICS-6, with margins",US federal work — public domain,2026-09-25
epa.useeio.v1_3.naics561439,Purchased goods and services — Other Business Service Centers (including Copy Shops) (spend-based),3,Purchased goods and services / NAICS 561439,USD,CO2e,0.111,,AR5 (EPA: 100-year GWPs from IPCC AR5),US,2022,"EPA Supply Chain GHG Emission Factors v1.3 (USEEIO), purchaser price, 2022 USD","v1.3.0, NAICS-6, with margins",US federal work — public domain,2026-09-25
epa.useeio.v1_3.naics561440,Purchased goods and services — Collection Agencies (spend-based),3,Purchased goods and services / NAICS 561440,USD,CO2e,0.111,,AR5 (EPA: 100-year GWPs from IPCC AR5),US,2022,"EPA Supply Chain GHG Emission Factors v1.3 (USEEIO), purchaser price, 2022 USD","v1.3.0, NAICS-6, with margins",US federal work — public domain,2026-09-25
epa.useeio.v1_3.naics561450,Purchased goods and services — Credit Bureaus (spend-based),3,Purchased goods and services / NAICS 561450,USD,CO2e,0.111,,AR5 (EPA: 100-year GWPs from IPCC AR5),US,2022,"EPA Supply Chain GHG Emission Factors v1.3 (USEEIO), purchaser price, 2022 USD","v1.3.0, NAICS-6, with margins",US federal work — public domain,2026-09-25
epa.useeio.v1_3.naics561491,Purchased goods and services — Repossession Services (spend-based),3,Purchased goods and services / NAICS 561491,USD,CO2e,0.111,,AR5 (EPA: 100-year GWPs from IPCC AR5),US,2022,"EPA Supply Chain GHG Emission Factors v1.3 (USEEIO), purchaser price, 2022 USD","v1.3.0, NAICS-6, with margins",US federal work — public domain,2026-09-25
epa.useeio.v1_3.naics561492,Purchased goods and services — Court Reporting and Stenotype Services (spend-based),3,Purchased goods and services / NAICS 561492,USD,CO2e,0.111,,AR5 (EPA: 100-year GWPs from IPCC AR5),US,2022,"EPA Supply Chain GHG Emission Factors v1.3 (USEEIO), purchaser price, 2022 USD","v1.3.0, NAICS-6, with margins",US federal work — public domain,2026-09-25
epa.useeio.v1_3.naics561499,Purchased goods and services — All Other Business Support Services (spend-based),3,Purchased goods and services / NAICS 561499,USD,CO2e,0.111,,AR5 (EPA: 100-year GWPs from IPCC AR5),US,2022,"EPA Supply Chain GHG Emission Factors v1.3 (USEEIO), purchaser price, 2022 USD","v1.3.0, NAICS-6, with margins",US federal work — public domain,2026-09-25
epa.useeio.v1_3.naics561510,Purchased goods and services — Travel Agencies (spend-based),3,Purchased goods and services / NAICS 561510,USD,CO2e,0.088,,AR5 (EPA: 100-year GWPs from IPCC AR5),US,2022,"EPA Supply Chain GHG Emission Factors v1.3 (USEEIO), purchaser price, 2022 USD","v1.3.0, NAICS-6, with margins",US federal work — public domain,2026-09-25
epa.useeio.v1_3.naics561520,Purchased goods and services — Tour Operators (spend-based),3,Purchased goods and services / NAICS 561520,USD,CO2e,0.088,,AR5 (EPA: 100-year GWPs from IPCC AR5),US,2022,"EPA Supply Chain GHG Emission Factors v1.3 (USEEIO), purchaser price, 2022 USD","v1.3.0, NAICS-6, with margins",US federal work — public domain,2026-09-25
epa.useeio.v1_3.naics561591,Purchased goods and services — Convention and Visitors Bureaus (spend-based),3,Purchased goods and services / NAICS 561591,USD,CO2e,0.088,,AR5 (EPA: 100-year GWPs from IPCC AR5),US,2022,"EPA Supply Chain GHG Emission Factors v1.3 (USEEIO), purchaser price, 2022 USD","v1.3.0, NAICS-6, with margins",US federal work — public domain,2026-09-25
epa.useeio.v1_3.naics561599,Purchased goods and services — All Other Travel Arrangement and Reservation Services (spend-based),3,Purchased goods and services / NAICS 561599,USD,CO2e,0.088,,AR5 (EPA: 100-year GWPs from IPCC AR5),US,2022,"EPA Supply Chain GHG Emission Factors v1.3 (USEEIO), purchaser price, 2022 USD","v1.3.0, NAICS-6, with margins",US federal work — public domain,2026-09-25
epa.useeio.v1_3.naics561611,Purchased goods and services — Investigation Services (spend-based),3,Purchased goods and services / NAICS 561611,USD,CO2e,0.074,,AR5 (EPA: 100-year GWPs from IPCC AR5),US,2022,"EPA Supply Chain GHG Emission Factors v1.3 (USEEIO), purchaser price, 2022 USD","v1.3.0, NAICS-6, with margins",US federal work — public domain,2026-09-25
epa.useeio.v1_3.naics561612,Purchased goods and services — Security Guards and Patrol Services (spend-based),3,Purchased goods and services / NAICS 561612,USD,CO2e,0.074,,AR5 (EPA: 100-year GWPs from IPCC AR5),US,2022,"EPA Supply Chain GHG Emission Factors v1.3 (USEEIO), purchaser price, 2022 USD","v1.3.0, NAICS-6, with margins",US federal work — public domain,2026-09-25
epa.useeio.v1_3.naics561613,Purchased goods and services — Armored Car Services (spend-based),3,Purchased goods and services / NAICS 561613,USD,CO2e,0.074,,AR5 (EPA: 100-year GWPs from IPCC AR5),US,2022,"EPA Supply Chain GHG Emission Factors v1.3 (USEEIO), purchaser price, 2022 USD","v1.3.0, NAICS-6, with margins",US federal work — public domain,2026-09-25
epa.useeio.v1_3.naics561621,Purchased goods and services — Security Systems Services (except Locksmiths) (spend-based),3,Purchased goods and services / NAICS 561621,USD,CO2e,0.074,,AR5 (EPA: 100-year GWPs from IPCC AR5),US,2022,"EPA Supply Chain GHG Emission Factors v1.3 (USEEIO), purchaser price, 2022 USD","v1.3.0, NAICS-6, with margins",US federal work — public domain,2026-09-25
epa.useeio.v1_3.naics561622,Purchased goods and services — Locksmiths (spend-based),3,Purchased goods and services / NAICS 561622,USD,CO2e,0.074,,AR5 (EPA: 100-year GWPs from IPCC AR5),US,2022,"EPA Supply Chain GHG Emission Factors v1.3 (USEEIO), purchaser price, 2022 USD","v1.3.0, NAICS-6, with margins",US federal work — public domain,2026-09-25
epa.useeio.v1_3.naics561710,Purchased goods and services — Exterminating and Pest Control Services (spend-based),3,Purchased goods and services / NAICS 561710,USD,CO2e,0.214,,AR5 (EPA: 100-year GWPs from IPCC AR5),US,2022,"EPA Supply Chain GHG Emission Factors v1.3 (USEEIO), purchaser price, 2022 USD","v1.3.0, NAICS-6, with margins",US federal work — public domain,2026-09-25
epa.useeio.v1_3.naics561720,Purchased goods and services — Janitorial Services (spend-based),3,Purchased goods and services / NAICS 561720,USD,CO2e,0.214,,AR5 (EPA: 100-year GWPs from IPCC AR5),US,2022,"EPA Supply Chain GHG Emission Factors v1.3 (USEEIO), purchaser price, 2022 USD","v1.3.0, NAICS-6, with margins",US federal work — public domain,2026-09-25
epa.useeio.v1_3.naics561730,Purchased goods and services — Landscaping Services (spend-based),3,Purchased goods and services / NAICS 561730,USD,CO2e,0.214,,AR5 (EPA: 100-year GWPs from IPCC AR5),US,2022,"EPA Supply Chain GHG Emission Factors v1.3 (USEEIO), purchaser price, 2022 USD","v1.3.0, NAICS-6, with margins",US federal work — public domain,2026-09-25
epa.useeio.v1_3.naics561740,Purchased goods and services — Carpet and Upholstery Cleaning Services (spend-based),3,Purchased goods and services / NAICS 561740,USD,CO2e,0.214,,AR5 (EPA: 100-year GWPs from IPCC AR5),US,2022,"EPA Supply Chain GHG Emission Factors v1.3 (USEEIO), purchaser price, 2022 USD","v1.3.0, NAICS-6, with margins",US federal work — public domain,2026-09-25
epa.useeio.v1_3.naics561790,Purchased goods and services — Other Services to Buildings and Dwellings (spend-based),3,Purchased goods and services / NAICS 561790,USD,CO2e,0.214,,AR5 (EPA: 100-year GWPs from IPCC AR5),US,2022,"EPA Supply Chain GHG Emission Factors v1.3 (USEEIO), purchaser price, 2022 USD","v1.3.0, NAICS-6, with margins",US federal work — public domain,2026-09-25
epa.useeio.v1_3.naics561910,Purchased goods and services — Packaging and Labeling Services (spend-based),3,Purchased goods and services / NAICS 561910,USD,CO2e,0.127,,AR5 (EPA: 100-year GWPs from IPCC AR5),US,2022,"EPA Supply Chain GHG Emission Factors v1.3 (USEEIO), purchaser price, 2022 USD","v1.3.0, NAICS-6, with margins",US federal work — public domain,2026-09-25
epa.useeio.v1_3.naics561920,Purchased goods and services — Convention and Trade Show Organizers (spend-based),3,Purchased goods and services / NAICS 561920,USD,CO2e,0.127,,AR5 (EPA: 100-year GWPs from IPCC AR5),US,2022,"EPA Supply Chain GHG Emission Factors v1.3 (USEEIO), purchaser price, 2022 USD","v1.3.0, NAICS-6, with margins",US federal work — public domain,2026-09-25
epa.useeio.v1_3.naics561990,Purchased goods and services — All Other Support Services (spend-based),3,Purchased goods and services / NAICS 561990,USD,CO2e,0.127,,AR5 (EPA: 100-year GWPs from IPCC AR5),US,2022,"EPA Supply Chain GHG Emission Factors v1.3 (USEEIO), purchaser price, 2022 USD","v1.3.0, NAICS-6, with margins",US federal work — public domain,2026-09-25
epa.useeio.v1_3.naics562111,Purchased goods and services — Solid Waste Collection (spend-based),3,Purchased goods and services / NAICS 562111,USD,CO2e,0.988,,AR5 (EPA: 100-year GWPs from IPCC AR5),US,2022,"EPA Supply Chain GHG Emission Factors v1.3 (USEEIO), purchaser price, 2022 USD","v1.3.0, NAICS-6, with margins",US federal work — public domain,2026-09-25
epa.useeio.v1_3.naics562112,Purchased goods and services — Hazardous Waste Collection (spend-based),3,Purchased goods and services / NAICS 562112,USD,CO2e,0.988,,AR5 (EPA: 100-year GWPs from IPCC AR5),US,2022,"EPA Supply Chain GHG Emission Factors v1.3 (USEEIO), purchaser price, 2022 USD","v1.3.0, NAICS-6, with margins",US federal work — public domain,2026-09-25
epa.useeio.v1_3.naics562119,Purchased goods and services — Other Waste Collection (spend-based),3,Purchased goods and services / NAICS 562119,USD,CO2e,0.988,,AR5 (EPA: 100-year GWPs from IPCC AR5),US,2022,"EPA Supply Chain GHG Emission Factors v1.3 (USEEIO), purchaser price, 2022 USD","v1.3.0, NAICS-6, with margins",US federal work — public domain,2026-09-25
epa.useeio.v1_3.naics562211,Purchased goods and services — Hazardous Waste Treatment and Disposal (spend-based),3,Purchased goods and services / NAICS 562211,USD,CO2e,0.988,,AR5 (EPA: 100-year GWPs from IPCC AR5),US,2022,"EPA Supply Chain GHG Emission Factors v1.3 (USEEIO), purchaser price, 2022 USD","v1.3.0, NAICS-6, with margins",US federal work — public domain,2026-09-25
epa.useeio.v1_3.naics562212,Purchased goods and services — Solid Waste Landfill (spend-based),3,Purchased goods and services / NAICS 562212,USD,CO2e,0.988,,AR5 (EPA: 100-year GWPs from IPCC AR5),US,2022,"EPA Supply Chain GHG Emission Factors v1.3 (USEEIO), purchaser price, 2022 USD","v1.3.0, NAICS-6, with margins",US federal work — public domain,2026-09-25
epa.useeio.v1_3.naics562213,Purchased goods and services — Solid Waste Combustors and Incinerators (spend-based),3,Purchased goods and services / NAICS 562213,USD,CO2e,0.988,,AR5 (EPA: 100-year GWPs from IPCC AR5),US,2022,"EPA Supply Chain GHG Emission Factors v1.3 (USEEIO), purchaser price, 2022 USD","v1.3.0, NAICS-6, with margins",US federal work — public domain,2026-09-25
epa.useeio.v1_3.naics562219,Purchased goods and services — Other Nonhazardous Waste Treatment and Disposal (spend-based),3,Purchased goods and services / NAICS 562219,USD,CO2e,0.988,,AR5 (EPA: 100-year GWPs from IPCC AR5),US,2022,"EPA Supply Chain GHG Emission Factors v1.3 (USEEIO), purchaser price, 2022 USD","v1.3.0, NAICS-6, with margins",US federal work — public domain,2026-09-25
epa.useeio.v1_3.naics562910,Purchased goods and services — Remediation Services (spend-based),3,Purchased goods and services / NAICS 562910,USD,CO2e,0.988,,AR5 (EPA: 100-year GWPs from IPCC AR5),US,2022,"EPA Supply Chain GHG Emission Factors v1.3 (USEEIO), purchaser price, 2022 USD","v1.3.0, NAICS-6, with margins",US federal work — public domain,2026-09-25
epa.useeio.v1_3.naics562920,Purchased goods and services — Materials Recovery Facilities (spend-based),3,Purchased goods and services / NAICS 562920,USD,CO2e,0.988,,AR5 (EPA: 100-year GWPs from IPCC AR5),US,2022,"EPA Supply Chain GHG Emission Factors v1.3 (USEEIO), purchaser price, 2022 USD","v1.3.0, NAICS-6, with margins",US federal work — public domain,2026-09-25
epa.useeio.v1_3.naics562991,Purchased goods and services — Septic Tank and Related Services (spend-based),3,Purchased goods and services / NAICS 562991,USD,CO2e,0.988,,AR5 (EPA: 100-year GWPs from IPCC AR5),US,2022,"EPA Supply Chain GHG Emission Factors v1.3 (USEEIO), purchaser price, 2022 USD","v1.3.0, NAICS-6, with margins",US federal work — public domain,2026-09-25
epa.useeio.v1_3.naics562998,Purchased goods and services — All Other Miscellaneous Waste Management Services (spend-based),3,Purchased goods and services / NAICS 562998,USD,CO2e,0.988,,AR5 (EPA: 100-year GWPs from IPCC AR5),US,2022,"EPA Supply Chain GHG Emission Factors v1.3 (USEEIO), purchaser price, 2022 USD","v1.3.0, NAICS-6, with margins",US federal work — public domain,2026-09-25
epa.useeio.v1_3.naics611110,Purchased goods and services — Elementary and Secondary Schools (spend-based),3,Purchased goods and services / NAICS 611110,USD,CO2e,0.186,,AR5 (EPA: 100-year GWPs from IPCC AR5),US,2022,"EPA Supply Chain GHG Emission Factors v1.3 (USEEIO), purchaser price, 2022 USD","v1.3.0, NAICS-6, with margins",US federal work — public domain,2026-09-25
epa.useeio.v1_3.naics611210,Purchased goods and services — Junior Colleges (spend-based),3,Purchased goods and services / NAICS 611210,USD,CO2e,0.14,,AR5 (EPA: 100-year GWPs from IPCC AR5),US,2022,"EPA Supply Chain GHG Emission Factors v1.3 (USEEIO), purchaser price, 2022 USD","v1.3.0, NAICS-6, with margins",US federal work — public domain,2026-09-25
epa.useeio.v1_3.naics611310,"Purchased goods and services — Colleges, Universities, and Professional Schools (spend-based)",3,Purchased goods and services / NAICS 611310,USD,CO2e,0.14,,AR5 (EPA: 100-year GWPs from IPCC AR5),US,2022,"EPA Supply Chain GHG Emission Factors v1.3 (USEEIO), purchaser price, 2022 USD","v1.3.0, NAICS-6, with margins",US federal work — public domain,2026-09-25
epa.useeio.v1_3.naics611410,Purchased goods and services — Business and Secretarial Schools (spend-based),3,Purchased goods and services / NAICS 611410,USD,CO2e,0.108,,AR5 (EPA: 100-year GWPs from IPCC AR5),US,2022,"EPA Supply Chain GHG Emission Factors v1.3 (USEEIO), purchaser price, 2022 USD","v1.3.0, NAICS-6, with margins",US federal work — public domain,2026-09-25
epa.useeio.v1_3.naics611420,Purchased goods and services — Computer Training (spend-based),3,Purchased goods and services / NAICS 611420,USD,CO2e,0.108,,AR5 (EPA: 100-year GWPs from IPCC AR5),US,2022,"EPA Supply Chain GHG Emission Factors v1.3 (USEEIO), purchaser price, 2022 USD","v1.3.0, NAICS-6, with margins",US federal work — public domain,2026-09-25
epa.useeio.v1_3.naics611430,Purchased goods and services — Professional and Management Development Training (spend-based),3,Purchased goods and services / NAICS 611430,USD,CO2e,0.108,,AR5 (EPA: 100-year GWPs from IPCC AR5),US,2022,"EPA Supply Chain GHG Emission Factors v1.3 (USEEIO), purchaser price, 2022 USD","v1.3.0, NAICS-6, with margins",US federal work — public domain,2026-09-25
epa.useeio.v1_3.naics611511,Purchased goods and services — Cosmetology and Barber Schools (spend-based),3,Purchased goods and services / NAICS 611511,USD,CO2e,0.108,,AR5 (EPA: 100-year GWPs from IPCC AR5),US,2022,"EPA Supply Chain GHG Emission Factors v1.3 (USEEIO), purchaser price, 2022 USD","v1.3.0, NAICS-6, with margins",US federal work — public domain,2026-09-25
epa.useeio.v1_3.naics611512,Purchased goods and services — Flight Training (spend-based),3,Purchased goods and services / NAICS 611512,USD,CO2e,0.108,,AR5 (EPA: 100-year GWPs from IPCC AR5),US,2022,"EPA Supply Chain GHG Emission Factors v1.3 (USEEIO), purchaser price, 2022 USD","v1.3.0, NAICS-6, with margins",US federal work — public domain,2026-09-25
epa.useeio.v1_3.naics611513,Purchased goods and services — Apprenticeship Training (spend-based),3,Purchased goods and services / NAICS 611513,USD,CO2e,0.108,,AR5 (EPA: 100-year GWPs from IPCC AR5),US,2022,"EPA Supply Chain GHG Emission Factors v1.3 (USEEIO), purchaser price, 2022 USD","v1.3.0, NAICS-6, with margins",US federal work — public domain,2026-09-25
epa.useeio.v1_3.naics611519,Purchased goods and services — Other Technical and Trade Schools (spend-based),3,Purchased goods and services / NAICS 611519,USD,CO2e,0.108,,AR5 (EPA: 100-year GWPs from IPCC AR5),US,2022,"EPA Supply Chain GHG Emission Factors v1.3 (USEEIO), purchaser price, 2022 USD","v1.3.0, NAICS-6, with margins",US federal work — public domain,2026-09-25
epa.useeio.v1_3.naics611610,Purchased goods and services — Fine Arts Schools (spend-based),3,Purchased goods and services / NAICS 611610,USD,CO2e,0.108,,AR5 (EPA: 100-year GWPs from IPCC AR5),US,2022,"EPA Supply Chain GHG Emission Factors v1.3 (USEEIO), purchaser price, 2022 USD","v1.3.0, NAICS-6, with margins",US federal work — public domain,2026-09-25
epa.useeio.v1_3.naics611620,Purchased goods and services — Sports and Recreation Instruction (spend-based),3,Purchased goods and services / NAICS 611620,USD,CO2e,0.108,,AR5 (EPA: 100-year GWPs from IPCC AR5),US,2022,"EPA Supply Chain GHG Emission Factors v1.3 (USEEIO), purchaser price, 2022 USD","v1.3.0, NAICS-6, with margins",US federal work — public domain,2026-09-25
epa.useeio.v1_3.naics611630,Purchased goods and services — Language Schools (spend-based),3,Purchased goods and services / NAICS 611630,USD,CO2e,0.108,,AR5 (EPA: 100-year GWPs from IPCC AR5),US,2022,"EPA Supply Chain GHG Emission Factors v1.3 (USEEIO), purchaser price, 2022 USD","v1.3.0, NAICS-6, with margins",US federal work — public domain,2026-09-25
epa.useeio.v1_3.naics611691,Purchased goods and services — Exam Preparation and Tutoring (spend-based),3,Purchased goods and services / NAICS 611691,USD,CO2e,0.108,,AR5 (EPA: 100-year GWPs from IPCC AR5),US,2022,"EPA Supply Chain GHG Emission Factors v1.3 (USEEIO), purchaser price, 2022 USD","v1.3.0, NAICS-6, with margins",US federal work — public domain,2026-09-25
epa.useeio.v1_3.naics611692,Purchased goods and services — Automobile Driving Schools (spend-based),3,Purchased goods and services / NAICS 611692,USD,CO2e,0.108,,AR5 (EPA: 100-year GWPs from IPCC AR5),US,2022,"EPA Supply Chain GHG Emission Factors v1.3 (USEEIO), purchaser price, 2022 USD","v1.3.0, NAICS-6, with margins",US federal work — public domain,2026-09-25
epa.useeio.v1_3.naics611699,Purchased goods and services — All Other Miscellaneous Schools and Instruction (spend-based),3,Purchased goods and services / NAICS 611699,USD,CO2e,0.108,,AR5 (EPA: 100-year GWPs from IPCC AR5),US,2022,"EPA Supply Chain GHG Emission Factors v1.3 (USEEIO), purchaser price, 2022 USD","v1.3.0, NAICS-6, with margins",US federal work — public domain,2026-09-25
epa.useeio.v1_3.naics611710,Purchased goods and services — Educational Support Services (spend-based),3,Purchased goods and services / NAICS 611710,USD,CO2e,0.108,,AR5 (EPA: 100-year GWPs from IPCC AR5),US,2022,"EPA Supply Chain GHG Emission Factors v1.3 (USEEIO), purchaser price, 2022 USD","v1.3.0, NAICS-6, with margins",US federal work — public domain,2026-09-25
epa.useeio.v1_3.naics621111,Purchased goods and services — Offices of Physicians (except Mental Health Specialists) (spend-based),3,Purchased goods and services / NAICS 621111,USD,CO2e,0.083,,AR5 (EPA: 100-year GWPs from IPCC AR5),US,2022,"EPA Supply Chain GHG Emission Factors v1.3 (USEEIO), purchaser price, 2022 USD","v1.3.0, NAICS-6, with margins",US federal work — public domain,2026-09-25
epa.useeio.v1_3.naics621112,"Purchased goods and services — Offices of Physicians, Mental Health Specialists (spend-based)",3,Purchased goods and services / NAICS 621112,USD,CO2e,0.083,,AR5 (EPA: 100-year GWPs from IPCC AR5),US,2022,"EPA Supply Chain GHG Emission Factors v1.3 (USEEIO), purchaser price, 2022 USD","v1.3.0, NAICS-6, with margins",US federal work — public domain,2026-09-25
epa.useeio.v1_3.naics621210,Purchased goods and services — Offices of Dentists (spend-based),3,Purchased goods and services / NAICS 621210,USD,CO2e,0.056,,AR5 (EPA: 100-year GWPs from IPCC AR5),US,2022,"EPA Supply Chain GHG Emission Factors v1.3 (USEEIO), purchaser price, 2022 USD","v1.3.0, NAICS-6, with margins",US federal work — public domain,2026-09-25
epa.useeio.v1_3.naics621310,Purchased goods and services — Offices of Chiropractors (spend-based),3,Purchased goods and services / NAICS 621310,USD,CO2e,0.105,,AR5 (EPA: 100-year GWPs from IPCC AR5),US,2022,"EPA Supply Chain GHG Emission Factors v1.3 (USEEIO), purchaser price, 2022 USD","v1.3.0, NAICS-6, with margins",US federal work — public domain,2026-09-25
epa.useeio.v1_3.naics621320,Purchased goods and services — Offices of Optometrists (spend-based),3,Purchased goods and services / NAICS 621320,USD,CO2e,0.105,,AR5 (EPA: 100-year GWPs from IPCC AR5),US,2022,"EPA Supply Chain GHG Emission Factors v1.3 (USEEIO), purchaser price, 2022 USD","v1.3.0, NAICS-6, with margins",US federal work — public domain,2026-09-25
epa.useeio.v1_3.naics621330,Purchased goods and services — Offices of Mental Health Practitioners (except Physicians) (spend-based),3,Purchased goods and services / NAICS 621330,USD,CO2e,0.105,,AR5 (EPA: 100-year GWPs from IPCC AR5),US,2022,"EPA Supply Chain GHG Emission Factors v1.3 (USEEIO), purchaser price, 2022 USD","v1.3.0, NAICS-6, with margins",US federal work — public domain,2026-09-25
epa.useeio.v1_3.naics621340,"Purchased goods and services — Offices of Physical, Occupational and Speech Therapists, and Audiologists (spend-based)",3,Purchased goods and services / NAICS 621340,USD,CO2e,0.105,,AR5 (EPA: 100-year GWPs from IPCC AR5),US,2022,"EPA Supply Chain GHG Emission Factors v1.3 (USEEIO), purchaser price, 2022 USD","v1.3.0, NAICS-6, with margins",US federal work — public domain,2026-09-25
epa.useeio.v1_3.naics621391,Purchased goods and services — Offices of Podiatrists (spend-based),3,Purchased goods and services / NAICS 621391,USD,CO2e,0.105,,AR5 (EPA: 100-year GWPs from IPCC AR5),US,2022,"EPA Supply Chain GHG Emission Factors v1.3 (USEEIO), purchaser price, 2022 USD","v1.3.0, NAICS-6, with margins",US federal work — public domain,2026-09-25
epa.useeio.v1_3.naics621399,Purchased goods and services — Offices of All Other Miscellaneous Health Practitioners (spend-based),3,Purchased goods and services / NAICS 621399,USD,CO2e,0.105,,AR5 (EPA: 100-year GWPs from IPCC AR5),US,2022,"EPA Supply Chain GHG Emission Factors v1.3 (USEEIO), purchaser price, 2022 USD","v1.3.0, NAICS-6, with margins",US federal work — public domain,2026-09-25
epa.useeio.v1_3.naics621410,Purchased goods and services — Family Planning Centers (spend-based),3,Purchased goods and services / NAICS 621410,USD,CO2e,0.096,,AR5 (EPA: 100-year GWPs from IPCC AR5),US,2022,"EPA Supply Chain GHG Emission Factors v1.3 (USEEIO), purchaser price, 2022 USD","v1.3.0, NAICS-6, with margins",US federal work — public domain,2026-09-25
epa.useeio.v1_3.naics621420,Purchased goods and services — Outpatient Mental Health and Substance Abuse Centers (spend-based),3,Purchased goods and services / NAICS 621420,USD,CO2e,0.096,,AR5 (EPA: 100-year GWPs from IPCC AR5),US,2022,"EPA Supply Chain GHG Emission Factors v1.3 (USEEIO), purchaser price, 2022 USD","v1.3.0, NAICS-6, with margins",US federal work — public domain,2026-09-25
epa.useeio.v1_3.naics621491,Purchased goods and services — HMO Medical Centers (spend-based),3,Purchased goods and services / NAICS 621491,USD,CO2e,0.096,,AR5 (EPA: 100-year GWPs from IPCC AR5),US,2022,"EPA Supply Chain GHG Emission Factors v1.3 (USEEIO), purchaser price, 2022 USD","v1.3.0, NAICS-6, with margins",US federal work — public domain,2026-09-25
epa.useeio.v1_3.naics621492,Purchased goods and services — Kidney Dialysis Centers (spend-based),3,Purchased goods and services / NAICS 621492,USD,CO2e,0.096,,AR5 (EPA: 100-year GWPs from IPCC AR5),US,2022,"EPA Supply Chain GHG Emission Factors v1.3 (USEEIO), purchaser price, 2022 USD","v1.3.0, NAICS-6, with margins",US federal work — public domain,2026-09-25
epa.useeio.v1_3.naics621493,Purchased goods and services — Freestanding Ambulatory Surgical and Emergency Centers (spend-based),3,Purchased goods and services / NAICS 621493,USD,CO2e,0.096,,AR5 (EPA: 100-year GWPs from IPCC AR5),US,2022,"EPA Supply Chain GHG Emission Factors v1.3 (USEEIO), purchaser price, 2022 USD","v1.3.0, NAICS-6, with margins",US federal work — public domain,2026-09-25
epa.useeio.v1_3.naics621498,Purchased goods and services — All Other Outpatient Care Centers (spend-based),3,Purchased goods and services / NAICS 621498,USD,CO2e,0.096,,AR5 (EPA: 100-year GWPs from IPCC AR5),US,2022,"EPA Supply Chain GHG Emission Factors v1.3 (USEEIO), purchaser price, 2022 USD","v1.3.0, NAICS-6, with margins",US federal work — public domain,2026-09-25
epa.useeio.v1_3.naics621511,Purchased goods and services — Medical Laboratories (spend-based),3,Purchased goods and services / NAICS 621511,USD,CO2e,0.092,,AR5 (EPA: 100-year GWPs from IPCC AR5),US,2022,"EPA Supply Chain GHG Emission Factors v1.3 (USEEIO), purchaser price, 2022 USD","v1.3.0, NAICS-6, with margins",US federal work — public domain,2026-09-25
epa.useeio.v1_3.naics621512,Purchased goods and services — Diagnostic Imaging Centers (spend-based),3,Purchased goods and services / NAICS 621512,USD,CO2e,0.092,,AR5 (EPA: 100-year GWPs from IPCC AR5),US,2022,"EPA Supply Chain GHG Emission Factors v1.3 (USEEIO), purchaser price, 2022 USD","v1.3.0, NAICS-6, with margins",US federal work — public domain,2026-09-25
epa.useeio.v1_3.naics621610,Purchased goods and services — Home Health Care Services (spend-based),3,Purchased goods and services / NAICS 621610,USD,CO2e,0.104,,AR5 (EPA: 100-year GWPs from IPCC AR5),US,2022,"EPA Supply Chain GHG Emission Factors v1.3 (USEEIO), purchaser price, 2022 USD","v1.3.0, NAICS-6, with margins",US federal work — public domain,2026-09-25
epa.useeio.v1_3.naics621910,Purchased goods and services — Ambulance Services (spend-based),3,Purchased goods and services / NAICS 621910,USD,CO2e,0.18,,AR5 (EPA: 100-year GWPs from IPCC AR5),US,2022,"EPA Supply Chain GHG Emission Factors v1.3 (USEEIO), purchaser price, 2022 USD","v1.3.0, NAICS-6, with margins",US federal work — public domain,2026-09-25
epa.useeio.v1_3.naics621991,Purchased goods and services — Blood and Organ Banks (spend-based),3,Purchased goods and services / NAICS 621991,USD,CO2e,0.18,,AR5 (EPA: 100-year GWPs from IPCC AR5),US,2022,"EPA Supply Chain GHG Emission Factors v1.3 (USEEIO), purchaser price, 2022 USD","v1.3.0, NAICS-6, with margins",US federal work — public domain,2026-09-25
epa.useeio.v1_3.naics621999,Purchased goods and services — All Other Miscellaneous Ambulatory Health Care Services (spend-based),3,Purchased goods and services / NAICS 621999,USD,CO2e,0.18,,AR5 (EPA: 100-year GWPs from IPCC AR5),US,2022,"EPA Supply Chain GHG Emission Factors v1.3 (USEEIO), purchaser price, 2022 USD","v1.3.0, NAICS-6, with margins",US federal work — public domain,2026-09-25
epa.useeio.v1_3.naics622110,Purchased goods and services — General Medical and Surgical Hospitals (spend-based),3,Purchased goods and services / NAICS 622110,USD,CO2e,0.145,,AR5 (EPA: 100-year GWPs from IPCC AR5),US,2022,"EPA Supply Chain GHG Emission Factors v1.3 (USEEIO), purchaser price, 2022 USD","v1.3.0, NAICS-6, with margins",US federal work — public domain,2026-09-25
epa.useeio.v1_3.naics622210,Purchased goods and services — Psychiatric and Substance Abuse Hospitals (spend-based),3,Purchased goods and services / NAICS 622210,USD,CO2e,0.145,,AR5 (EPA: 100-year GWPs from IPCC AR5),US,2022,"EPA Supply Chain GHG Emission Factors v1.3 (USEEIO), purchaser price, 2022 USD","v1.3.0, NAICS-6, with margins",US federal work — public domain,2026-09-25
epa.useeio.v1_3.naics622310,Purchased goods and services — Specialty (except Psychiatric and Substance Abuse) Hospitals (spend-based),3,Purchased goods and services / NAICS 622310,USD,CO2e,0.145,,AR5 (EPA: 100-year GWPs from IPCC AR5),US,2022,"EPA Supply Chain GHG Emission Factors v1.3 (USEEIO), purchaser price, 2022 USD","v1.3.0, NAICS-6, with margins",US federal work — public domain,2026-09-25
epa.useeio.v1_3.naics623110,Purchased goods and services — Nursing Care Facilities (Skilled Nursing Facilities) (spend-based),3,Purchased goods and services / NAICS 623110,USD,CO2e,0.159,,AR5 (EPA: 100-year GWPs from IPCC AR5),US,2022,"EPA Supply Chain GHG Emission Factors v1.3 (USEEIO), purchaser price, 2022 USD","v1.3.0, NAICS-6, with margins",US federal work — public domain,2026-09-25
epa.useeio.v1_3.naics623210,Purchased goods and services — Residential Intellectual and Developmental Disability Facilities (spend-based),3,Purchased goods and services / NAICS 623210,USD,CO2e,0.129,,AR5 (EPA: 100-year GWPs from IPCC AR5),US,2022,"EPA Supply Chain GHG Emission Factors v1.3 (USEEIO), purchaser price, 2022 USD","v1.3.0, NAICS-6, with margins",US federal work — public domain,2026-09-25
epa.useeio.v1_3.naics623220,Purchased goods and services — Residential Mental Health and Substance Abuse Facilities (spend-based),3,Purchased goods and services / NAICS 623220,USD,CO2e,0.129,,AR5 (EPA: 100-year GWPs from IPCC AR5),US,2022,"EPA Supply Chain GHG Emission Factors v1.3 (USEEIO), purchaser price, 2022 USD","v1.3.0, NAICS-6, with margins",US federal work — public domain,2026-09-25
epa.useeio.v1_3.naics623311,Purchased goods and services — Continuing Care Retirement Communities (spend-based),3,Purchased goods and services / NAICS 623311,USD,CO2e,0.159,,AR5 (EPA: 100-year GWPs from IPCC AR5),US,2022,"EPA Supply Chain GHG Emission Factors v1.3 (USEEIO), purchaser price, 2022 USD","v1.3.0, NAICS-6, with margins",US federal work — public domain,2026-09-25
epa.useeio.v1_3.naics623312,Purchased goods and services — Assisted Living Facilities for the Elderly (spend-based),3,Purchased goods and services / NAICS 623312,USD,CO2e,0.159,,AR5 (EPA: 100-year GWPs from IPCC AR5),US,2022,"EPA Supply Chain GHG Emission Factors v1.3 (USEEIO), purchaser price, 2022 USD","v1.3.0, NAICS-6, with margins",US federal work — public domain,2026-09-25
epa.useeio.v1_3.naics623990,Purchased goods and services — Other Residential Care Facilities (spend-based),3,Purchased goods and services / NAICS 623990,USD,CO2e,0.129,,AR5 (EPA: 100-year GWPs from IPCC AR5),US,2022,"EPA Supply Chain GHG Emission Factors v1.3 (USEEIO), purchaser price, 2022 USD","v1.3.0, NAICS-6, with margins",US federal work — public domain,2026-09-25
epa.useeio.v1_3.naics624110,Purchased goods and services — Child and Youth Services (spend-based),3,Purchased goods and services / NAICS 624110,USD,CO2e,0.118,,AR5 (EPA: 100-year GWPs from IPCC AR5),US,2022,"EPA Supply Chain GHG Emission Factors v1.3 (USEEIO), purchaser price, 2022 USD","v1.3.0, NAICS-6, with margins",US federal work — public domain,2026-09-25
epa.useeio.v1_3.naics624120,Purchased goods and services — Services for the Elderly and Persons with Disabilities (spend-based),3,Purchased goods and services / NAICS 624120,USD,CO2e,0.118,,AR5 (EPA: 100-year GWPs from IPCC AR5),US,2022,"EPA Supply Chain GHG Emission Factors v1.3 (USEEIO), purchaser price, 2022 USD","v1.3.0, NAICS-6, with margins",US federal work — public domain,2026-09-25
epa.useeio.v1_3.naics624190,Purchased goods and services — Other Individual and Family Services (spend-based),3,Purchased goods and services / NAICS 624190,USD,CO2e,0.118,,AR5 (EPA: 100-year GWPs from IPCC AR5),US,2022,"EPA Supply Chain GHG Emission Factors v1.3 (USEEIO), purchaser price, 2022 USD","v1.3.0, NAICS-6, with margins",US federal work — public domain,2026-09-25
epa.useeio.v1_3.naics624210,Purchased goods and services — Community Food Services (spend-based),3,Purchased goods and services / NAICS 624210,USD,CO2e,0.217,,AR5 (EPA: 100-year GWPs from IPCC AR5),US,2022,"EPA Supply Chain GHG Emission Factors v1.3 (USEEIO), purchaser price, 2022 USD","v1.3.0, NAICS-6, with margins",US federal work — public domain,2026-09-25
epa.useeio.v1_3.naics624221,Purchased goods and services — Temporary Shelters (spend-based),3,Purchased goods and services / NAICS 624221,USD,CO2e,0.217,,AR5 (EPA: 100-year GWPs from IPCC AR5),US,2022,"EPA Supply Chain GHG Emission Factors v1.3 (USEEIO), purchaser price, 2022 USD","v1.3.0, NAICS-6, with margins",US federal work — public domain,2026-09-25
epa.useeio.v1_3.naics624229,Purchased goods and services — Other Community Housing Services (spend-based),3,Purchased goods and services / NAICS 624229,USD,CO2e,0.217,,AR5 (EPA: 100-year GWPs from IPCC AR5),US,2022,"EPA Supply Chain GHG Emission Factors v1.3 (USEEIO), purchaser price, 2022 USD","v1.3.0, NAICS-6, with margins",US federal work — public domain,2026-09-25
epa.useeio.v1_3.naics624230,Purchased goods and services — Emergency and Other Relief Services (spend-based),3,Purchased goods and services / NAICS 624230,USD,CO2e,0.217,,AR5 (EPA: 100-year GWPs from IPCC AR5),US,2022,"EPA Supply Chain GHG Emission Factors v1.3 (USEEIO), purchaser price, 2022 USD","v1.3.0, NAICS-6, with margins",US federal work — public domain,2026-09-25
epa.useeio.v1_3.naics624310,Purchased goods and services — Vocational Rehabilitation Services (spend-based),3,Purchased goods and services / NAICS 624310,USD,CO2e,0.217,,AR5 (EPA: 100-year GWPs from IPCC AR5),US,2022,"EPA Supply Chain GHG Emission Factors v1.3 (USEEIO), purchaser price, 2022 USD","v1.3.0, NAICS-6, with margins",US federal work — public domain,2026-09-25
epa.useeio.v1_3.naics624410,Purchased goods and services — Child Day Care Services (spend-based),3,Purchased goods and services / NAICS 624410,USD,CO2e,0.215,,AR5 (EPA: 100-year GWPs from IPCC AR5),US,2022,"EPA Supply Chain GHG Emission Factors v1.3 (USEEIO), purchaser price, 2022 USD","v1.3.0, NAICS-6, with margins",US federal work — public domain,2026-09-25
epa.useeio.v1_3.naics711110,Purchased goods and services — Theater Companies and Dinner Theaters (spend-based),3,Purchased goods and services / NAICS 711110,USD,CO2e,0.086,,AR5 (EPA: 100-year GWPs from IPCC AR5),US,2022,"EPA Supply Chain GHG Emission Factors v1.3 (USEEIO), purchaser price, 2022 USD","v1.3.0, NAICS-6, with margins",US federal work — public domain,2026-09-25
epa.useeio.v1_3.naics711120,Purchased goods and services — Dance Companies (spend-based),3,Purchased goods and services / NAICS 711120,USD,CO2e,0.086,,AR5 (EPA: 100-year GWPs from IPCC AR5),US,2022,"EPA Supply Chain GHG Emission Factors v1.3 (USEEIO), purchaser price, 2022 USD","v1.3.0, NAICS-6, with margins",US federal work — public domain,2026-09-25
epa.useeio.v1_3.naics711130,Purchased goods and services — Musical Groups and Artists (spend-based),3,Purchased goods and services / NAICS 711130,USD,CO2e,0.086,,AR5 (EPA: 100-year GWPs from IPCC AR5),US,2022,"EPA Supply Chain GHG Emission Factors v1.3 (USEEIO), purchaser price, 2022 USD","v1.3.0, NAICS-6, with margins",US federal work — public domain,2026-09-25
epa.useeio.v1_3.naics711190,Purchased goods and services — Other Performing Arts Companies (spend-based),3,Purchased goods and services / NAICS 711190,USD,CO2e,0.086,,AR5 (EPA: 100-year GWPs from IPCC AR5),US,2022,"EPA Supply Chain GHG Emission Factors v1.3 (USEEIO), purchaser price, 2022 USD","v1.3.0, NAICS-6, with margins",US federal work — public domain,2026-09-25
epa.useeio.v1_3.naics711211,Purchased goods and services — Sports Teams and Clubs (spend-based),3,Purchased goods and services / NAICS 711211,USD,CO2e,0.067,,AR5 (EPA: 100-year GWPs from IPCC AR5),US,2022,"EPA Supply Chain GHG Emission Factors v1.3 (USEEIO), purchaser price, 2022 USD","v1.3.0, NAICS-6, with margins",US federal work — public domain,2026-09-25
epa.useeio.v1_3.naics711212,Purchased goods and services — Racetracks (spend-based),3,Purchased goods and services / NAICS 711212,USD,CO2e,0.067,,AR5 (EPA: 100-year GWPs from IPCC AR5),US,2022,"EPA Supply Chain GHG Emission Factors v1.3 (USEEIO), purchaser price, 2022 USD","v1.3.0, NAICS-6, with margins",US federal work — public domain,2026-09-25
epa.useeio.v1_3.naics711219,Purchased goods and services — Other Spectator Sports (spend-based),3,Purchased goods and services / NAICS 711219,USD,CO2e,0.067,,AR5 (EPA: 100-year GWPs from IPCC AR5),US,2022,"EPA Supply Chain GHG Emission Factors v1.3 (USEEIO), purchaser price, 2022 USD","v1.3.0, NAICS-6, with margins",US federal work — public domain,2026-09-25
epa.useeio.v1_3.naics711310,"Purchased goods and services — Promoters of Performing Arts, Sports, and Similar Events with Facilities (spend-based)",3,Purchased goods and services / NAICS 711310,USD,CO2e,0.093,,AR5 (EPA: 100-year GWPs from IPCC AR5),US,2022,"EPA Supply Chain GHG Emission Factors v1.3 (USEEIO), purchaser price, 2022 USD","v1.3.0, NAICS-6, with margins",US federal work — public domain,2026-09-25
epa.useeio.v1_3.naics711320,"Purchased goods and services — Promoters of Performing Arts, Sports, and Similar Events without Facilities (spend-based)",3,Purchased goods and services / NAICS 711320,USD,CO2e,0.093,,AR5 (EPA: 100-year GWPs from IPCC AR5),US,2022,"EPA Supply Chain GHG Emission Factors v1.3 (USEEIO), purchaser price, 2022 USD","v1.3.0, NAICS-6, with margins",US federal work — public domain,2026-09-25
epa.useeio.v1_3.naics711410,"Purchased goods and services — Agents and Managers for Artists, Athletes, Entertainers, and Other Public Figures (spend-based)",3,Purchased goods and services / NAICS 711410,USD,CO2e,0.093,,AR5 (EPA: 100-year GWPs from IPCC AR5),US,2022,"EPA Supply Chain GHG Emission Factors v1.3 (USEEIO), purchaser price, 2022 USD","v1.3.0, NAICS-6, with margins",US federal work — public domain,2026-09-25
epa.useeio.v1_3.naics711510,"Purchased goods and services — Independent Artists, Writers, and Performers (spend-based)",3,Purchased goods and services / NAICS 711510,USD,CO2e,0.033,,AR5 (EPA: 100-year GWPs from IPCC AR5),US,2022,"EPA Supply Chain GHG Emission Factors v1.3 (USEEIO), purchaser price, 2022 USD","v1.3.0, NAICS-6, with margins",US federal work — public domain,2026-09-25
epa.useeio.v1_3.naics712110,Purchased goods and services — Museums (spend-based),3,Purchased goods and services / NAICS 712110,USD,CO2e,0.136,,AR5 (EPA: 100-year GWPs from IPCC AR5),US,2022,"EPA Supply Chain GHG Emission Factors v1.3 (USEEIO), purchaser price, 2022 USD","v1.3.0, NAICS-6, with margins",US federal work — public domain,2026-09-25
epa.useeio.v1_3.naics712120,Purchased goods and services — Historical Sites (spend-based),3,Purchased goods and services / NAICS 712120,USD,CO2e,0.136,,AR5 (EPA: 100-year GWPs from IPCC AR5),US,2022,"EPA Supply Chain GHG Emission Factors v1.3 (USEEIO), purchaser price, 2022 USD","v1.3.0, NAICS-6, with margins",US federal work — public domain,2026-09-25
epa.useeio.v1_3.naics712130,Purchased goods and services — Zoos and Botanical Gardens (spend-based),3,Purchased goods and services / NAICS 712130,USD,CO2e,0.136,,AR5 (EPA: 100-year GWPs from IPCC AR5),US,2022,"EPA Supply Chain GHG Emission Factors v1.3 (USEEIO), purchaser price, 2022 USD","v1.3.0, NAICS-6, with margins",US federal work — public domain,2026-09-25
epa.useeio.v1_3.naics712190,Purchased goods and services — Nature Parks and Other Similar Institutions (spend-based),3,Purchased goods and services / NAICS 712190,USD,CO2e,0.136,,AR5 (EPA: 100-year GWPs from IPCC AR5),US,2022,"EPA Supply Chain GHG Emission Factors v1.3 (USEEIO), purchaser price, 2022 USD","v1.3.0, NAICS-6, with margins",US federal work — public domain,2026-09-25
epa.useeio.v1_3.naics713110,Purchased goods and services — Amusement and Theme Parks (spend-based),3,Purchased goods and services / NAICS 713110,USD,CO2e,0.167,,AR5 (EPA: 100-year GWPs from IPCC AR5),US,2022,"EPA Supply Chain GHG Emission Factors v1.3 (USEEIO), purchaser price, 2022 USD","v1.3.0, NAICS-6, with margins",US federal work — public domain,2026-09-25
epa.useeio.v1_3.naics713120,Purchased goods and services — Amusement Arcades (spend-based),3,Purchased goods and services / NAICS 713120,USD,CO2e,0.167,,AR5 (EPA: 100-year GWPs from IPCC AR5),US,2022,"EPA Supply Chain GHG Emission Factors v1.3 (USEEIO), purchaser price, 2022 USD","v1.3.0, NAICS-6, with margins",US federal work — public domain,2026-09-25
epa.useeio.v1_3.naics713210,Purchased goods and services — Casinos (except Casino Hotels) (spend-based),3,Purchased goods and services / NAICS 713210,USD,CO2e,0.174,,AR5 (EPA: 100-year GWPs from IPCC AR5),US,2022,"EPA Supply Chain GHG Emission Factors v1.3 (USEEIO), purchaser price, 2022 USD","v1.3.0, NAICS-6, with margins",US federal work — public domain,2026-09-25
epa.useeio.v1_3.naics713290,Purchased goods and services — Other Gambling Industries (spend-based),3,Purchased goods and services / NAICS 713290,USD,CO2e,0.174,,AR5 (EPA: 100-year GWPs from IPCC AR5),US,2022,"EPA Supply Chain GHG Emission Factors v1.3 (USEEIO), purchaser price, 2022 USD","v1.3.0, NAICS-6, with margins",US federal work — public domain,2026-09-25
epa.useeio.v1_3.naics713910,Purchased goods and services — Golf Courses and Country Clubs (spend-based),3,Purchased goods and services / NAICS 713910,USD,CO2e,0.235,,AR5 (EPA: 100-year GWPs from IPCC AR5),US,2022,"EPA Supply Chain GHG Emission Factors v1.3 (USEEIO), purchaser price, 2022 USD","v1.3.0, NAICS-6, with margins",US federal work — public domain,2026-09-25
epa.useeio.v1_3.naics713920,Purchased goods and services — Skiing Facilities (spend-based),3,Purchased goods and services / NAICS 713920,USD,CO2e,0.235,,AR5 (EPA: 100-year GWPs from IPCC AR5),US,2022,"EPA Supply Chain GHG Emission Factors v1.3 (USEEIO), purchaser price, 2022 USD","v1.3.0, NAICS-6, with margins",US federal work — public domain,2026-09-25
epa.useeio.v1_3.naics713930,Purchased goods and services — Marinas (spend-based),3,Purchased goods and services / NAICS 713930,USD,CO2e,0.235,,AR5 (EPA: 100-year GWPs from IPCC AR5),US,2022,"EPA Supply Chain GHG Emission Factors v1.3 (USEEIO), purchaser price, 2022 USD","v1.3.0, NAICS-6, with margins",US federal work — public domain,2026-09-25
epa.useeio.v1_3.naics713940,Purchased goods and services — Fitness and Recreational Sports Centers (spend-based),3,Purchased goods and services / NAICS 713940,USD,CO2e,0.235,,AR5 (EPA: 100-year GWPs from IPCC AR5),US,2022,"EPA Supply Chain GHG Emission Factors v1.3 (USEEIO), purchaser price, 2022 USD","v1.3.0, NAICS-6, with margins",US federal work — public domain,2026-09-25
epa.useeio.v1_3.naics713950,Purchased goods and services — Bowling Centers (spend-based),3,Purchased goods and services / NAICS 713950,USD,CO2e,0.235,,AR5 (EPA: 100-year GWPs from IPCC AR5),US,2022,"EPA Supply Chain GHG Emission Factors v1.3 (USEEIO), purchaser price, 2022 USD","v1.3.0, NAICS-6, with margins",US federal work — public domain,2026-09-25
epa.useeio.v1_3.naics713990,Purchased goods and services — All Other Amusement and Recreation Industries (spend-based),3,Purchased goods and services / NAICS 713990,USD,CO2e,0.235,,AR5 (EPA: 100-year GWPs from IPCC AR5),US,2022,"EPA Supply Chain GHG Emission Factors v1.3 (USEEIO), purchaser price, 2022 USD","v1.3.0, NAICS-6, with margins",US federal work — public domain,2026-09-25
epa.useeio.v1_3.naics721110,Purchased goods and services — Hotels (except Casino Hotels) and Motels (spend-based),3,Purchased goods and services / NAICS 721110,USD,CO2e,0.145,,AR5 (EPA: 100-year GWPs from IPCC AR5),US,2022,"EPA Supply Chain GHG Emission Factors v1.3 (USEEIO), purchaser price, 2022 USD","v1.3.0, NAICS-6, with margins",US federal work — public domain,2026-09-25
epa.useeio.v1_3.naics721120,Purchased goods and services — Casino Hotels (spend-based),3,Purchased goods and services / NAICS 721120,USD,CO2e,0.145,,AR5 (EPA: 100-year GWPs from IPCC AR5),US,2022,"EPA Supply Chain GHG Emission Factors v1.3 (USEEIO), purchaser price, 2022 USD","v1.3.0, NAICS-6, with margins",US federal work — public domain,2026-09-25
epa.useeio.v1_3.naics721191,Purchased goods and services — Bed-and-Breakfast Inns (spend-based),3,Purchased goods and services / NAICS 721191,USD,CO2e,0.145,,AR5 (EPA: 100-year GWPs from IPCC AR5),US,2022,"EPA Supply Chain GHG Emission Factors v1.3 (USEEIO), purchaser price, 2022 USD","v1.3.0, NAICS-6, with margins",US federal work — public domain,2026-09-25
epa.useeio.v1_3.naics721199,Purchased goods and services — All Other Traveler Accommodation (spend-based),3,Purchased goods and services / NAICS 721199,USD,CO2e,0.145,,AR5 (EPA: 100-year GWPs from IPCC AR5),US,2022,"EPA Supply Chain GHG Emission Factors v1.3 (USEEIO), purchaser price, 2022 USD","v1.3.0, NAICS-6, with margins",US federal work — public domain,2026-09-25
epa.useeio.v1_3.naics721211,Purchased goods and services — RV (Recreational Vehicle) Parks and Campgrounds (spend-based),3,Purchased goods and services / NAICS 721211,USD,CO2e,0.145,,AR5 (EPA: 100-year GWPs from IPCC AR5),US,2022,"EPA Supply Chain GHG Emission Factors v1.3 (USEEIO), purchaser price, 2022 USD","v1.3.0, NAICS-6, with margins",US federal work — public domain,2026-09-25
epa.useeio.v1_3.naics721214,Purchased goods and services — Recreational and Vacation Camps (except Campgrounds) (spend-based),3,Purchased goods and services / NAICS 721214,USD,CO2e,0.145,,AR5 (EPA: 100-year GWPs from IPCC AR5),US,2022,"EPA Supply Chain GHG Emission Factors v1.3 (USEEIO), purchaser price, 2022 USD","v1.3.0, NAICS-6, with margins",US federal work — public domain,2026-09-25
epa.useeio.v1_3.naics721310,"Purchased goods and services — Rooming and Boarding Houses, Dormitories, and Workers' Camps (spend-based)",3,Purchased goods and services / NAICS 721310,USD,CO2e,0.145,,AR5 (EPA: 100-year GWPs from IPCC AR5),US,2022,"EPA Supply Chain GHG Emission Factors v1.3 (USEEIO), purchaser price, 2022 USD","v1.3.0, NAICS-6, with margins",US federal work — public domain,2026-09-25
epa.useeio.v1_3.naics722310,Purchased goods and services — Food Service Contractors (spend-based),3,Purchased goods and services / NAICS 722310,USD,CO2e,0.132,,AR5 (EPA: 100-year GWPs from IPCC AR5),US,2022,"EPA Supply Chain GHG Emission Factors v1.3 (USEEIO), purchaser price, 2022 USD","v1.3.0, NAICS-6, with margins",US federal work — public domain,2026-09-25
epa.useeio.v1_3.naics722320,Purchased goods and services — Caterers (spend-based),3,Purchased goods and services / NAICS 722320,USD,CO2e,0.132,,AR5 (EPA: 100-year GWPs from IPCC AR5),US,2022,"EPA Supply Chain GHG Emission Factors v1.3 (USEEIO), purchaser price, 2022 USD","v1.3.0, NAICS-6, with margins",US federal work — public domain,2026-09-25
epa.useeio.v1_3.naics722330,Purchased goods and services — Mobile Food Services (spend-based),3,Purchased goods and services / NAICS 722330,USD,CO2e,0.132,,AR5 (EPA: 100-year GWPs from IPCC AR5),US,2022,"EPA Supply Chain GHG Emission Factors v1.3 (USEEIO), purchaser price, 2022 USD","v1.3.0, NAICS-6, with margins",US federal work — public domain,2026-09-25
epa.useeio.v1_3.naics722410,Purchased goods and services — Drinking Places (Alcoholic Beverages) (spend-based),3,Purchased goods and services / NAICS 722410,USD,CO2e,0.132,,AR5 (EPA: 100-year GWPs from IPCC AR5),US,2022,"EPA Supply Chain GHG Emission Factors v1.3 (USEEIO), purchaser price, 2022 USD","v1.3.0, NAICS-6, with margins",US federal work — public domain,2026-09-25
epa.useeio.v1_3.naics722511,Purchased goods and services — Full-Service Restaurants (spend-based),3,Purchased goods and services / NAICS 722511,USD,CO2e,0.194,,AR5 (EPA: 100-year GWPs from IPCC AR5),US,2022,"EPA Supply Chain GHG Emission Factors v1.3 (USEEIO), purchaser price, 2022 USD","v1.3.0, NAICS-6, with margins",US federal work — public domain,2026-09-25
epa.useeio.v1_3.naics722513,Purchased goods and services — Limited-Service Restaurants (spend-based),3,Purchased goods and services / NAICS 722513,USD,CO2e,0.255,,AR5 (EPA: 100-year GWPs from IPCC AR5),US,2022,"EPA Supply Chain GHG Emission Factors v1.3 (USEEIO), purchaser price, 2022 USD","v1.3.0, NAICS-6, with margins",US federal work — public domain,2026-09-25
epa.useeio.v1_3.naics722514,"Purchased goods and services — Cafeterias, Grill Buffets, and Buffets (spend-based)",3,Purchased goods and services / NAICS 722514,USD,CO2e,0.132,,AR5 (EPA: 100-year GWPs from IPCC AR5),US,2022,"EPA Supply Chain GHG Emission Factors v1.3 (USEEIO), purchaser price, 2022 USD","v1.3.0, NAICS-6, with margins",US federal work — public domain,2026-09-25
epa.useeio.v1_3.naics722515,Purchased goods and services — Snack and Nonalcoholic Beverage Bars (spend-based),3,Purchased goods and services / NAICS 722515,USD,CO2e,0.132,,AR5 (EPA: 100-year GWPs from IPCC AR5),US,2022,"EPA Supply Chain GHG Emission Factors v1.3 (USEEIO), purchaser price, 2022 USD","v1.3.0, NAICS-6, with margins",US federal work — public domain,2026-09-25
epa.useeio.v1_3.naics811111,Purchased goods and services — General Automotive Repair (spend-based),3,Purchased goods and services / NAICS 811111,USD,CO2e,0.103,,AR5 (EPA: 100-year GWPs from IPCC AR5),US,2022,"EPA Supply Chain GHG Emission Factors v1.3 (USEEIO), purchaser price, 2022 USD","v1.3.0, NAICS-6, with margins",US federal work — public domain,2026-09-25
epa.useeio.v1_3.naics811112,Purchased goods and services — Automotive Exhaust System Repair (spend-based),3,Purchased goods and services / NAICS 811112,USD,CO2e,0.103,,AR5 (EPA: 100-year GWPs from IPCC AR5),US,2022,"EPA Supply Chain GHG Emission Factors v1.3 (USEEIO), purchaser price, 2022 USD","v1.3.0, NAICS-6, with margins",US federal work — public domain,2026-09-25
epa.useeio.v1_3.naics811113,Purchased goods and services — Automotive Transmission Repair (spend-based),3,Purchased goods and services / NAICS 811113,USD,CO2e,0.103,,AR5 (EPA: 100-year GWPs from IPCC AR5),US,2022,"EPA Supply Chain GHG Emission Factors v1.3 (USEEIO), purchaser price, 2022 USD","v1.3.0, NAICS-6, with margins",US federal work — public domain,2026-09-25
epa.useeio.v1_3.naics811118,Purchased goods and services — Other Automotive Mechanical and Electrical Repair and Maintenance (spend-based),3,Purchased goods and services / NAICS 811118,USD,CO2e,0.103,,AR5 (EPA: 100-year GWPs from IPCC AR5),US,2022,"EPA Supply Chain GHG Emission Factors v1.3 (USEEIO), purchaser price, 2022 USD","v1.3.0, NAICS-6, with margins",US federal work — public domain,2026-09-25
epa.useeio.v1_3.naics811121,"Purchased goods and services — Automotive Body, Paint, and Interior Repair and Maintenance (spend-based)",3,Purchased goods and services / NAICS 811121,USD,CO2e,0.103,,AR5 (EPA: 100-year GWPs from IPCC AR5),US,2022,"EPA Supply Chain GHG Emission Factors v1.3 (USEEIO), purchaser price, 2022 USD","v1.3.0, NAICS-6, with margins",US federal work — public domain,2026-09-25
epa.useeio.v1_3.naics811122,Purchased goods and services — Automotive Glass Replacement Shops (spend-based),3,Purchased goods and services / NAICS 811122,USD,CO2e,0.103,,AR5 (EPA: 100-year GWPs from IPCC AR5),US,2022,"EPA Supply Chain GHG Emission Factors v1.3 (USEEIO), purchaser price, 2022 USD","v1.3.0, NAICS-6, with margins",US federal work — public domain,2026-09-25
epa.useeio.v1_3.naics811191,Purchased goods and services — Automotive Oil Change and Lubrication Shops (spend-based),3,Purchased goods and services / NAICS 811191,USD,CO2e,0.103,,AR5 (EPA: 100-year GWPs from IPCC AR5),US,2022,"EPA Supply Chain GHG Emission Factors v1.3 (USEEIO), purchaser price, 2022 USD","v1.3.0, NAICS-6, with margins",US federal work — public domain,2026-09-25
epa.useeio.v1_3.naics811192,Purchased goods and services — Car Washes (spend-based),3,Purchased goods and services / NAICS 811192,USD,CO2e,0.103,,AR5 (EPA: 100-year GWPs from IPCC AR5),US,2022,"EPA Supply Chain GHG Emission Factors v1.3 (USEEIO), purchaser price, 2022 USD","v1.3.0, NAICS-6, with margins",US federal work — public domain,2026-09-25
epa.useeio.v1_3.naics811198,Purchased goods and services — All Other Automotive Repair and Maintenance (spend-based),3,Purchased goods and services / NAICS 811198,USD,CO2e,0.103,,AR5 (EPA: 100-year GWPs from IPCC AR5),US,2022,"EPA Supply Chain GHG Emission Factors v1.3 (USEEIO), purchaser price, 2022 USD","v1.3.0, NAICS-6, with margins",US federal work — public domain,2026-09-25
epa.useeio.v1_3.naics811211,Purchased goods and services — Consumer Electronics Repair and Maintenance (spend-based),3,Purchased goods and services / NAICS 811211,USD,CO2e,0.076,,AR5 (EPA: 100-year GWPs from IPCC AR5),US,2022,"EPA Supply Chain GHG Emission Factors v1.3 (USEEIO), purchaser price, 2022 USD","v1.3.0, NAICS-6, with margins",US federal work — public domain,2026-09-25
epa.useeio.v1_3.naics811212,Purchased goods and services — Computer and Office Machine Repair and Maintenance (spend-based),3,Purchased goods and services / NAICS 811212,USD,CO2e,0.076,,AR5 (EPA: 100-year GWPs from IPCC AR5),US,2022,"EPA Supply Chain GHG Emission Factors v1.3 (USEEIO), purchaser price, 2022 USD","v1.3.0, NAICS-6, with margins",US federal work — public domain,2026-09-25
epa.useeio.v1_3.naics811213,Purchased goods and services — Communication Equipment Repair and Maintenance (spend-based),3,Purchased goods and services / NAICS 811213,USD,CO2e,0.076,,AR5 (EPA: 100-year GWPs from IPCC AR5),US,2022,"EPA Supply Chain GHG Emission Factors v1.3 (USEEIO), purchaser price, 2022 USD","v1.3.0, NAICS-6, with margins",US federal work — public domain,2026-09-25
epa.useeio.v1_3.naics811219,Purchased goods and services — Other Electronic and Precision Equipment Repair and Maintenance (spend-based),3,Purchased goods and services / NAICS 811219,USD,CO2e,0.076,,AR5 (EPA: 100-year GWPs from IPCC AR5),US,2022,"EPA Supply Chain GHG Emission Factors v1.3 (USEEIO), purchaser price, 2022 USD","v1.3.0, NAICS-6, with margins",US federal work — public domain,2026-09-25
epa.useeio.v1_3.naics811310,Purchased goods and services — Commercial and Industrial Machinery and Equipment (except Automotive and Electronic) Repair and Maintenance (spend-based),3,Purchased goods and services / NAICS 811310,USD,CO2e,0.136,,AR5 (EPA: 100-year GWPs from IPCC AR5),US,2022,"EPA Supply Chain GHG Emission Factors v1.3 (USEEIO), purchaser price, 2022 USD","v1.3.0, NAICS-6, with margins",US federal work — public domain,2026-09-25
epa.useeio.v1_3.naics811411,Purchased goods and services — Home and Garden Equipment Repair and Maintenance (spend-based),3,Purchased goods and services / NAICS 811411,USD,CO2e,0.113,,AR5 (EPA: 100-year GWPs from IPCC AR5),US,2022,"EPA Supply Chain GHG Emission Factors v1.3 (USEEIO), purchaser price, 2022 USD","v1.3.0, NAICS-6, with margins",US federal work — public domain,2026-09-25
epa.useeio.v1_3.naics811412,Purchased goods and services — Appliance Repair and Maintenance (spend-based),3,Purchased goods and services / NAICS 811412,USD,CO2e,0.113,,AR5 (EPA: 100-year GWPs from IPCC AR5),US,2022,"EPA Supply Chain GHG Emission Factors v1.3 (USEEIO), purchaser price, 2022 USD","v1.3.0, NAICS-6, with margins",US federal work — public domain,2026-09-25
epa.useeio.v1_3.naics811420,Purchased goods and services — Reupholstery and Furniture Repair (spend-based),3,Purchased goods and services / NAICS 811420,USD,CO2e,0.113,,AR5 (EPA: 100-year GWPs from IPCC AR5),US,2022,"EPA Supply Chain GHG Emission Factors v1.3 (USEEIO), purchaser price, 2022 USD","v1.3.0, NAICS-6, with margins",US federal work — public domain,2026-09-25
epa.useeio.v1_3.naics811430,Purchased goods and services — Footwear and Leather Goods Repair (spend-based),3,Purchased goods and services / NAICS 811430,USD,CO2e,0.113,,AR5 (EPA: 100-year GWPs from IPCC AR5),US,2022,"EPA Supply Chain GHG Emission Factors v1.3 (USEEIO), purchaser price, 2022 USD","v1.3.0, NAICS-6, with margins",US federal work — public domain,2026-09-25
epa.useeio.v1_3.naics811490,Purchased goods and services — Other Personal and Household Goods Repair and Maintenance (spend-based),3,Purchased goods and services / NAICS 811490,USD,CO2e,0.113,,AR5 (EPA: 100-year GWPs from IPCC AR5),US,2022,"EPA Supply Chain GHG Emission Factors v1.3 (USEEIO), purchaser price, 2022 USD","v1.3.0, NAICS-6, with margins",US federal work — public domain,2026-09-25
epa.useeio.v1_3.naics812111,Purchased goods and services — Barber Shops (spend-based),3,Purchased goods and services / NAICS 812111,USD,CO2e,0.125,,AR5 (EPA: 100-year GWPs from IPCC AR5),US,2022,"EPA Supply Chain GHG Emission Factors v1.3 (USEEIO), purchaser price, 2022 USD","v1.3.0, NAICS-6, with margins",US federal work — public domain,2026-09-25
epa.useeio.v1_3.naics812112,Purchased goods and services — Beauty Salons (spend-based),3,Purchased goods and services / NAICS 812112,USD,CO2e,0.125,,AR5 (EPA: 100-year GWPs from IPCC AR5),US,2022,"EPA Supply Chain GHG Emission Factors v1.3 (USEEIO), purchaser price, 2022 USD","v1.3.0, NAICS-6, with margins",US federal work — public domain,2026-09-25
epa.useeio.v1_3.naics812113,Purchased goods and services — Nail Salons (spend-based),3,Purchased goods and services / NAICS 812113,USD,CO2e,0.125,,AR5 (EPA: 100-year GWPs from IPCC AR5),US,2022,"EPA Supply Chain GHG Emission Factors v1.3 (USEEIO), purchaser price, 2022 USD","v1.3.0, NAICS-6, with margins",US federal work — public domain,2026-09-25
epa.useeio.v1_3.naics812191,Purchased goods and services — Diet and Weight Reducing Centers (spend-based),3,Purchased goods and services / NAICS 812191,USD,CO2e,0.125,,AR5 (EPA: 100-year GWPs from IPCC AR5),US,2022,"EPA Supply Chain GHG Emission Factors v1.3 (USEEIO), purchaser price, 2022 USD","v1.3.0, NAICS-6, with margins",US federal work — public domain,2026-09-25
epa.useeio.v1_3.naics812199,Purchased goods and services — Other Personal Care Services (spend-based),3,Purchased goods and services / NAICS 812199,USD,CO2e,0.125,,AR5 (EPA: 100-year GWPs from IPCC AR5),US,2022,"EPA Supply Chain GHG Emission Factors v1.3 (USEEIO), purchaser price, 2022 USD","v1.3.0, NAICS-6, with margins",US federal work — public domain,2026-09-25
epa.useeio.v1_3.naics812210,Purchased goods and services — Funeral Homes and Funeral Services (spend-based),3,Purchased goods and services / NAICS 812210,USD,CO2e,0.047,,AR5 (EPA: 100-year GWPs from IPCC AR5),US,2022,"EPA Supply Chain GHG Emission Factors v1.3 (USEEIO), purchaser price, 2022 USD","v1.3.0, NAICS-6, with margins",US federal work — public domain,2026-09-25
epa.useeio.v1_3.naics812220,Purchased goods and services — Cemeteries and Crematories (spend-based),3,Purchased goods and services / NAICS 812220,USD,CO2e,0.047,,AR5 (EPA: 100-year GWPs from IPCC AR5),US,2022,"EPA Supply Chain GHG Emission Factors v1.3 (USEEIO), purchaser price, 2022 USD","v1.3.0, NAICS-6, with margins",US federal work — public domain,2026-09-25
epa.useeio.v1_3.naics812310,Purchased goods and services — Coin-Operated Laundries and Drycleaners (spend-based),3,Purchased goods and services / NAICS 812310,USD,CO2e,0.158,,AR5 (EPA: 100-year GWPs from IPCC AR5),US,2022,"EPA Supply Chain GHG Emission Factors v1.3 (USEEIO), purchaser price, 2022 USD","v1.3.0, NAICS-6, with margins",US federal work — public domain,2026-09-25
epa.useeio.v1_3.naics812320,Purchased goods and services — Drycleaning and Laundry Services (except Coin-Operated) (spend-based),3,Purchased goods and services / NAICS 812320,USD,CO2e,0.158,,AR5 (EPA: 100-year GWPs from IPCC AR5),US,2022,"EPA Supply Chain GHG Emission Factors v1.3 (USEEIO), purchaser price, 2022 USD","v1.3.0, NAICS-6, with margins",US federal work — public domain,2026-09-25
epa.useeio.v1_3.naics812331,Purchased goods and services — Linen Supply (spend-based),3,Purchased goods and services / NAICS 812331,USD,CO2e,0.158,,AR5 (EPA: 100-year GWPs from IPCC AR5),US,2022,"EPA Supply Chain GHG Emission Factors v1.3 (USEEIO), purchaser price, 2022 USD","v1.3.0, NAICS-6, with margins",US federal work — public domain,2026-09-25
epa.useeio.v1_3.naics812332,Purchased goods and services — Industrial Launderers (spend-based),3,Purchased goods and services / NAICS 812332,USD,CO2e,0.158,,AR5 (EPA: 100-year GWPs from IPCC AR5),US,2022,"EPA Supply Chain GHG Emission Factors v1.3 (USEEIO), purchaser price, 2022 USD","v1.3.0, NAICS-6, with margins",US federal work — public domain,2026-09-25
epa.useeio.v1_3.naics812910,Purchased goods and services — Pet Care (except Veterinary) Services (spend-based),3,Purchased goods and services / NAICS 812910,USD,CO2e,0.111,,AR5 (EPA: 100-year GWPs from IPCC AR5),US,2022,"EPA Supply Chain GHG Emission Factors v1.3 (USEEIO), purchaser price, 2022 USD","v1.3.0, NAICS-6, with margins",US federal work — public domain,2026-09-25
epa.useeio.v1_3.naics812921,Purchased goods and services — Photofinishing Laboratories (except One-Hour) (spend-based),3,Purchased goods and services / NAICS 812921,USD,CO2e,0.111,,AR5 (EPA: 100-year GWPs from IPCC AR5),US,2022,"EPA Supply Chain GHG Emission Factors v1.3 (USEEIO), purchaser price, 2022 USD","v1.3.0, NAICS-6, with margins",US federal work — public domain,2026-09-25
epa.useeio.v1_3.naics812922,Purchased goods and services — One-Hour Photofinishing (spend-based),3,Purchased goods and services / NAICS 812922,USD,CO2e,0.111,,AR5 (EPA: 100-year GWPs from IPCC AR5),US,2022,"EPA Supply Chain GHG Emission Factors v1.3 (USEEIO), purchaser price, 2022 USD","v1.3.0, NAICS-6, with margins",US federal work — public domain,2026-09-25
epa.useeio.v1_3.naics812930,Purchased goods and services — Parking Lots and Garages (spend-based),3,Purchased goods and services / NAICS 812930,USD,CO2e,0.111,,AR5 (EPA: 100-year GWPs from IPCC AR5),US,2022,"EPA Supply Chain GHG Emission Factors v1.3 (USEEIO), purchaser price, 2022 USD","v1.3.0, NAICS-6, with margins",US federal work — public domain,2026-09-25
epa.useeio.v1_3.naics812990,Purchased goods and services — All Other Personal Services (spend-based),3,Purchased goods and services / NAICS 812990,USD,CO2e,0.111,,AR5 (EPA: 100-year GWPs from IPCC AR5),US,2022,"EPA Supply Chain GHG Emission Factors v1.3 (USEEIO), purchaser price, 2022 USD","v1.3.0, NAICS-6, with margins",US federal work — public domain,2026-09-25
epa.useeio.v1_3.naics813110,Purchased goods and services — Religious Organizations (spend-based),3,Purchased goods and services / NAICS 813110,USD,CO2e,0.076,,AR5 (EPA: 100-year GWPs from IPCC AR5),US,2022,"EPA Supply Chain GHG Emission Factors v1.3 (USEEIO), purchaser price, 2022 USD","v1.3.0, NAICS-6, with margins",US federal work — public domain,2026-09-25
epa.useeio.v1_3.naics813211,Purchased goods and services — Grantmaking Foundations (spend-based),3,Purchased goods and services / NAICS 813211,USD,CO2e,0.059,,AR5 (EPA: 100-year GWPs from IPCC AR5),US,2022,"EPA Supply Chain GHG Emission Factors v1.3 (USEEIO), purchaser price, 2022 USD","v1.3.0, NAICS-6, with margins",US federal work — public domain,2026-09-25
epa.useeio.v1_3.naics813212,Purchased goods and services — Voluntary Health Organizations (spend-based),3,Purchased goods and services / NAICS 813212,USD,CO2e,0.059,,AR5 (EPA: 100-year GWPs from IPCC AR5),US,2022,"EPA Supply Chain GHG Emission Factors v1.3 (USEEIO), purchaser price, 2022 USD","v1.3.0, NAICS-6, with margins",US federal work — public domain,2026-09-25
epa.useeio.v1_3.naics813219,Purchased goods and services — Other Grantmaking and Giving Services (spend-based),3,Purchased goods and services / NAICS 813219,USD,CO2e,0.059,,AR5 (EPA: 100-year GWPs from IPCC AR5),US,2022,"EPA Supply Chain GHG Emission Factors v1.3 (USEEIO), purchaser price, 2022 USD","v1.3.0, NAICS-6, with margins",US federal work — public domain,2026-09-25
epa.useeio.v1_3.naics813311,Purchased goods and services — Human Rights Organizations (spend-based),3,Purchased goods and services / NAICS 813311,USD,CO2e,0.059,,AR5 (EPA: 100-year GWPs from IPCC AR5),US,2022,"EPA Supply Chain GHG Emission Factors v1.3 (USEEIO), purchaser price, 2022 USD","v1.3.0, NAICS-6, with margins",US federal work — public domain,2026-09-25
epa.useeio.v1_3.naics813312,"Purchased goods and services — Environment, Conservation and Wildlife Organizations (spend-based)",3,Purchased goods and services / NAICS 813312,USD,CO2e,0.059,,AR5 (EPA: 100-year GWPs from IPCC AR5),US,2022,"EPA Supply Chain GHG Emission Factors v1.3 (USEEIO), purchaser price, 2022 USD","v1.3.0, NAICS-6, with margins",US federal work — public domain,2026-09-25
epa.useeio.v1_3.naics813319,Purchased goods and services — Other Social Advocacy Organizations (spend-based),3,Purchased goods and services / NAICS 813319,USD,CO2e,0.059,,AR5 (EPA: 100-year GWPs from IPCC AR5),US,2022,"EPA Supply Chain GHG Emission Factors v1.3 (USEEIO), purchaser price, 2022 USD","v1.3.0, NAICS-6, with margins",US federal work — public domain,2026-09-25
epa.useeio.v1_3.naics813410,Purchased goods and services — Civic and Social Organizations (spend-based),3,Purchased goods and services / NAICS 813410,USD,CO2e,0.128,,AR5 (EPA: 100-year GWPs from IPCC AR5),US,2022,"EPA Supply Chain GHG Emission Factors v1.3 (USEEIO), purchaser price, 2022 USD","v1.3.0, NAICS-6, with margins",US federal work — public domain,2026-09-25
epa.useeio.v1_3.naics813910,Purchased goods and services — Business Associations (spend-based),3,Purchased goods and services / NAICS 813910,USD,CO2e,0.128,,AR5 (EPA: 100-year GWPs from IPCC AR5),US,2022,"EPA Supply Chain GHG Emission Factors v1.3 (USEEIO), purchaser price, 2022 USD","v1.3.0, NAICS-6, with margins",US federal work — public domain,2026-09-25
epa.useeio.v1_3.naics813920,Purchased goods and services — Professional Organizations (spend-based),3,Purchased goods and services / NAICS 813920,USD,CO2e,0.128,,AR5 (EPA: 100-year GWPs from IPCC AR5),US,2022,"EPA Supply Chain GHG Emission Factors v1.3 (USEEIO), purchaser price, 2022 USD","v1.3.0, NAICS-6, with margins",US federal work — public domain,2026-09-25
epa.useeio.v1_3.naics813930,Purchased goods and services — Labor Unions and Similar Labor Organizations (spend-based),3,Purchased goods and services / NAICS 813930,USD,CO2e,0.128,,AR5 (EPA: 100-year GWPs from IPCC AR5),US,2022,"EPA Supply Chain GHG Emission Factors v1.3 (USEEIO), purchaser price, 2022 USD","v1.3.0, NAICS-6, with margins",US federal work — public domain,2026-09-25
epa.useeio.v1_3.naics813940,Purchased goods and services — Political Organizations (spend-based),3,Purchased goods and services / NAICS 813940,USD,CO2e,0.128,,AR5 (EPA: 100-year GWPs from IPCC AR5),US,2022,"EPA Supply Chain GHG Emission Factors v1.3 (USEEIO), purchaser price, 2022 USD","v1.3.0, NAICS-6, with margins",US federal work — public domain,2026-09-25
epa.useeio.v1_3.naics813990,"Purchased goods and services — Other Similar Organizations (except Business, Professional, Labor, and Political Organizations) (spend-based)",3,Purchased goods and services / NAICS 813990,USD,CO2e,0.128,,AR5 (EPA: 100-year GWPs from IPCC AR5),US,2022,"EPA Supply Chain GHG Emission Factors v1.3 (USEEIO), purchaser price, 2022 USD","v1.3.0, NAICS-6, with margins",US federal work — public domain,2026-09-25
